ID,Date,Rep,conc.ppm,air.ppm,chapter,P.water.atm,P.air.atm,water.Temp.C,air.Temp.C,k,type,air.C,water.Temp.K,air.Temp.K,conc.atm,air.atm,air.umol,water_umol.L,KH,water.ppm
13,2024-11-22,1,3437.45176681533,NA,stream,1.0420522591181274,0.9998911268372346,17.76,6.67,0.04165472732980405,CO2,510.1782148065815,290.90999999999997,279.82,3437.077520569623,NA,NA,NA,0.04154159856329602,NA
13,2024-11-22,2,1693.31408361143,NA,stream,1.0420522591181274,0.9998911268372346,17.76,6.67,0.04165472732980405,CO2,510.1782148065815,290.90999999999997,279.82,1693.129727151592,NA,NA,NA,0.04154159856329602,NA
3,2024-11-22,1,4441.18600210308,NA,stream,1.0485166031573219,1.0003606423516602,16.9,NA,0.04275883035727033,CO2,419.262971695632,290.04999999999995,NA,4442.787681867038,NA,NA,NA,0.0425702870806164,NA
3,2024-11-22,2,5187.30310801428,NA,stream,1.0485166031573219,1.0003606423516602,16.9,NA,0.04275883035727033,CO2,419.262971695632,290.04999999999995,NA,5189.173869205929,NA,NA,NA,0.0425702870806164,NA
5,2024-11-22,1,2637.81702836276,NA,stream,1.043855470876429,0.9998911268372346,18.04,6.67,0.041304515722323444,CO2,492.47375207814787,291.19,279.82,2637.529840880086,NA,NA,NA,0.041213355245526946,NA
5,2024-11-22,2,2597.99012134063,NA,stream,1.043855470876429,0.9998911268372346,18.04,6.67,0.041304515722323444,CO2,492.47375207814787,291.19,279.82,2597.7072699392866,NA,NA,NA,0.041213355245526946,NA
6,2024-11-22,1,7762.70445431739,NA,stream,1.0871121393576484,1.000578388677191,19.09,NA,0.04003013877327041,CO2,520.0967431971732,292.23999999999995,NA,7767.194314678148,NA,NA,NA,0.04001079219654072,NA
6,2024-11-22,2,66.4901710372386,NA,stream,1.0871121393576484,1.000578388677191,19.09,NA,0.04003013877327041,CO2,520.0967431971732,292.23999999999995,NA,66.52862819931103,NA,NA,NA,0.04001079219654072,NA
9,2024-11-22,1,1995.00964392766,NA,stream,1.0228837778987478,0.9998911268372346,15.28,6.67,0.04496149098514815,CO2,422.5652543609026,288.42999999999995,279.82,1994.792440917978,NA,NA,NA,0.044595405328667126,NA
9,2024-11-22,2,2546.51384853763,NA,stream,1.0228837778987478,0.9998911268372346,15.28,6.67,0.04496149098514815,CO2,422.5652543609026,288.42999999999995,279.82,2546.236601520914,NA,NA,NA,0.044595405328667126,NA
13,2024-12-13,1,1476.66029057187,532.950572013163,stream,1.0583356015242242,1.015657321720196,13.56,3.26,0.04749044156707977,CO2,532.950572013163,286.71,276.40999999999997,1499.780835812792,541.2951505801356,0.7160165400642959,88.3195223274817,0.046878012409811244,1884028733031288.5
13,2024-12-13,2,1948.82873970705,532.950572013163,stream,1.0583356015242242,1.015657321720196,13.56,3.26,0.04749044156707977,CO2,532.950572013163,286.71,276.40999999999997,1979.3421782622077,541.2951505801356,0.7160165400642959,119.83077272014754,0.046878012409811244,2556225542853173.5
15,2024-12-13,1,8984.18623989,533.131536378534,stream,1.0583151878062058,1.015657321720196,12.79,3.26,0.048691331654266756,CO2,533.131536378534,285.94,276.40999999999997,9124.854534242115,541.4789483627951,0.7162596648221483,600.7537100659995,0.047946716417564865,12529611096494578
15,2024-12-13,2,10422.1882937059,533.131536378534,stream,1.0583151878062058,1.015657321720196,12.79,3.26,0.048691331654266756,CO2,533.131536378534,285.94,276.40999999999997,10585.371848848914,541.4789483627951,0.7162596648221483,698.547665627415,0.047946716417564865,14569249321346812
3,2024-12-13,1,5756.28028408994,NA,stream,1.053320631464344,1.0003606423516602,12.5,NA,0.0491552480458918,CO2,419.262971695632,285.65,NA,5758.35624254841,NA,NA,NA,0.04835702503179905,NA
3,2024-12-13,2,5552.03103685131,NA,stream,1.053320631464344,1.0003606423516602,12.5,NA,0.0491552480458918,CO2,419.262971695632,285.65,NA,5554.033334380931,NA,NA,NA,0.04835702503179905,NA
5,2024-12-13,1,2918.25601706703,457.980057028154,stream,1.0621937942297224,1.015657321720196,15.38,3.26,0.044820663788829644,CO2,457.980057028154,288.53,276.40999999999997,2963.9480903881463,465.15079812247757,0.6152940123754079,177.71294193170561,0.04446698201500231,3996514579553626.5
5,2024-12-13,2,2947.12176351277,457.980057028154,stream,1.0621937942297224,1.015657321720196,15.38,3.26,0.044820663788829644,CO2,457.980057028154,288.53,276.40999999999997,2993.265797112681,465.15079812247757,0.6152940123754079,179.55772324376207,0.04446698201500231,4038001121442933.5
5,2024-12-13,3,523.254518455647,457.980057028154,stream,1.0621937942297224,1.015657321720196,15.38,3.26,0.044820663788829644,CO2,457.980057028154,288.53,276.40999999999997,531.4472827926534,465.15079812247757,0.6152940123754079,24.6507644026872,0.04446698201500231,554361085138868
6,2024-12-13,1,6711.32491886552,466.526092728555,stream,1.0999931954273272,1.000578388677191,16.24,NA,0.04363627936889008,CO2,466.526092728555,289.39,NA,6715.206673207542,466.7959261382034,NA,NA,0.04338126612627166,NA
6,2024-12-13,2,8885.39782650078,466.526092728555,stream,1.0999931954273272,1.000578388677191,16.24,NA,0.04363627936889008,CO2,466.526092728555,289.39,NA,8890.537039995967,466.7959261382034,NA,NA,0.04338126612627166,NA
9,2024-12-13,1,2426.47458136114,NA,stream,1.0371529667936854,1.015657321720196,11.04,3.26,0.05159248223513639,CO2,422.5652543609026,284.19,276.40999999999997,2464.4666745273894,NA,NA,NA,0.050490007550756826,NA
9,2024-12-13,2,2587.34724037552,NA,stream,1.0371529667936854,1.015657321720196,11.04,3.26,0.05159248223513639,CO2,422.5652543609026,284.19,276.40999999999997,2627.858168519941,NA,NA,NA,0.050490007550756826,NA
13,2025-01-04,1,481.2109721,487.4058576,stream,1.0525789330430049,1.0101115949918344,13.27,4.52,0.047937536439759676,CO2,487.4058576,286.41999999999996,277.66999999999996,486.0767825555021,492.33430822869894,0.648296698030469,22.90427719652912,0.04727701339666124,484469630184944.1
13,2025-01-04,3,2225.472526,487.4058576,stream,1.0525789330430049,1.0101115949918344,13.27,4.52,0.047937536439759676,CO2,487.4058576,286.41999999999996,277.66999999999996,2247.9756028483666,492.33430822869894,0.648296698030469,139.49621898396367,0.04727701339666124,2950614029138631.5
15,2025-01-04,1,6299.043967,468.0135169,stream,1.05419842133914,1.0101115949918344,13.17,4.52,0.048093149882941846,CO2,468.0135169,286.32,277.66999999999996,6362.7373484300615,472.7458800335969,0.6225030186011804,413.1857123515155,0.04741557467993211,8714134862661272
15,2025-01-04,3,9103.113784,468.0135169,stream,1.05419842133914,1.0101115949918344,13.17,4.52,0.048093149882941846,CO2,468.0135169,286.32,277.66999999999996,9195.160783748393,472.7458800335969,0.6225030186011804,601.0773835704629,0.04741557467993211,12676792122164434
5,2025-01-04,1,3771.33058,625.3288418,stream,1.0560832879695157,1.0101115949918344,14.52,4.52,0.04605364645611496,CO2,625.3288418,287.66999999999996,277.66999999999996,3809.46474740528,631.6519137849945,0.8317475405780954,232.72703597469703,0.04558660755868287,5105162424624632
5,2025-01-04,1,3771.33058,451.1662708,stream,1.0560832879695157,1.0101115949918344,14.52,4.52,0.04605364645611496,CO2,451.1662708,287.66999999999996,277.66999999999996,3809.46474740528,455.7282814043059,0.600094559927095,236.03636426971136,0.04558660755868287,5177756734055407
5,2025-01-04,2,2280.607153,625.3288418,stream,1.0560832879695157,1.0101115949918344,14.52,4.52,0.04605364645611496,CO2,625.3288418,287.66999999999996,277.66999999999996,2303.6677288666165,631.6519137849945,0.8317475405780954,136.03846062103844,0.04558660755868287,2984176009279006.5
5,2025-01-04,2,2280.607153,451.1662708,stream,1.0560832879695157,1.0101115949918344,14.52,4.52,0.04605364645611496,CO2,451.1662708,287.66999999999996,277.66999999999996,2303.6677288666165,455.7282814043059,0.600094559927095,139.34778891605274,0.04558660755868287,3056770318709780
6,2025-01-04,3,739.2566556,525.798988,stream,1.0898543821448015,1.000578388677191,15.76,NA,0.04429147974866616,CO2,525.798988,288.90999999999997,NA,739.6842332791372,526.1031041811377,NA,NA,0.04398313798460971,NA
9,2025-01-04,1,750.261657,517.8693072,stream,1.030443658138269,1.0101115949918344,10.36,4.52,0.052788417153546326,CO2,517.8693072,283.51,277.66999999999996,757.8479990134866,523.1057918931083,0.6888160177685286,44.12771218548312,0.05152313587053555,856464022228087.25
9,2025-01-04,3,3415.621319,517.8693072,stream,1.030443658138269,1.0101115949918344,10.36,4.52,0.052788417153546326,CO2,517.8693072,283.51,277.66999999999996,3450.158698423203,523.1057918931083,0.6888160177685286,235.8527879229504,0.05152313587053555,4577609338755857
6,2025-01-10,3,20730.969109999998,NA,stream,1.086370440936309,1.000578388677191,13.75,NA,0.04720085318698805,CO2,520.0967431971732,286.9,NA,20742.95966780042,NA,NA,NA,0.04661885870416473,NA
13,2025-01-27,1,2464.410719,NA,stream,1.059968698965705,1.011166303756124,11.43,7.18,0.050924382763870533,CO2,510.1782148065815,284.58,280.33,2491.929077668202,NA,NA,NA,0.0499090326113714,NA
13,2025-01-27,2,2252.386874,NA,stream,1.059968698965705,1.011166303756124,11.43,7.18,0.050924382763870533,CO2,510.1782148065815,284.58,280.33,2277.5377100113906,NA,NA,NA,0.0499090326113714,NA
15,2025-01-27,2,5226.587468,513.9154612,stream,1.0730198693522046,1.011166303756124,10.94,7.18,0.051765855969196736,CO2,513.9154612,284.09,280.33,5284.949131275639,519.6539973447277,0.6777778388042766,361.0667689309498,0.05064032091852012,7130025291741405
15,2025-01-27,3,5503.539561,513.9154612,stream,1.0730198693522046,1.011166303756124,10.94,7.18,0.051765855969196736,CO2,513.9154612,284.09,280.33,5564.993755471971,519.6539973447277,0.6777778388042766,380.7124359878812,0.05064032091852012,7517970444943359
3,2025-01-27,1,4829.948367,NA,stream,1.0870713119216113,1.0003606423516602,11.14,NA,0.051419956756661965,CO2,419.262971695632,284.28999999999996,NA,4831.690250937472,NA,NA,NA,0.05034024562744635,NA
3,2025-01-27,2,6635.411023,NA,stream,1.0870713119216113,1.0003606423516602,11.14,NA,0.051419956756661965,CO2,419.262971695632,284.28999999999996,NA,6637.804033235567,NA,NA,NA,0.05034024562744635,NA
3,2025-01-27,3,514.9235508,NA,stream,1.0870713119216113,1.0003606423516602,11.14,NA,0.051419956756661965,CO2,419.262971695632,284.28999999999996,NA,515.1092540402858,NA,NA,NA,0.05034024562744635,NA
5,2025-01-27,1,1959.386187,495.1245551,stream,1.0737819814915623,1.011166303756124,11.72,7.18,0.05043577708325822,CO2,495.1245551,284.87,280.33,1981.2652883395958,500.65326627936236,0.6529954364692832,126.92606919568459,0.049482380057971904,2565076074493229
5,2025-01-27,1,1796.164224,495.1245551,stream,1.0737819814915623,1.011166303756124,11.72,7.18,0.05043577708325822,CO2,495.1245551,284.87,280.33,1816.220739321067,500.65326627936236,0.6529954364692832,115.57570885471272,0.049482380057971904,2335694215179384
5a,2025-01-27,1,3811.251837,461.3251194,stream,1.0930525313010344,1.011166303756124,11.53,7.18,0.05075511704203595,CO2,461.3251194,284.67999999999995,280.33,3853.8094327030276,466.4764158135506,0.6084190222316994,257.61837149860634,0.04976139876521301,5177072548022928
5a,2025-01-27,2,5085.224667,461.3251194,stream,1.0930525313010344,1.011166303756124,11.53,7.18,0.05075511704203595,CO2,461.3251194,284.67999999999995,280.33,5142.007830299857,466.4764158135506,0.6084190222316994,346.63683849034567,0.04976139876521301,6965978591676388
6,2025-01-27,1,5734.721813,NA,stream,1.1180389221556888,1.000578388677191,11.53,NA,0.05075511704203595,CO2,520.0967431971732,284.67999999999995,NA,5738.03871116348,NA,NA,NA,0.04976139876521301,NA
6,2025-01-27,3,1012.849343,NA,stream,1.1180389221556888,1.000578388677191,11.53,NA,0.05075511704203595,CO2,520.0967431971732,284.67999999999995,NA,1013.4351635916915,NA,NA,NA,0.04976139876521301,NA
6,2025-01-27,2,6705.602907,NA,stream,1.1180389221556888,1.000578388677191,11.53,NA,0.05075511704203595,CO2,520.0967431971732,284.67999999999995,NA,6709.481351795149,NA,NA,NA,0.04976139876521301,NA
6a,2025-01-27,1,505.7419166,NA,stream,1.0772318998366903,1.000578388677191,9.57,NA,0.0542292641467068,CO2,NA,282.71999999999997,NA,506.0344319981424,NA,NA,NA,0.05275641771147486,NA
6a,2025-01-27,2,7409.462679,NA,stream,1.0772318998366903,1.000578388677191,9.57,NA,0.0542292641467068,CO2,NA,282.71999999999997,NA,7413.748228317603,NA,NA,NA,0.05275641771147486,NA
6a,2025-01-27,3,5994.789294,NA,stream,1.0772318998366903,1.000578388677191,9.57,NA,0.0542292641467068,CO2,NA,282.71999999999997,NA,5998.256612249796,NA,NA,NA,0.05275641771147486,NA
7,2025-01-27,1,540.0101218,NA,stream,1.0764833968426784,1.000578388677191,11.14,NA,0.051419956756661965,CO2,303.41721729197366,284.28999999999996,NA,540.3224575400177,NA,NA,NA,0.05034024562744635,NA
7,2025-01-27,1,519.7316384,NA,stream,1.0764833968426784,1.000578388677191,11.14,NA,0.051419956756661965,CO2,303.41721729197366,284.28999999999996,NA,520.0322452948285,NA,NA,NA,0.05034024562744635,NA
7,2025-01-27,2,6594.788906,NA,stream,1.0764833968426784,1.000578388677191,11.14,NA,0.051419956756661965,CO2,303.41721729197366,284.28999999999996,NA,6598.603257231695,NA,NA,NA,0.05034024562744635,NA
7,2025-01-27,3,7383.223406,NA,stream,1.0764833968426784,1.000578388677191,11.14,NA,0.051419956756661965,CO2,303.41721729197366,284.28999999999996,NA,7387.493778819203,NA,NA,NA,0.05034024562744635,NA
9,2025-01-27,1,3429.426877,598.1449647,stream,1.0464616222101253,1.011166303756124,10.06,7.18,0.053328931144392744,CO2,598.1449647,283.21,280.33,3467.7208992179976,604.8240330660362,0.7888639904302344,237.61619962840945,0.05198723042232679,4570664713201594
9,2025-01-27,2,2795.216334,598.1449647,stream,1.0464616222101253,1.011166303756124,10.06,7.18,0.053328931144392744,CO2,598.1449647,283.21,280.33,2826.4285686495236,604.8240330660362,0.7888639904302344,191.58928865444082,0.05198723042232679,3685314395439684.5
9,2025-02-20,1,3775.309089,7.746524804,stream,1.0333628198149156,1.0019393032117583,14.71,12.01,0.045776937064576854,CO2,7.746524804,287.85999999999996,285.15999999999997,3782.630558041678,7.761547664432363,0.009951817247768998,241.65190495583371,0.0453362671174455,5330211777908938
9,2025-02-20,2,3673.503622,7.746524804,stream,1.0333628198149156,1.0019393032117583,14.71,12.01,0.045776937064576854,CO2,7.746524804,287.85999999999996,285.15999999999997,3680.6276593725506,7.761547664432363,0.009951817247768998,235.1316550854105,0.0453362671174455,5186392044062474
13,2025-02-28,1,2832.55893034632,NA,stream,1.05095944474687,1.0014833968426784,16.24,14.52,0.04363627936889008,CO2,510.1782148065815,289.39,287.66999999999996,2836.760739320296,NA,NA,NA,0.04338126612627166,NA
13,2025-02-28,2,2824.52827805357,NA,stream,1.05095944474687,1.0014833968426784,16.24,14.52,0.04363627936889008,CO2,510.1782148065815,289.39,287.66999999999996,2828.7181743832903,NA,NA,NA,0.04338126612627166,NA
15,2025-02-28,1,5337.70080285508,448.926294685665,stream,1.05926102340773,1.0014833968426784,16.62,14.52,0.043127818761646744,CO2,448.926294685665,289.77,287.66999999999996,5345.618731373197,449.5922305337971,0.571435074217998,318.7398307608035,0.04291202007212935,7427751716769442
15,2025-02-28,2,5999.0960395157,448.926294685665,stream,1.05926102340773,1.0014833968426784,16.62,14.52,0.043127818761646744,CO2,448.926294685665,289.77,287.66999999999996,6007.9950796396415,449.5922305337971,0.571435074217998,359.24644962453823,0.04291202007212935,8371697464269757
3,2025-02-28,1,7168.31102179091,419.262971695632,stream,1.0710873707131192,1.0003606423516602,15.57,NA,0.044554898849630584,CO2,419.262971695632,288.71999999999997,NA,7170.8962183352405,419.41417567970836,NA,NA,0.044224239105989674,NA
3,2025-02-28,2,7321.19209099598,419.262971695632,stream,1.0710873707131192,1.0003606423516602,15.57,NA,0.044554898849630584,CO2,419.262971695632,288.71999999999997,NA,7323.832422928633,419.41417567970836,NA,NA,0.044224239105989674,NA
5,2025-02-28,1,3781.9362126,446.64245286573,stream,1.0588663581927056,1.0014833968426784,16.43,14.52,0.04338093224088993,CO2,446.64245286573,289.58,287.66999999999996,3787.546324836982,447.3050008701171,0.5685279882768847,224.50328508737073,0.04314585123691066,5203357417950567
5,2025-02-28,2,1641.74862956583,446.64245286573,stream,1.0588663581927056,1.0014833968426784,16.43,14.52,0.04338093224088993,CO2,446.64245286573,289.58,287.66999999999996,1644.1839942993995,447.3050008701171,0.5685279882768847,92.86135581913962,0.04314585123691066,2152266165969117.8
5a,2025-02-28,1,5878.94110689592,443.094975148564,stream,1.080736254763201,1.0014833968426784,15.57,14.52,0.044554898849630584,CO2,443.094975148564,288.71999999999997,287.66999999999996,5887.661909572182,443.75226083570607,0.5640124292272308,360.781824095529,0.044224239105989674,8158010886990369
5a,2025-02-28,2,1960.75922667711,443.094975148564,stream,1.080736254763201,1.0014833968426784,15.57,14.52,0.044554898849630584,CO2,443.094975148564,288.71999999999997,287.66999999999996,1963.6678107232153,443.75226083570607,0.5640124292272308,114.95883888968868,0.044224239105989674,2599453178022430
6,2025-02-28,1,6240.18817556409,570.816271264378,stream,1.099870713119216,1.000578388677191,15.38,NA,0.044820663788829644,CO2,570.816271264378,288.53,NA,6243.797429748378,571.1464249324337,NA,NA,0.04446698201500231,NA
6,2025-02-28,2,6677.55086042513,570.816271264378,stream,1.099870713119216,1.000578388677191,15.38,NA,0.044820663788829644,CO2,570.816271264378,288.53,NA,6681.413080234167,571.1464249324337,NA,NA,0.04446698201500231,NA
7,2025-02-28,1,8335.73246212176,422.334981155921,stream,1.0588255307566685,1.000578388677191,16.43,NA,0.04338093224088993,CO2,422.334981155921,289.58,NA,8340.553755393945,422.5792549270033,NA,NA,0.04314585123691066,NA
7,2025-02-28,2,7866.33170015932,422.334981155921,stream,1.0588255307566685,1.000578388677191,16.43,NA,0.04338093224088993,CO2,422.334981155921,289.58,NA,7870.881497345721,422.5792549270033,NA,NA,0.04314585123691066,NA
9,2025-02-28,1,3321.41735110645,476.712460300513,stream,1.030402830702232,1.0014833968426784,15.86,14.52,0.04415377175904303,CO2,476.712460300513,289.01,287.66999999999996,3326.3443311182987,477.4196140589882,0.6068038859768901,198.31925166524408,0.04385689768800309,4521962612952754
9,2025-02-28,2,3212.40554166081,476.712460300513,stream,1.030402830702232,1.0014833968426784,15.86,14.52,0.04415377175904303,CO2,476.712460300513,289.01,287.66999999999996,3217.170813898712,477.4196140589882,0.6068038859768901,191.52572926348057,0.04385689768800309,4367060584767987.5
15,2025-03-26,1,418.7928811,NA,stream,1.0603633641807295,1.0052259118127382,17.66,14.71,0.041780890138744683,CO2,490.99670229104976,290.81,287.85999999999996,420.98145576443113,NA,NA,NA,0.04165961503570377,NA
15,2025-03-26,2,494.8991358,NA,stream,1.0603633641807295,1.0052259118127382,17.66,14.71,0.041780890138744683,CO2,490.99670229104976,290.81,287.85999999999996,497.4854350398912,NA,NA,NA,0.04165961503570377,NA
15,2025-03-26,3,489.5503521,NA,stream,1.0603633641807295,1.0052259118127382,17.66,14.71,0.041780890138744683,CO2,490.99670229104976,290.81,287.85999999999996,492.10869906796955,NA,NA,NA,0.04165961503570377,NA
3,2025-03-26,1,2030.179131,NA,stream,1.066405824714208,1.0003606423516602,16.33,NA,0.04351504550500244,CO2,419.262971695632,289.47999999999996,NA,2030.9112995760954,NA,NA,NA,0.043269555595145066,NA
3,2025-03-26,1,2401.125837,NA,stream,1.066405824714208,1.0003606423516602,16.33,NA,0.04351504550500244,CO2,419.262971695632,289.47999999999996,NA,2401.991784668488,NA,NA,NA,0.043269555595145066,NA
3,2025-03-26,3,2330.465416,NA,stream,1.066405824714208,1.0003606423516602,16.33,NA,0.04351504550500244,CO2,419.262971695632,289.47999999999996,NA,2331.305880528089,NA,NA,NA,0.043269555595145066,NA
5,2025-03-26,1,2457.066499,495.8471824,stream,1.0569134458356015,1.0052259118127382,17.19,14.71,0.04238164272513146,CO2,495.8471824,290.34,287.85999999999996,2469.9069118418074,498.43843604781716,0.6331008154962304,140.0687148802458,0.04221990438817258,3317599054522834.5
5,2025-03-26,2,489.8971347,495.8471824,stream,1.0569134458356015,1.0052259118127382,17.19,14.71,0.04238164272513146,CO2,495.8471824,290.34,287.85999999999996,492.45729392325535,498.43843604781716,0.6331008154962304,20.68629294530442,0.04221990438817258,489965414301114.5
5a,2025-03-26,1,2986.103504,NA,stream,1.082056341861731,1.0052259118127382,16.24,14.71,0.04363627936889008,CO2,452.21004727428203,289.39,287.85999999999996,3001.7086175756126,NA,NA,NA,0.04338126612627166,NA
5a,2025-03-26,2,1132.874287,NA,stream,1.082056341861731,1.0052259118127382,16.24,14.71,0.04363627936889008,CO2,452.21004727428203,289.39,287.85999999999996,1138.794588118781,NA,NA,NA,0.04338126612627166,NA
5a,2025-03-26,3,1143.798331,NA,stream,1.082056341861731,1.0052259118127382,16.24,14.71,0.04363627936889008,CO2,452.21004727428203,289.39,287.85999999999996,1149.775720209363,NA,NA,NA,0.04338126612627166,NA
6,2025-03-26,3,3374.127133,NA,stream,1.1010955362003265,1.000578388677191,16.43,NA,0.04338093224088993,CO2,520.0967431971732,289.58,NA,3376.07868992913,NA,NA,NA,0.04314585123691066,NA
6,2025-03-26,1,488.5314498,NA,stream,1.1010955362003265,1.000578388677191,16.43,NA,0.04338093224088993,CO2,520.0967431971732,289.58,NA,488.8140108590161,NA,NA,NA,0.04314585123691066,NA
6,2025-03-26,2,411.4108715,NA,stream,1.1010955362003265,1.000578388677191,16.43,NA,0.04338093224088993,CO2,520.0967431971732,289.58,NA,411.6488268897489,NA,NA,NA,0.04314585123691066,NA
6a,2025-03-26,1,2534.123896,NA,stream,1.0595059880239521,1.000578388677191,15.66,NA,0.044429830524019116,CO2,NA,288.81,NA,2535.5896045680456,NA,NA,NA,0.044109829457563005,NA
6a,2025-03-26,2,371.1098496,NA,stream,1.0595059880239521,1.000578388677191,15.66,NA,0.044429830524019116,CO2,NA,288.81,NA,371.3244953350027,NA,NA,NA,0.044109829457563005,NA
7,2025-03-26,1,2294.640874,400.1344604,stream,1.0587302667392489,1.000578388677191,17.28,NA,0.04226560192471476,CO2,400.1344604,290.42999999999995,NA,2295.9680682997414,400.36589364124933,NA,NA,0.04211189375021586,NA
7,2025-03-26,2,3777.220447,400.1344604,stream,1.0587302667392489,1.000578388677191,17.28,NA,0.04226560192471476,CO2,400.1344604,290.42999999999995,NA,3779.4051485377995,400.36589364124933,NA,NA,0.04211189375021586,NA
9,2025-03-26,1,2552.910758,512.3530148,stream,1.031722917800762,1.0052259118127382,17.57,14.71,0.04189493021378055,CO2,512.3530148,290.71999999999997,287.85999999999996,2566.252044487099,515.0305264723354,0.6541755665965688,144.27481465113362,0.04176618618741392,3454344957515184.5
9,2025-03-26,2,491.3572364,512.3530148,stream,1.031722917800762,1.0052259118127382,17.57,14.71,0.04189493021378055,CO2,512.3530148,290.71999999999997,287.85999999999996,493.92502598597713,515.0305264723354,0.6541755665965688,20.221820693167455,0.04176618618741392,484167278343963.9
15,2025-04-16,1,3492.807809,NA,stream,1.04867991290147,1.0027218290691344,18.71,17.57,0.04048437052230016,CO2,490.99670229104976,291.85999999999996,290.71999999999997,3502.314634827436,NA,NA,NA,0.040440904310243095,NA
15,2025-04-16,2,4482.59868,NA,stream,1.04867991290147,1.0027218290691344,18.71,17.57,0.04048437052230016,CO2,490.99670229104976,291.85999999999996,290.71999999999997,4494.7995473924875,NA,NA,NA,0.040440904310243095,NA
3,2025-04-16,1,557.317553,NA,stream,1.0559948285247687,1.0003606423516602,17.57,NA,0.04189493021378055,CO2,419.262971695632,290.71999999999997,NA,557.5185453129354,NA,NA,NA,0.04176618618741392,NA
3,2025-04-16,2,4657.968127,NA,stream,1.0559948285247687,1.0003606423516602,17.57,NA,0.04189493021378055,CO2,419.262971695632,290.71999999999997,NA,4659.647987579279,NA,NA,NA,0.04176618618741392,NA
3,2025-04-16,3,27200.44525,NA,stream,1.0559948285247687,1.0003606423516602,17.57,NA,0.04189493021378055,CO2,419.262971695632,290.71999999999997,NA,27210.254882541165,NA,NA,NA,0.04176618618741392,NA
5,2025-04-16,3,6196.15337,NA,stream,1.0487819814915624,1.0027218290691344,18.33,17.57,0.040946467650901965,CO2,492.47375207814787,291.47999999999996,290.71999999999997,6213.018240359282,NA,NA,NA,0.040876779696696126,NA
5,2025-04-16,1,7627.548926,NA,stream,1.0487819814915624,1.0027218290691344,18.33,17.57,0.040946467650901965,CO2,492.47375207814787,291.47999999999996,290.71999999999997,7648.309810393032,NA,NA,NA,0.040876779696696126,NA
5,2025-04-16,2,NA,NA,stream,1.0487819814915624,1.0027218290691344,18.33,17.57,0.040946467650901965,CO2,492.47375207814787,291.47999999999996,290.71999999999997,NA,NA,NA,NA,0.040876779696696126,NA
6,2025-04-16,1,300.2148525,NA,stream,1.0926102340772998,1.000578388677191,18.14,NA,0.041180517737663964,CO2,520.0967431971732,291.28999999999996,NA,300.3884933714106,NA,NA,NA,0.04109690701067849,NA
6,2025-04-16,2,NA,NA,stream,1.0926102340772998,1.000578388677191,18.14,NA,0.041180517737663964,CO2,520.0967431971732,291.28999999999996,NA,NA,NA,NA,NA,0.04109690701067849,NA
6a,2025-04-16,3,1386.73462,NA,stream,1.045549809471965,1.000578388677191,17.76,NA,0.04165472732980405,CO2,NA,290.90999999999997,NA,1387.5366916024768,NA,NA,NA,0.04154159856329602,NA
6a,2025-04-16,1,NA,NA,stream,1.045549809471965,1.000578388677191,17.76,NA,0.04165472732980405,CO2,NA,290.90999999999997,NA,NA,NA,NA,NA,0.04154159856329602,NA
6a,2025-04-16,2,NA,NA,stream,1.045549809471965,1.000578388677191,17.76,NA,0.04165472732980405,CO2,NA,290.90999999999997,NA,NA,NA,NA,NA,0.04154159856329602,NA
7,2025-04-16,1,2531.904239,87.78221032,stream,1.0534703320631464,1.000578388677191,18.52,NA,0.04071442557988434,CO2,87.78221032,291.66999999999996,NA,2533.3686637435694,87.8329825565079,NA,NA,0.04065811594108159,NA
7,2025-04-16,2,NA,87.78221032,stream,1.0534703320631464,1.000578388677191,18.52,NA,0.04071442557988434,CO2,87.78221032,291.66999999999996,NA,NA,87.8329825565079,NA,NA,0.04065811594108159,NA
13,2025-08-13,1,553.794787809811,NA,stream,1.0503606423516603,1.002204681545999,25.22,25.51,0.033665607386820465,CO2,510.1782148065815,298.37,298.65999999999997,555.0157289587659,NA,NA,NA,0.03379879689837376,NA
13,2025-08-13,2,537.003436503069,NA,stream,1.0503606423516603,1.002204681545999,25.22,25.51,0.033665607386820465,CO2,510.1782148065815,298.37,298.65999999999997,538.1873580696654,NA,NA,NA,0.03379879689837376,NA
15,2025-08-13,1,521.018470862347,NA,stream,1.0646366358192705,1.002204681545999,25.42,25.51,0.03348509654817898,CO2,490.99670229104976,298.57,298.65999999999997,522.167150670182,NA,NA,NA,0.03361717355786616,NA
15,2025-08-13,2,524.555491478426,NA,stream,1.0646366358192705,1.002204681545999,25.42,25.51,0.03348509654817898,CO2,490.99670229104976,298.57,298.65999999999997,525.711969290341,NA,NA,NA,0.03361717355786616,NA
3,2025-08-13,1,538.879892727602,NA,stream,1.052408818726184,1.0003606423516602,23.77,NA,0.03502147566134638,CO2,419.262971695632,296.91999999999996,NA,539.0742356393778,NA,NA,NA,0.03515287465066478,NA
3,2025-08-13,2,532.166551648223,NA,stream,1.052408818726184,1.0003606423516602,23.77,NA,0.03502147566134638,CO2,419.262971695632,296.91999999999996,NA,532.3584734448843,NA,NA,NA,0.03515287465066478,NA
5,2025-08-13,1,549.057512727662,NA,stream,1.047924605334785,1.002204681545999,25.12,25.51,0.033756440717904644,CO2,492.47375207814787,298.27,298.65999999999997,550.2680096936648,NA,NA,NA,0.03389006804066091,NA
5,2025-08-13,2,542.98028301,NA,stream,1.047924605334785,1.002204681545999,25.12,25.51,0.033756440717904644,CO2,492.47375207814787,298.27,298.65999999999997,544.1773816197934,NA,NA,NA,0.03389006804066091,NA
6,2025-08-13,1,533.48308992184,NA,stream,1.088752041371802,1.000578388677191,23.97,NA,0.03482940789331862,CO2,520.0967431971732,297.12,NA,533.7916505005237,NA,NA,NA,0.03496213112481579,NA
6,2025-08-13,2,532.044431420579,NA,stream,1.088752041371802,1.000578388677191,23.97,NA,0.03482940789331862,CO2,520.0967431971732,297.12,NA,532.3521598954752,NA,NA,NA,0.03496213112481579,NA
7,2025-08-13,1,556.459625458737,NA,stream,1.05419842133914,1.000578388677191,24.93,NA,0.03393009430600523,CO2,303.41721729197366,298.08,NA,556.7814754054164,NA,NA,NA,0.0340643325988405,NA
7,2025-08-13,2,552.938832888484,NA,stream,1.05419842133914,1.000578388677191,24.93,NA,0.03393009430600523,CO2,303.41721729197366,298.08,NA,553.2586464486059,NA,NA,NA,0.0340643325988405,NA
13,2024-11-22,1,50.25270662692,NA,stream,1.0420522591181274,0.9998911268372346,17.76,6.67,0.0016185556947910025,CH4,2.1247805374579096,290.90999999999997,279.82,50.247235455812,NA,NA,NA,0.04154159856329602,NA
13,2024-11-22,2,41.7587909260457,NA,stream,1.0420522591181274,0.9998911268372346,17.76,6.67,0.0016185556947910025,CH4,2.1247805374579096,290.90999999999997,279.82,41.75424451440432,NA,NA,NA,0.04154159856329602,NA
3,2024-11-22,1,15.8562195866974,NA,stream,1.0485166031573219,1.0003606423516602,16.9,NA,0.0016485853889080704,CH4,1.95462800350684,290.04999999999995,NA,15.861938011017587,NA,NA,NA,0.0425702870806164,NA
3,2024-11-22,2,55.0046305091333,NA,stream,1.0485166031573219,1.0003606423516602,16.9,NA,0.0016485853889080704,CH4,1.95462800350684,290.04999999999995,NA,55.024467508432316,NA,NA,NA,0.0425702870806164,NA
5,2024-11-22,1,31.5678669256071,NA,stream,1.043855470876429,0.9998911268372346,18.04,6.67,0.0016090219671448126,CH4,20.954863426735653,291.19,279.82,31.56443003209315,NA,NA,NA,0.041213355245526946,NA
5,2024-11-22,2,37.6035277891354,NA,stream,1.043855470876429,0.9998911268372346,18.04,6.67,0.0016090219671448126,CH4,20.954863426735653,291.19,279.82,37.59943377413386,NA,NA,NA,0.041213355245526946,NA
6,2024-11-22,1,134.279657995797,NA,stream,1.0871121393576484,1.000578388677191,19.09,NA,0.0015742973869729878,CH4,2.162920553855248,292.23999999999995,NA,134.35732382955888,NA,NA,NA,0.04001079219654072,NA
6,2024-11-22,2,0.537715306656853,NA,stream,1.0871121393576484,1.000578388677191,19.09,NA,0.0015742973869729878,CH4,2.162920553855248,292.23999999999995,NA,0.5380263151017756,NA,NA,NA,0.04001079219654072,NA
9,2024-11-22,1,18.422613995516,NA,stream,1.0228837778987478,0.9998911268372346,15.28,6.67,0.001708361928793528,CH4,1.709175384503898,288.42999999999995,279.82,18.4206082672639,NA,NA,NA,0.044595405328667126,NA
9,2024-11-22,2,21.3503417825699,NA,stream,1.0228837778987478,0.9998911268372346,15.28,6.67,0.001708361928793528,CH4,1.709175384503898,288.42999999999995,279.82,21.348017303333908,NA,NA,NA,0.044595405328667126,NA
13,2024-12-13,1,33.0060823310781,2.13757863891582,stream,1.0583356015242242,1.015657321720196,13.56,3.26,0.00177675666050727,CH4,2.13757863891582,286.71,276.40999999999997,33.52286918085907,2.1710473953675438,0.0028718266599666036,0.6292570506814049,0.046878012409811244,13423287770402.691
13,2024-12-13,2,49.0229246057885,2.13757863891582,stream,1.0583356015242242,1.015657321720196,13.56,3.26,0.00177675666050727,CH4,2.13757863891582,286.71,276.40999999999997,49.79049230800625,2.1710473953675438,0.0028718266599666036,0.954524960952221,0.046878012409811244,20361890615320.66
15,2024-12-13,1,136.111464988571,2.25928270431099,stream,1.0583151878062058,1.015657321720196,12.79,3.26,0.001809139871443915,CH4,2.25928270431099,285.94,276.40999999999997,138.24260598570424,2.294657020469262,0.0030353354887250354,2.732030423607884,0.047946716417564865,56980553158527.21
15,2024-12-13,2,143.131639910971,2.25928270431099,stream,1.0583151878062058,1.015657321720196,12.79,3.26,0.001809139871443915,CH4,2.25928270431099,285.94,276.40999999999997,145.3726980453963,2.294657020469262,0.0030353354887250354,2.875175895161212,0.047946716417564865,59966064623101.41
3,2024-12-13,1,38.0011506151376,NA,stream,1.053320631464344,1.0003606423516602,12.5,NA,0.0018216329857338159,CH4,1.95462800350684,285.65,NA,38.014855439461236,NA,NA,NA,0.04835702503179905,NA
3,2024-12-13,2,31.2167276283455,NA,stream,1.053320631464344,1.0003606423516602,12.5,NA,0.0018216329857338159,CH4,1.95462800350684,285.65,NA,31.22798570240852,NA,NA,NA,0.04835702503179905,NA
5,2024-12-13,1,39.609407121173,2.13723862786769,stream,1.0621937942297224,1.015657321720196,15.38,3.26,0.0017045456622629494,CH4,2.13723862786769,288.53,276.40999999999997,40.22958435161543,2.1707020606570446,0.0028713698567524775,0.7558349617096923,0.04446698201500231,16997667200681.355
5,2024-12-13,2,38.2560307702287,2.13723862786769,stream,1.0621937942297224,1.015657321720196,15.38,3.26,0.0017045456622629494,CH4,2.13723862786769,288.53,276.40999999999997,38.855017751735886,2.1707020606570446,0.0028713698567524775,0.7286079932720336,0.04446698201500231,16385370903431.568
5,2024-12-13,3,2.39627851394197,2.13723862786769,stream,1.0621937942297224,1.015657321720196,15.38,3.26,0.0017045456622629494,CH4,2.13723862786769,288.53,276.40999999999997,2.433797817565953,2.1707020606570446,0.0028713698567524775,0.007188306735514212,0.04446698201500231,161654927089.25052
6,2024-12-13,1,39.3691454761149,2.12928697615056,stream,1.0999931954273272,1.000578388677191,16.24,NA,0.001672419716248295,CH4,2.12928697615056,289.39,NA,39.391916144088974,2.1305185316280557,NA,NA,0.04338126612627166,NA
6,2024-12-13,2,51.831786768559,2.12928697615056,stream,1.0999931954273272,1.000578388677191,16.24,NA,0.001672419716248295,CH4,2.12928697615056,289.39,NA,51.86176568714451,2.1305185316280557,NA,NA,0.04338126612627166,NA
9,2024-12-13,1,27.4210212689482,NA,stream,1.0371529667936854,1.015657321720196,11.04,3.26,0.0018871086799487572,CH4,1.709175384503898,284.19,276.40999999999997,27.85036102085246,NA,NA,NA,0.050490007550756826,NA
9,2024-12-13,2,28.0836804115,NA,stream,1.0371529667936854,1.015657321720196,11.04,3.26,0.0018871086799487572,CH4,1.709175384503898,284.19,276.40999999999997,28.523395630790024,NA,NA,NA,0.050490007550756826,NA
13,2025-01-04,1,2.241188535,2.111982436,stream,1.0525789330430049,1.0101115949918344,13.27,4.52,0.0017888203174257528,CH4,2.111982436,286.41999999999996,277.66999999999996,2.2638505257662627,2.1333379470227,0.0028091398948282683,0.00520374279424494,0.04727701339666124,110069194739.2014
13,2025-01-04,3,40.30359774,2.111982436,stream,1.0525789330430049,1.0101115949918344,13.27,4.52,0.0017888203174257528,CH4,2.111982436,286.41999999999996,277.66999999999996,40.7111313970607,2.1333379470227,0.0028091398948282683,0.7751225313489505,0.04727701339666124,16395336246085.516
15,2025-01-04,1,34.25755831,2.089827495,stream,1.05419842133914,1.0101115949918344,13.17,4.52,0.001793017108477751,CH4,2.089827495,286.32,277.66999999999996,34.603956865039876,2.1109589842322403,0.0027796716911302594,0.653611058761504,0.04741557467993211,13784733458859.342
15,2025-01-04,3,55.80899154,2.089827495,stream,1.05419842133914,1.0101115949918344,13.17,4.52,0.001793017108477751,CH4,2.089827495,286.32,277.66999999999996,56.3733094593552,2.1109589842322403,0.0027796716911302594,1.0897791491423765,0.04741557467993211,22983569354556.58
5,2025-01-04,1,42.36311581,124.5046303,stream,1.0560832879695157,1.0101115949918344,14.52,4.52,0.0017379312597300912,CH4,124.5046303,287.66999999999996,277.66999999999996,42.791474479662895,125.76357069620168,0.16560314049248773,-1.5144150396574378,0.04558660755868287,-33220612823798.24
5,2025-01-04,1,42.36311581,2.198539507,stream,1.0560832879695157,1.0101115949918344,14.52,4.52,0.0017379312597300912,CH4,2.198539507,287.66999999999996,277.66999999999996,42.791474479662895,2.2207702480683316,0.002924269129418922,0.8095688369578307,0.04558660755868287,17758918250621.883
5,2025-01-04,2,24.10981672,124.5046303,stream,1.0560832879695157,1.0101115949918344,14.52,4.52,0.0017379312597300912,CH4,124.5046303,287.66999999999996,277.66999999999996,24.353605422,125.76357069620168,0.16560314049248773,-1.8812397732849295,0.04558660755868287,-41267378162835.24
5,2025-01-04,2,24.10981672,2.198539507,stream,1.0560832879695157,1.0101115949918344,14.52,4.52,0.0017379312597300912,CH4,2.198539507,287.66999999999996,277.66999999999996,24.353605422,2.2207702480683316,0.002924269129418922,0.442744103330339,0.04558660755868287,9712152911584.877
6,2025-01-04,3,5.793239597,2.567714102,stream,1.0898543821448015,1.000578388677191,15.76,NA,0.0016901984107029378,CH4,2.567714102,288.90999999999997,NA,5.79659034118716,2.569199238762861,NA,NA,0.04398313798460971,NA
9,2025-01-04,1,3.17124826,2.285763415,stream,1.030443658138269,1.0101115949918344,10.36,4.52,0.001919138050945236,CH4,2.285763415,283.51,277.66999999999996,3.20331463802368,2.3088761288996325,0.00304028532139526,0.02173178112164223,0.05152313587053555,421786848848.8091
9,2025-01-04,3,30.59736026,2.285763415,stream,1.030443658138269,1.0101115949918344,10.36,4.52,0.001919138050945236,CH4,2.285763415,283.51,277.66999999999996,30.90674837476837,2.3088761288996325,0.00304028532139526,0.5852975349995243,0.05152313587053555,11359897356989.824
6,2025-01-10,3,351.3587112,NA,stream,1.086370440936309,1.000578388677191,13.75,NA,0.001768938330283185,CH4,2.162920553855248,286.9,NA,351.5619331001905,NA,NA,NA,0.04661885870416473,NA
13,2025-01-27,1,203.111965,NA,stream,1.059968698965705,1.011166303756124,11.43,7.18,0.0018691871045331324,CH4,2.1247805374579096,284.58,280.33,205.37997489769324,NA,NA,NA,0.0499090326113714,NA
13,2025-01-27,2,173.0529742,NA,stream,1.059968698965705,1.011166303756124,11.43,7.18,0.0018691871045331324,CH4,2.1247805374579096,284.58,280.33,174.9853362758179,NA,NA,NA,0.0499090326113714,NA
15,2025-01-27,2,31.84913092,2.103289936,stream,1.0730198693522046,1.011166303756124,10.94,7.18,0.0018917560398822692,CH4,2.103289936,284.09,280.33,32.204767990221285,2.1267759103125745,0.0027739257034068493,0.6134148638227477,0.05064032091852012,12113170941584.818
15,2025-01-27,3,36.02238422,2.103289936,stream,1.0730198693522046,1.011166303756124,10.94,7.18,0.0018917560398822692,CH4,2.103289936,284.09,280.33,36.42462110422033,2.1267759103125745,0.0027739257034068493,0.6989842706817379,0.05064032091852012,13802919452394.428
3,2025-01-27,1,5.983482047,NA,stream,1.0870713119216113,1.0003606423516602,11.14,NA,0.001882482688785216,CH4,1.95462800350684,284.28999999999996,NA,5.985639944036547,NA,NA,NA,0.05034024562744635,NA
3,2025-01-27,2,7.438296525,NA,stream,1.0870713119216113,1.0003606423516602,11.14,NA,0.001882482688785216,CH4,1.95462800350684,284.28999999999996,NA,7.4409790897511225,NA,NA,NA,0.05034024562744635,NA
3,2025-01-27,3,2.044711517,NA,stream,1.0870713119216113,1.0003606423516602,11.14,NA,0.001882482688785216,CH4,1.95462800350684,284.28999999999996,NA,2.0454489265699576,NA,NA,NA,0.05034024562744635,NA
5,2025-01-27,1,13.17751428,2.150295229,stream,1.0737819814915623,1.011166303756124,11.72,7.18,0.001856067528997093,CH4,2.150295229,284.87,280.33,13.324658407201143,2.1743060786923585,0.0028359186736660246,0.2285355168289212,0.049482380057971904,4618523130075.324
5,2025-01-27,1,10.2952302,2.150295229,stream,1.0737819814915623,1.011166303756124,11.72,7.18,0.001856067528997093,CH4,2.150295229,284.87,280.33,10.410189867652422,2.1743060786923585,0.0028359186736660246,0.16968719403689056,0.049482380057971904,3429244790531.31
5a,2025-01-27,1,5.962653878,2.058188437,stream,1.0930525313010344,1.011166303756124,11.53,7.18,0.0018646433684929228,CH4,2.058188437,284.67999999999995,280.33,6.029234682394379,2.0811707942748843,0.0027144435534678796,0.08308873554423678,0.04976139876521301,1669742764592.906
5a,2025-01-27,2,7.339364056,2.058188437,stream,1.0930525313010344,1.011166303756124,11.53,7.18,0.0018646433684929228,CH4,2.058188437,284.67999999999995,280.33,7.421317624426075,2.0811707942748843,0.0027144435534678796,0.11122634929098207,0.04976139876521301,2235193383847.1143
6,2025-01-27,1,10.79138575,NA,stream,1.1180389221556888,1.000578388677191,11.53,NA,0.0018646433684929228,CH4,2.162920553855248,284.67999999999995,NA,10.797627365329001,NA,NA,NA,0.04976139876521301,NA
6,2025-01-27,3,2.075065477,NA,stream,1.1180389221556888,1.000578388677191,11.53,NA,0.0018646433684929228,CH4,2.162920553855248,284.67999999999995,NA,2.076265671376327,NA,NA,NA,0.04976139876521301,NA
6,2025-01-27,2,14.11457431,NA,stream,1.1180389221556888,1.000578388677191,11.53,NA,0.0018646433684929228,CH4,2.162920553855248,284.67999999999995,NA,14.122738019964276,NA,NA,NA,0.04976139876521301,NA
6a,2025-01-27,1,2.060099804,NA,stream,1.0772318998366903,1.000578388677191,9.57,NA,0.001957638350117096,CH4,NA,282.71999999999997,NA,2.061291342400517,NA,NA,NA,0.05275641771147486,NA
6a,2025-01-27,2,7.250209063,NA,stream,1.0772318998366903,1.000578388677191,9.57,NA,0.001957638350117096,CH4,NA,282.71999999999997,NA,7.254402501829307,NA,NA,NA,0.05275641771147486,NA
6a,2025-01-27,3,6.10916704,NA,stream,1.0772318998366903,1.000578388677191,9.57,NA,0.001957638350117096,CH4,NA,282.71999999999997,NA,6.112700513043005,NA,NA,NA,0.05275641771147486,NA
7,2025-01-27,1,2.124115676,NA,stream,1.0764833968426784,1.000578388677191,11.14,NA,0.001882482688785216,CH4,1.3468367855104466,284.28999999999996,NA,2.1253442404560428,NA,NA,NA,0.05034024562744635,NA
7,2025-01-27,1,2.098555447,NA,stream,1.0764833968426784,1.000578388677191,11.14,NA,0.001882482688785216,CH4,1.3468367855104466,284.28999999999996,NA,2.099769227709002,NA,NA,NA,0.05034024562744635,NA
7,2025-01-27,2,9.130616521,NA,stream,1.0764833968426784,1.000578388677191,11.14,NA,0.001882482688785216,CH4,1.3468367855104466,284.28999999999996,NA,9.13589756621152,NA,NA,NA,0.05034024562744635,NA
7,2025-01-27,3,14.27917378,NA,stream,1.0764833968426784,1.000578388677191,11.14,NA,0.001882482688785216,CH4,1.3468367855104466,284.28999999999996,NA,14.287432692433995,NA,NA,NA,0.05034024562744635,NA
9,2025-01-27,1,16.60315477,2.105658943,stream,1.0464616222101253,1.011166303756124,10.06,7.18,0.0019335922740349651,CH4,2.105658943,283.21,280.33,16.788550639471758,2.129171370364337,0.0027770500702838895,0.3024245007615969,0.05198723042232679,5817284327416.596
9,2025-01-27,2,13.3793541,2.105658943,stream,1.0464616222101253,1.011166303756124,10.06,7.18,0.0019335922740349651,CH4,2.105658943,283.21,280.33,13.528752031941345,2.129171370364337,0.0027770500702838895,0.23600029359029204,0.05198723042232679,4539581964130.518
9,2025-02-20,1,22.80315755,0.027330711,stream,1.0333628198149156,1.0019393032117583,14.71,12.01,0.001730444111616289,CH4,0.027330711,287.85999999999996,285.15999999999997,22.847379786674946,0.02738371353562194,3.5111259307288976e-5,0.45360627858134284,0.0453362671174455,10005373345058.533
9,2025-02-20,2,24.87866745,0.027330711,stream,1.0333628198149156,1.0019393032117583,14.71,12.01,0.001730444111616289,CH4,0.027330711,287.85999999999996,285.15999999999997,24.92691472969005,0.02738371353562194,3.5111259307288976e-5,0.49493850959519775,0.0453362671174455,10917054734855.846
13,2025-02-28,1,33.1881816394421,NA,stream,1.05095944474687,1.0014833968426784,16.24,14.52,0.001672419716248295,CH4,2.1247805374579096,289.39,287.66999999999996,33.23741288330029,NA,NA,NA,0.04338126612627166,NA
13,2025-02-28,2,34.287921391770404,NA,stream,1.05095944474687,1.0014833968426784,16.24,14.52,0.001672419716248295,CH4,2.1247805374579096,289.39,287.66999999999996,34.338783986104964,NA,NA,NA,0.04338126612627166,NA
15,2025-02-28,1,36.0801028470695,1.95872554491774,stream,1.05926102340773,1.0014833968426784,16.62,14.52,0.0016586117119549819,CH4,1.95872554491774,289.77,287.66999999999996,36.13362395771635,1.9616311122067447,0.002493247756664537,0.6756462968937603,0.04291202007212935,15744919389907.291
15,2025-02-28,2,40.2276775059884,1.95872554491774,stream,1.05926102340773,1.0014833968426784,16.62,14.52,0.0016586117119549819,CH4,1.95872554491774,289.77,287.66999999999996,40.28735111578907,1.9616311122067447,0.002493247756664537,0.7574093966461005,0.04291202007212935,17650285290065.508
3,2025-02-28,1,16.3132801110858,1.95462800350684,stream,1.0710873707131192,1.0003606423516602,15.57,NA,0.0016973415969596983,CH4,1.95462800350684,288.71999999999997,NA,16.319163370788353,1.9553329251466456,NA,NA,0.044224239105989674,NA
3,2025-02-28,2,17.5622871235176,1.95462800350684,stream,1.0710873707131192,1.0003606423516602,15.57,NA,0.0016973415969596983,CH4,1.95462800350684,288.71999999999997,NA,17.568620828046356,1.9553329251466456,NA,NA,0.044224239105989674,NA
5,2025-02-28,1,26.1501108733533,1.97686691598021,stream,1.0588663581927056,1.0014833968426784,16.43,14.52,0.0016654865746805905,CH4,1.97686691598021,289.58,287.66999999999996,26.188901865258522,1.9797993941217704,0.002516339778322028,0.48005156774620117,0.04314585123691066,11126250936857.725
5,2025-02-28,2,10.1612651937699,1.97686691598021,stream,1.0588663581927056,1.0014833968426784,16.43,14.52,0.0016654865746805905,CH4,1.97686691598021,289.58,287.66999999999996,10.176338382475956,1.9797993941217704,0.002516339778322028,0.16455642967559722,0.04314585123691066,3813957193057.338
5a,2025-02-28,1,19.2250743749337,1.99892416456089,stream,1.080736254763201,1.0014833968426784,15.57,14.52,0.0016973415969596983,CH4,1.99892416456089,288.71999999999997,287.66999999999996,19.253592789561736,2.001889362355353,0.0025444162925047655,0.34465202676583917,0.044224239105989674,7793283360734.181
5a,2025-02-28,2,6.09202124535324,1.99892416456089,stream,1.080736254763201,1.0014833968426784,15.57,14.52,0.0016973415969596983,CH4,1.99892416456089,288.71999999999997,287.66999999999996,6.101058130434127,2.001889362355353,0.0025444162925047655,0.0843823363800303,0.044224239105989674,1908056262489.8088
6,2025-02-28,1,16.416521195768,1.99415735748756,stream,1.099870713119216,1.000578388677191,15.38,NA,0.0017045456622629494,CH4,1.99415735748756,288.53,NA,16.4260163257465,1.995310755523668,NA,NA,0.04446698201500231,NA
6,2025-02-28,2,20.7950432732205,1.99415735748756,stream,1.099870713119216,1.000578388677191,15.38,NA,0.0017045456622629494,CH4,1.99415735748756,288.53,NA,20.80707089079143,1.995310755523668,NA,NA,0.04446698201500231,NA
7,2025-02-28,1,16.5438870497047,1.93926056053134,stream,1.0588255307566685,1.000578388677191,16.43,NA,0.0016654865746805905,CH4,1.93926056053134,289.58,NA,16.553455846650976,1.9403822068816745,NA,NA,0.04314585123691066,NA
7,2025-02-28,2,16.1467721898824,1.93926056053134,stream,1.0588255307566685,1.000578388677191,16.43,NA,0.0016654865746805905,CH4,1.93926056053134,289.58,NA,16.156111300090213,1.9403822068816745,NA,NA,0.04314585123691066,NA
9,2025-02-28,1,18.0982590300699,1.95990403851949,stream,1.030402830702232,1.0014833968426784,15.86,14.52,0.0016864630931714955,CH4,1.95990403851949,289.01,287.66999999999996,18.12510593037308,1.9628113539821823,0.0024947478527532563,0.32250424615541023,0.04385689768800309,7353558120998.381
9,2025-02-28,2,17.3910788008895,1.95990403851949,stream,1.030402830702232,1.0014833968426784,15.86,14.52,0.0016864630931714955,CH4,1.95990403851949,289.01,287.66999999999996,17.41687667227351,1.9628113539821823,0.0024947478527532563,0.30850997174296196,0.04385689768800309,7034468647046.001
15,2025-03-26,1,1.787659292,NA,stream,1.0603633641807295,1.0052259118127382,17.66,14.71,0.0016219892059032872,CH4,2.1027814200571826,290.81,287.85999999999996,1.7970014418112141,NA,NA,NA,0.04165961503570377,NA
15,2025-03-26,2,2.179302906,NA,stream,1.0603633641807295,1.0052259118127382,17.66,14.71,0.0016219892059032872,CH4,2.1027814200571826,290.81,287.85999999999996,2.1906917508000006,NA,NA,NA,0.04165961503570377,NA
15,2025-03-26,3,2.184327446,NA,stream,1.0603633641807295,1.0052259118127382,17.66,14.71,0.0016219892059032872,CH4,2.1027814200571826,290.81,287.85999999999996,2.19574254860294,NA,NA,NA,0.04165961503570377,NA
3,2025-03-26,1,11.65938751,NA,stream,1.066405824714208,1.0003606423516602,16.33,NA,0.0016691282963522864,CH4,1.95462800350684,289.47999999999996,NA,11.663592378930524,NA,NA,NA,0.043269555595145066,NA
3,2025-03-26,1,10.89877845,NA,stream,1.066405824714208,1.0003606423516602,16.33,NA,0.0016691282963522864,CH4,1.95462800350684,289.47999999999996,NA,10.902709011090431,NA,NA,NA,0.043269555595145066,NA
3,2025-03-26,3,19.49134964,NA,stream,1.066405824714208,1.0003606423516602,16.33,NA,0.0016691282963522864,CH4,1.95462800350684,289.47999999999996,NA,19.498379046171202,NA,NA,NA,0.043269555595145066,NA
5,2025-03-26,1,13.77001903,2.17042238,stream,1.0569134458356015,1.0052259118127382,17.19,14.71,0.0016383312677099805,CH4,2.17042238,290.34,287.85999999999996,13.841979935110508,2.1817648159542737,0.002771209008586814,0.23211004806406021,0.04221990438817258,5497645042727.363
5,2025-03-26,2,2.180037541,2.17042238,stream,1.0569134458356015,1.0052259118127382,17.19,14.71,0.0016383312677099805,CH4,2.17042238,290.34,287.85999999999996,2.1914302249377244,2.1817648159542737,0.002771209008586814,0.003426016821391594,0.04221990438817258,81146958313.6089
5a,2025-03-26,1,12.9339056,NA,stream,1.082056341861731,1.0052259118127382,16.24,14.71,0.001672419716248295,CH4,2.028556300780445,289.39,287.85999999999996,13.00149705005988,NA,NA,NA,0.04338126612627166,NA
5a,2025-03-26,2,7.02878629,NA,stream,1.082056341861731,1.0052259118127382,16.24,14.71,0.001672419716248295,CH4,2.028556300780445,289.39,287.85999999999996,7.065518107302124,NA,NA,NA,0.04338126612627166,NA
5a,2025-03-26,3,8.428724969,NA,stream,1.082056341861731,1.0052259118127382,16.24,14.71,0.001672419716248295,CH4,2.028556300780445,289.39,287.85999999999996,8.472772742381817,NA,NA,NA,0.04338126612627166,NA
6,2025-03-26,3,31.21684147,NA,stream,1.1010955362003265,1.000578388677191,16.43,NA,0.0016654865746805905,CH4,2.162920553855248,289.58,NA,31.234896937643914,NA,NA,NA,0.04314585123691066,NA
6,2025-03-26,1,1.971944767,NA,stream,1.1010955362003265,1.000578388677191,16.43,NA,0.0016654865746805905,CH4,2.162920553855248,289.58,NA,1.9730853175252792,NA,NA,NA,0.04314585123691066,NA
6,2025-03-26,2,1.809525699,NA,stream,1.1010955362003265,1.000578388677191,16.43,NA,0.0016654865746805905,CH4,2.162920553855248,289.58,NA,1.8105723081753877,NA,NA,NA,0.04314585123691066,NA
6a,2025-03-26,1,16.35860351,NA,stream,1.0595059880239521,1.000578388677191,15.66,NA,0.001693950429684464,CH4,NA,288.81,NA,16.36806514104484,NA,NA,NA,0.044109829457563005,NA
6a,2025-03-26,2,1.52783801,NA,stream,1.0595059880239521,1.000578388677191,15.66,NA,0.001693950429684464,CH4,NA,288.81,NA,1.5287216942055661,NA,NA,NA,0.044109829457563005,NA
7,2025-03-26,1,14.76393636,1.701950998,stream,1.0587302667392489,1.000578388677191,17.28,NA,0.0016351756133970749,CH4,1.701950998,290.42999999999995,NA,14.772475653621393,1.7029353871863773,NA,NA,0.04211189375021586,NA
7,2025-03-26,2,36.50551624,1.701950998,stream,1.0587302667392489,1.000578388677191,17.28,NA,0.0016351756133970749,CH4,1.701950998,290.42999999999995,NA,36.52663061724823,1.7029353871863773,NA,NA,0.04211189375021586,NA
9,2025-03-26,1,21.49586591,2.167219815,stream,1.031722917800762,1.0052259118127382,17.57,14.71,0.0016250923404008113,CH4,2.167219815,290.71999999999997,287.85999999999996,21.608201409584105,2.178545514632009,0.0027671199533594237,0.3838143641308747,0.04176618618741392,9189595679352.11
9,2025-03-26,2,2.184091538,2.167219815,stream,1.031722917800762,1.0052259118127382,17.57,14.71,0.0016250923404008113,CH4,2.167219815,290.71999999999997,287.85999999999996,2.195505407768536,2.178545514632009,0.0027671199533594237,0.003483728427920402,0.04176618618741392,83410259492.88637
15,2025-04-16,1,29.82177982,NA,stream,1.04867991290147,1.0027218290691344,18.71,17.57,0.0015866800766920393,CH4,2.1027814200571826,291.85999999999996,290.71999999999997,29.902949607207404,NA,NA,NA,0.040440904310243095,NA
15,2025-04-16,2,16.63923814,NA,stream,1.04867991290147,1.0027218290691344,18.71,17.57,0.0015866800766920393,CH4,2.1027814200571826,291.85999999999996,290.71999999999997,16.684527302057703,NA,NA,NA,0.040440904310243095,NA
3,2025-04-16,1,8.958676017,NA,stream,1.0559948285247687,1.0003606423516602,17.57,NA,0.0016250923404008113,CH4,1.95462800350684,290.71999999999997,NA,8.961906894986534,NA,NA,NA,0.04176618618741392,NA
3,2025-04-16,2,22.05517226,NA,stream,1.0559948285247687,1.0003606423516602,17.57,NA,0.0016250923404008113,CH4,1.95462800350684,290.71999999999997,NA,22.063126289190116,NA,NA,NA,0.04176618618741392,NA
3,2025-04-16,3,526.2745155,NA,stream,1.0559948285247687,1.0003606423516602,17.57,NA,0.0016250923404008113,CH4,1.95462800350684,290.71999999999997,NA,526.4643123788887,NA,NA,NA,0.04176618618741392,NA
5,2025-04-16,3,30.60072819,NA,stream,1.0487819814915624,1.0027218290691344,18.33,17.57,0.0015992708235996003,CH4,20.954863426735653,291.47999999999996,290.71999999999997,30.684018141524223,NA,NA,NA,0.040876779696696126,NA
5,2025-04-16,1,51.99672025,NA,stream,1.0487819814915624,1.0027218290691344,18.33,17.57,0.0015992708235996003,CH4,20.954863426735653,291.47999999999996,290.71999999999997,52.138246434676105,NA,NA,NA,0.040876779696696126,NA
5,2025-04-16,2,NA,NA,stream,1.0487819814915624,1.0027218290691344,18.33,17.57,0.0015992708235996003,CH4,20.954863426735653,291.47999999999996,290.71999999999997,NA,NA,NA,NA,0.040876779696696126,NA
6,2025-04-16,1,1.268670576,NA,stream,1.0926102340772998,1.000578388677191,18.14,NA,0.0016056454461713821,CH4,2.162920553855248,291.28999999999996,NA,1.269404360696244,NA,NA,NA,0.04109690701067849,NA
6,2025-04-16,2,NA,NA,stream,1.0926102340772998,1.000578388677191,18.14,NA,0.0016056454461713821,CH4,2.162920553855248,291.28999999999996,NA,NA,NA,NA,NA,0.04109690701067849,NA
6a,2025-04-16,3,6.830751682,NA,stream,1.045549809471965,1.000578388677191,17.76,NA,0.0016185556947910025,CH4,NA,290.90999999999997,NA,6.8347025114295725,NA,NA,NA,0.04154159856329602,NA
6a,2025-04-16,1,NA,NA,stream,1.045549809471965,1.000578388677191,17.76,NA,0.0016185556947910025,CH4,NA,290.90999999999997,NA,NA,NA,NA,NA,0.04154159856329602,NA
6a,2025-04-16,2,NA,NA,stream,1.045549809471965,1.000578388677191,17.76,NA,0.0016185556947910025,CH4,NA,290.90999999999997,NA,NA,NA,NA,NA,0.04154159856329602,NA
7,2025-04-16,1,16.9776403,0.399298798,stream,1.0534703320631464,1.000578388677191,18.52,NA,0.0015929491988735916,CH4,0.399298798,291.66999999999996,NA,16.987459974914945,0.3995297479035792,NA,NA,0.04065811594108159,NA
7,2025-04-16,2,NA,0.399298798,stream,1.0534703320631464,1.000578388677191,18.52,NA,0.0015929491988735916,CH4,0.399298798,291.66999999999996,NA,NA,0.3995297479035792,NA,NA,0.04065811594108159,NA
13,2025-08-13,1,2.16750982740189,NA,stream,1.0503606423516603,1.002204681545999,25.22,25.51,0.0014003350935061615,CH4,2.1247805374579096,298.37,298.65999999999997,2.1722884963191347,NA,NA,NA,0.03379879689837376,NA
13,2025-08-13,2,2.13908907295693,NA,stream,1.0503606423516603,1.002204681545999,25.22,25.51,0.0014003350935061615,CH4,2.1247805374579096,298.37,298.65999999999997,2.1438050831613267,NA,NA,NA,0.03379879689837376,NA
15,2025-08-13,1,2.12812677118169,NA,stream,1.0646366358192705,1.002204681545999,25.42,25.51,0.0013953951075391117,CH4,2.1027814200571826,298.57,298.65999999999997,2.132818613001661,NA,NA,NA,0.03361717355786616,NA
15,2025-08-13,2,2.12794711949398,NA,stream,1.0646366358192705,1.002204681545999,25.42,25.51,0.0013953951075391117,CH4,2.1027814200571826,298.57,298.65999999999997,2.13263856523919,NA,NA,NA,0.03361717355786616,NA
3,2025-08-13,1,2.14629304218265,NA,stream,1.052408818726184,1.0003606423516602,23.77,NA,0.0014374397884427106,CH4,1.95462800350684,296.91999999999996,NA,2.1470670863527346,NA,NA,NA,0.03515287465066478,NA
3,2025-08-13,2,2.14327393093959,NA,stream,1.052408818726184,1.0003606423516602,23.77,NA,0.0014374397884427106,CH4,1.95462800350684,296.91999999999996,NA,2.144046886290296,NA,NA,NA,0.03515287465066478,NA
5,2025-08-13,1,2.15332035993582,NA,stream,1.047924605334785,1.002204681545999,25.12,25.51,0.0014028209265526058,CH4,20.954863426735653,298.27,298.65999999999997,2.1580677455959947,NA,NA,NA,0.03389006804066091,NA
5,2025-08-13,2,2.15051074485909,NA,stream,1.047924605334785,1.002204681545999,25.12,25.51,0.0014028209265526058,CH4,20.954863426735653,298.27,298.65999999999997,2.155251936212754,NA,NA,NA,0.03389006804066091,NA
6,2025-08-13,1,2.13679169736604,NA,stream,1.088752041371802,1.000578388677191,23.97,NA,0.001432184094521111,CH4,2.162920553855248,297.12,NA,2.1380275934893125,NA,NA,NA,0.03496213112481579,NA
6,2025-08-13,2,2.13290339543865,NA,stream,1.088752041371802,1.000578388677191,23.97,NA,0.001432184094521111,CH4,2.162920553855248,297.12,NA,2.1341370426121142,NA,NA,NA,0.03496213112481579,NA
7,2025-08-13,1,2.16433505625291,NA,stream,1.05419842133914,1.000578388677191,24.93,NA,0.0014075733204967759,CH4,1.3468367855104466,298.08,NA,2.165586883143094,NA,NA,NA,0.0340643325988405,NA
7,2025-08-13,2,2.15829103804739,NA,stream,1.05419842133914,1.000578388677191,24.93,NA,0.0014075733204967759,CH4,1.3468367855104466,298.08,NA,2.1595393691458793,NA,NA,NA,0.0340643325988405,NA
13,2024-11-22,1,0.439841678267933,NA,stream,1.0420522591181274,0.9998911268372346,17.76,6.67,0.03073486476822148,N2O,0.38526369831584195,290.90999999999997,279.82,0.43979379131330393,NA,NA,NA,0.04154159856329602,NA
13,2024-11-22,2,0.455437396488057,NA,stream,1.0420522591181274,0.9998911268372346,17.76,6.67,0.03073486476822148,N2O,0.38526369831584195,290.90999999999997,279.82,0.4553878115782597,NA,NA,NA,0.04154159856329602,NA
3,2024-11-22,1,0.345164164141949,NA,stream,1.0485166031573219,1.0003606423516602,16.9,NA,0.031595612624475564,N2O,0.391925238529316,290.04999999999995,NA,0.345288644957814,NA,NA,NA,0.0425702870806164,NA
3,2024-11-22,2,0.337986133801428,NA,stream,1.0485166031573219,1.0003606423516602,16.9,NA,0.031595612624475564,N2O,0.391925238529316,290.04999999999995,NA,0.33810802591555067,NA,NA,NA,0.0425702870806164,NA
5,2024-11-22,1,0.427079846733776,NA,stream,1.043855470876429,0.9998911268372346,18.04,6.67,0.030462143827452652,N2O,0.38324029455466246,291.19,279.82,0.42703334920010877,NA,NA,NA,0.041213355245526946,NA
5,2024-11-22,2,0.39757821573526,NA,stream,1.043855470876429,0.9998911268372346,18.04,6.67,0.030462143827452652,N2O,0.38324029455466246,291.19,279.82,0.39753493013746627,NA,NA,NA,0.041213355245526946,NA
6,2024-11-22,1,0.305123209763623,NA,stream,1.0871121393576484,1.000578388677191,19.09,NA,0.0294709939718621,N2O,0.4047217179534656,292.23999999999995,NA,0.3052996895732985,NA,NA,NA,0.04001079219654072,NA
6,2024-11-22,2,0.0464506390755432,NA,stream,1.0871121393576484,1.000578388677191,19.09,NA,0.0294709939718621,N2O,0.4047217179534656,292.23999999999995,NA,0.046477505599232784,NA,NA,NA,0.04001079219654072,NA
9,2024-11-22,1,0.43223175591516,NA,stream,1.0228837778987478,0.9998911268372346,15.28,6.67,0.033316966549785436,N2O,0.3407786593378564,288.42999999999995,279.82,0.43218469747684585,NA,NA,NA,0.044595405328667126,NA
9,2024-11-22,2,0.457612872337473,NA,stream,1.0228837778987478,0.9998911268372346,15.28,6.67,0.033316966549785436,N2O,0.3407786593378564,288.42999999999995,279.82,0.45756305057673946,NA,NA,NA,0.044595405328667126,NA
13,2024-12-13,1,0.458636183241354,0.390435916631684,stream,1.0583356015242242,1.015657321720196,13.56,3.26,0.03529989411828367,N2O,0.390435916631684,286.71,276.40999999999997,0.4658171975148867,0.3965490973895059,5.245487833654969e-4,0.017436022722571377,0.046878012409811244,371944581825.36206
13,2024-12-13,2,0.479172288753782,0.390435916631684,stream,1.0583356015242242,1.015657321720196,13.56,3.26,0.03529989411828367,N2O,0.390435916631684,286.71,276.40999999999997,0.48667484343820266,0.3965490973895059,5.245487833654969e-4,0.018552280963087975,0.046878012409811244,395756560685.68964
15,2024-12-13,1,0.396110500563714,0.395920998515707,stream,1.0583151878062058,1.015657321720196,12.79,3.26,0.036243863406357886,N2O,0.395920998515707,285.94,276.40999999999997,0.40231253010778795,0.4021200609652487,5.319179645969425e-4,0.01433161740620866,0.047946716417564865,298907171898.81213
15,2024-12-13,2,0.367625344003824,0.395920998515707,stream,1.0583151878062058,1.015657321720196,12.79,3.26,0.036243863406357886,N2O,0.395920998515707,285.94,276.40999999999997,0.37338137228738966,0.4021200609652487,5.319179645969425e-4,0.012754551986822918,0.047946716417564865,266015129706.57565
3,2024-12-13,1,0.439893385081111,NA,stream,1.053320631464344,1.0003606423516602,12.5,NA,0.036608924309299185,N2O,0.391925238529316,285.65,NA,0.4400520292659864,NA,NA,NA,0.04835702503179905,NA
3,2024-12-13,2,0.441831365980524,NA,stream,1.053320631464344,1.0003606423516602,12.5,NA,0.036608924309299185,N2O,0.391925238529316,285.65,NA,0.4419907090833885,NA,NA,NA,0.04835702503179905,NA
5,2024-12-13,1,0.414883322669621,0.379080967019128,stream,1.0621937942297224,1.015657321720196,15.38,3.26,0.03320674892058853,N2O,0.379080967019128,288.53,276.40999999999997,0.4213792843290032,0.38501635967774955,5.092934629640659e-4,0.014345298868178686,0.04446698201500231,322605632721.79926
5,2024-12-13,2,0.505676081665479,0.379080967019128,stream,1.0621937942297224,1.015657321720196,15.38,3.26,0.03320674892058853,N2O,0.379080967019128,288.53,276.40999999999997,0.5135936147623235,0.38501635967774955,5.092934629640659e-4,0.019076804933795138,0.04446698201500231,429010561754.7642
5,2024-12-13,3,0.394811331854456,0.379080967019128,stream,1.0621937942297224,1.015657321720196,15.38,3.26,0.03320674892058853,N2O,0.379080967019128,288.53,276.40999999999997,0.4009930198960803,0.38501635967774955,5.092934629640659e-4,0.013299282122556015,0.04446698201500231,299082184576.16693
6,2024-12-13,1,0.418831591086494,0.4104002475065,stream,1.0999931954273272,1.000578388677191,16.24,NA,0.03228067127264797,N2O,0.4104002475065,289.39,NA,0.4190738385364283,0.4106376183627742,NA,NA,0.04338126612627166,NA
6,2024-12-13,2,0.386142173614252,0.4104002475065,stream,1.0999931954273272,1.000578388677191,16.24,NA,0.03228067127264797,N2O,0.4104002475065,289.39,NA,0.38636551387525647,0.4106376183627742,NA,NA,0.04338126612627166,NA
9,2024-12-13,1,0.511849585191088,NA,stream,1.0371529667936854,1.015657321720196,11.04,3.26,0.03853033619674653,N2O,0.3407786593378564,284.19,276.40999999999997,0.5198637788187738,NA,NA,NA,0.050490007550756826,NA
9,2024-12-13,2,0.486756199074115,NA,stream,1.0371529667936854,1.015657321720196,11.04,3.26,0.03853033619674653,N2O,0.3407786593378564,284.19,276.40999999999997,0.49437749748231824,NA,NA,NA,0.050490007550756826,NA
13,2025-01-04,1,0.363111411,0.38009148,stream,1.0525789330430049,1.0101115949918344,13.27,4.52,0.035651162535345775,N2O,0.38009148,286.41999999999996,277.66999999999996,0.36678304652494553,0.3839348111056069,5.055582480006576e-4,0.012542817236927075,0.04727701339666124,265304771511.07147
13,2025-01-04,3,0.468650838,0.38009148,stream,1.0525789330430049,1.0101115949918344,13.27,4.52,0.035651162535345775,N2O,0.38009148,286.41999999999996,277.66999999999996,0.47338964546643986,0.3839348111056069,5.055582480006576e-4,0.01828759676016522,0.04727701339666124,386817936377.0198
15,2025-01-04,1,0.373971407,0.400927623,stream,1.05419842133914,1.0101115949918344,13.17,4.52,0.03577347178247437,N2O,0.400927623,286.32,277.66999999999996,0.37775285440611045,0.4049816407448149,5.332723234389473e-4,0.01278664776245754,0.04741557467993211,269671892595.8581
15,2025-01-04,3,0.310839284,0.400927623,stream,1.05419842133914,1.0101115949918344,13.17,4.52,0.03577347178247437,N2O,0.400927623,286.32,277.66999999999996,0.3139823649473598,0.4049816407448149,5.332723234389473e-4,0.009341999795918387,0.04741557467993211,197023865237.93924
5,2025-01-04,1,0.466304469,0.404761638,stream,1.0560832879695157,1.0101115949918344,14.52,4.52,0.03417247308711,N2O,0.404761638,287.66999999999996,277.66999999999996,0.4710195509334104,0.4088544237516875,5.38371932370482e-4,0.01695729472344495,0.04558660755868287,371979746499.3663
5,2025-01-04,1,0.466304469,0.381603709,stream,1.0560832879695157,1.0101115949918344,14.52,4.52,0.03417247308711,N2O,0.381603709,287.66999999999996,277.66999999999996,0.4710195509334104,0.3854623311527899,5.075696581059718e-4,0.017397327212937953,0.04558660755868287,381632416725.51886
5,2025-01-04,2,0.460635401,0.404761638,stream,1.0560832879695157,1.0101115949918344,14.52,4.52,0.03417247308711,N2O,0.404761638,287.66999999999996,277.66999999999996,0.46529315961381323,0.4088544237516875,5.38371932370482e-4,0.016657634255538234,0.04558660755868287,365406314433.35944
5,2025-01-04,2,0.460635401,0.381603709,stream,1.0560832879695157,1.0101115949918344,14.52,4.52,0.03417247308711,N2O,0.381603709,287.66999999999996,277.66999999999996,0.46529315961381323,0.3854623311527899,5.075696581059718e-4,0.017097666745031236,0.04558660755868287,375058984659.512
6,2025-01-04,3,0.390887684,0.375360608,stream,1.0898543821448015,1.000578388677191,15.76,NA,0.032792782500669,N2O,0.375360608,288.90999999999997,NA,0.39111376901047906,0.3755777123255307,NA,NA,0.04398313798460971,NA
9,2025-01-04,1,0.392437396,0.397744676,stream,1.030443658138269,1.0101115949918344,10.36,4.52,0.03947527029751018,N2O,0.397744676,283.51,277.66999999999996,0.39640556400800214,0.40176650907387046,5.290386976055059e-4,0.015393768107054983,0.05152313587053555,298773897336.831
9,2025-01-04,3,0.483354665,0.397744676,stream,1.030443658138269,1.0101115949918344,10.36,4.52,0.03947527029751018,N2O,0.397744676,283.51,277.66999999999996,0.4882421516098938,0.40176650907387046,5.290386976055059e-4,0.02071100960429137,0.05152313587053555,401974942991.2968
6,2025-01-10,3,0.236960585,NA,stream,1.086370440936309,1.000578388677191,13.75,NA,0.03507248494080874,N2O,0.4047217179534656,286.9,NA,0.23709764031930458,NA,NA,NA,0.04661885870416473,NA
13,2025-01-27,1,0.547094573,NA,stream,1.059968698965705,1.011166303756124,11.43,7.18,0.03800305417379349,N2O,0.38526369831584195,284.58,280.33,0.553203597185445,NA,NA,NA,0.0499090326113714,NA
13,2025-01-27,2,0.500865727,NA,stream,1.059968698965705,1.011166303756124,11.43,7.18,0.03800305417379349,N2O,0.38526369831584195,284.58,280.33,0.5064585458487139,NA,NA,NA,0.0499090326113714,NA
15,2025-01-27,2,0.482049896,0.440266018,stream,1.0730198693522046,1.011166303756124,10.94,7.18,0.03866723788700461,N2O,0.440266018,284.09,280.33,0.487432611564344,0.44518216209048717,5.806452086151105e-4,0.01951470663191083,0.05064032091852012,385359063251.3929
15,2025-01-27,3,0.479895839,0.440266018,stream,1.0730198693522046,1.011166303756124,10.94,7.18,0.03866723788700461,N2O,0.440266018,284.09,280.33,0.485254501709574,0.44518216209048717,5.806452086151105e-4,0.019390438280659585,0.05064032091852012,382905122419.3198
3,2025-01-27,1,1.093482462,NA,stream,1.0870713119216113,1.0003606423516602,11.14,NA,0.038394133060156856,N2O,0.391925238529316,284.28999999999996,NA,1.093876818086595,NA,NA,NA,0.05034024562744635,NA
3,2025-01-27,2,1.353024529,NA,stream,1.0870713119216113,1.0003606423516602,11.14,NA,0.038394133060156856,N2O,0.391925238529316,284.28999999999996,NA,1.3535124869479926,NA,NA,NA,0.05034024562744635,NA
3,2025-01-27,3,0.455010583,NA,stream,1.0870713119216113,1.0003606423516602,11.14,NA,0.038394133060156856,N2O,0.391925238529316,284.28999999999996,NA,0.4551746790866834,NA,NA,NA,0.05034024562744635,NA
5,2025-01-27,1,0.503814653,0.371614888,stream,1.0737819814915623,1.011166303756124,11.72,7.18,0.03761770887223388,N2O,0.371614888,284.87,280.33,0.5094404004521842,0.375764452719706,4.901046079991596e-4,0.02150344163698476,0.049482380057971904,434567650379.63104
5,2025-01-27,1,0.478831354,0.371614888,stream,1.0737819814915623,1.011166303756124,11.72,7.18,0.03761770887223388,N2O,0.371614888,284.87,280.33,0.48417813034672014,0.375764452719706,4.901046079991596e-4,0.02008993106172255,0.049482380057971904,406001712896.3049
5a,2025-01-27,1,0.571643958,0.40707297,stream,1.0930525313010344,1.011166303756124,11.53,7.18,0.037869534052261726,N2O,0.40707297,284.67999999999995,280.33,0.578027108075381,0.4116184704339276,5.368685293063492e-4,0.024825682344242223,0.04976139876521301,498894383202.0506
5a,2025-01-27,2,0.618469663,0.40707297,stream,1.0930525313010344,1.011166303756124,11.53,7.18,0.037869534052261726,N2O,0.40707297,284.67999999999995,280.33,0.6253756831210057,0.4116184704339276,5.368685293063492e-4,0.027487500355204378,0.04976139876521301,552386006769.975
6,2025-01-27,1,0.816846952,NA,stream,1.1180389221556888,1.000578388677191,11.53,NA,0.037869534052261726,N2O,0.4047217179534656,284.67999999999995,NA,0.81731940702803485,NA,NA,NA,0.04976139876521301,NA
6,2025-01-27,3,0.461913822,NA,stream,1.1180389221556888,1.000578388677191,11.53,NA,0.037869534052261726,N2O,0.4047217179534656,284.67999999999995,NA,0.46218098772448285,NA,NA,NA,0.04976139876521301,NA
6,2025-01-27,2,0.874593127,NA,stream,1.1180389221556888,1.000578388677191,11.53,NA,0.037869534052261726,N2O,0.4047217179534656,284.67999999999995,NA,0.875098981761806,NA,NA,NA,0.04976139876521301,NA
6a,2025-01-27,1,0.443196739,NA,stream,1.0772318998366903,1.000578388677191,9.57,NA,0.040615501318915545,N2O,NA,282.71999999999997,NA,0.4434530789756056,NA,NA,NA,0.05275641771147486,NA
6a,2025-01-27,2,0.57290321,NA,stream,1.0772318998366903,1.000578388677191,9.57,NA,0.040615501318915545,N2O,NA,282.71999999999997,NA,0.5732345707297904,NA,NA,NA,0.05275641771147486,NA
6a,2025-01-27,3,0.553591239,NA,stream,1.0772318998366903,1.000578388677191,9.57,NA,0.040615501318915545,N2O,NA,282.71999999999997,NA,0.5539114299044298,NA,NA,NA,0.05275641771147486,NA
7,2025-01-27,1,0.363616415,NA,stream,1.0764833968426784,1.000578388677191,11.14,NA,0.038394133060156856,N2O,0.23875938215623566,284.28999999999996,NA,0.36382672661727683,NA,NA,NA,0.05034024562744635,NA
7,2025-01-27,1,0.416756507,NA,stream,1.0764833968426784,1.000578388677191,11.14,NA,0.038394133060156856,N2O,0.23875938215623566,284.28999999999996,NA,0.4169975542447945,NA,NA,NA,0.05034024562744635,NA
7,2025-01-27,2,0.918021663,NA,stream,1.0764833968426784,1.000578388677191,11.14,NA,0.038394133060156856,N2O,0.23875938215623566,284.28999999999996,NA,0.9185526363352953,NA,NA,NA,0.05034024562744635,NA
7,2025-01-27,3,0.871800241,NA,stream,1.0764833968426784,1.000578388677191,11.14,NA,0.038394133060156856,N2O,0.23875938215623566,284.28999999999996,NA,0.8723044803881668,NA,NA,NA,0.05034024562744635,NA
9,2025-01-27,1,0.539216105,0.446948499,stream,1.0464616222101253,1.011166303756124,10.06,7.18,0.03990278593683815,N2O,0.446948499,283.21,280.33,0.545237155818624,0.4519392617031777,5.894584043096997e-4,0.0233915597411338,0.05198723042232679,449948180564.8931
9,2025-01-27,2,0.511867037,0.446948499,stream,1.0464616222101253,1.011166303756124,10.06,7.18,0.03990278593683815,N2O,0.446948499,283.21,280.33,0.5175826998178892,0.4519392617031777,5.894584043096997e-4,0.021778033510928073,0.05198723042232679,418911208271.9284
9,2025-02-20,1,0.437411609,0.017640038,stream,1.0333628198149156,1.0019393032117583,14.71,12.01,0.03395559859786339,N2O,0.017640038,287.85999999999996,285.15999999999997,0.43825988273819405,0.017674247382348938,2.266183080302708e-5,0.022509977804264388,0.0453362671174455,496511495883.6674
9,2025-02-20,2,0.429948075,0.017640038,stream,1.0333628198149156,1.0019393032117583,14.71,12.01,0.03395559859786339,N2O,0.017640038,287.85999999999996,285.15999999999997,0.43078187468273677,0.017674247382348938,2.266183080302708e-5,0.022120367128744316,0.0453362671174455,487917698901.8654
13,2025-02-28,1,0.496335054379053,NA,stream,1.05095944474687,1.0014833968426784,16.24,14.52,0.03228067127264797,N2O,0.38526369831584195,289.39,287.66999999999996,0.49707131623162953,NA,NA,NA,0.04338126612627166,NA
13,2025-02-28,2,0.457569298968162,NA,stream,1.05095944474687,1.0014833968426784,16.24,14.52,0.03228067127264797,N2O,0.38526369831584195,289.39,287.66999999999996,0.4582480558215579,NA,NA,NA,0.04338126612627166,NA
15,2025-02-28,1,0.499796767451443,0.371539184049902,stream,1.05926102340773,1.0014833968426784,16.62,14.52,0.031883588692783925,N2O,0.371539184049902,289.77,287.66999999999996,0.5005381643982614,0.3720903241024529,4.7292957379809625e-4,0.018225347652196636,0.04291202007212935,424714278693.0625
15,2025-02-28,2,0.439876242168547,0.371539184049902,stream,1.05926102340773,1.0014833968426784,16.62,14.52,0.031883588692783925,N2O,0.371539184049902,289.77,287.66999999999996,0.440528753197349,0.3720903241024529,4.7292957379809625e-4,0.015230322941512192,0.04291202007212935,354919738476.81976
3,2025-02-28,1,0.384639223553636,0.391925238529316,stream,1.0710873707131192,1.0003606423516602,15.57,NA,0.03299880924336987,N2O,0.391925238529316,288.71999999999997,NA,0.3847779407477592,0.3920665833690142,NA,NA,0.044224239105989674,NA
3,2025-02-28,2,0.36962343088799,0.391925238529316,stream,1.0710873707131192,1.0003606423516602,15.57,NA,0.03299880924336987,N2O,0.391925238529316,288.71999999999997,NA,0.36975673275133414,0.3920665833690142,NA,NA,0.044224239105989674,NA
5,2025-02-28,1,0.45955860765059797,0.424541346076614,stream,1.0588663581927056,1.0014833968426784,16.43,14.52,0.03208122091640836,N2O,0.424541346076614,289.58,287.66999999999996,0.46024031543821253,0.42517110936897046,5.403956472938701e-4,0.01534671278070689,0.04314585123691066,355693823177.55725
5,2025-02-28,2,0.409404607136131,0.424541346076614,stream,1.0588663581927056,1.0014833968426784,16.43,14.52,0.03208122091640836,N2O,0.424541346076614,289.58,287.66999999999996,0.41001191663773473,0.42517110936897046,5.403956472938701e-4,0.01282933026026366,0.04314585123691066,297347946383.50653
5a,2025-02-28,1,0.404675000032959,0.395683910472426,stream,1.080736254763201,1.0014833968426784,15.57,14.52,0.03299880924336987,N2O,0.395683910472426,288.71999999999997,287.66999999999996,0.4052752936503187,0.39627086673591944,5.036632236166905e-4,0.013510336097028725,0.044224239105989674,305496179700.21564
5a,2025-02-28,2,0.393665553473433,0.395683910472426,stream,1.080736254763201,1.0014833968426784,15.57,14.52,0.03299880924336987,N2O,0.395683910472426,288.71999999999997,287.66999999999996,0.39424951571252675,0.39627086673591944,5.036632236166905e-4,0.012947028823240761,0.044224239105989674,292758656451.07806
6,2025-02-28,1,0.388849124209834,0.413723743377164,stream,1.099870713119216,1.000578388677191,15.38,NA,0.03320674892058853,N2O,0.413723743377164,288.53,NA,0.3890740301404126,0.41396303650581845,NA,NA,0.04446698201500231,NA
6,2025-02-28,2,0.370336661037128,0.413723743377164,stream,1.099870713119216,1.000578388677191,15.38,NA,0.03320674892058853,N2O,0.413723743377164,288.53,NA,0.3705508595686206,0.41396303650581845,NA,NA,0.04446698201500231,NA
7,2025-02-28,1,0.406707087685699,0.395428550468707,stream,1.0588255307566685,1.000578388677191,16.43,NA,0.03208122091640836,N2O,0.395428550468707,289.58,NA,0.4069423224601498,0.39565726186493616,NA,NA,0.04314585123691066,NA
7,2025-02-28,2,0.325614563395441,0.395428550468707,stream,1.0588255307566685,1.000578388677191,16.43,NA,0.03208122091640836,N2O,0.395428550468707,289.58,NA,0.3258028951720374,0.39565726186493616,NA,NA,0.04314585123691066,NA
9,2025-02-28,1,0.461716404108495,0.498134776689282,stream,1.030402830702232,1.0014833968426784,15.86,14.52,0.03268510846087716,N2O,0.498134776689282,289.01,287.66999999999996,0.46240131276456237,0.4988737082442512,6.340721995073083e-4,0.014412470777696787,0.04385689768800309,328624949266.2877
9,2025-02-28,2,0.452660581946834,0.498134776689282,stream,1.030402830702232,1.0014833968426784,15.86,14.52,0.03268510846087716,N2O,0.498134776689282,289.01,287.66999999999996,0.4533320572248989,0.4988737082442512,6.340721995073083e-4,0.013952131951181898,0.04385689768800309,318128565555.1158
15,2025-03-26,1,0.275298025,NA,stream,1.0603633641807295,1.0052259118127382,17.66,14.71,0.030833147505841138,N2O,0.40216345589140223,290.81,287.85999999999996,0.276736708200871,NA,NA,NA,0.04165961503570377,NA
15,2025-03-26,2,0.337662458,NA,stream,1.0603633641807295,1.0052259118127382,17.66,14.71,0.030833147505841138,N2O,0.40216345589140223,290.81,287.85999999999996,0.3394270522279804,NA,NA,NA,0.04165961503570377,NA
15,2025-03-26,3,0.340904407,NA,stream,1.0603633641807295,1.0052259118127382,17.66,14.71,0.030833147505841138,N2O,0.40216345589140223,290.81,287.85999999999996,0.34268594336755587,NA,NA,NA,0.04165961503570377,NA
3,2025-03-26,1,0.239511067,NA,stream,1.066405824714208,1.0003606423516602,16.33,NA,0.032185966860540004,N2O,0.391925238529316,289.47999999999996,NA,0.23959744483445153,NA,NA,NA,0.043269555595145066,NA
3,2025-03-26,1,0.239893538,NA,stream,1.066405824714208,1.0003606423516602,16.33,NA,0.032185966860540004,N2O,0.391925238529316,289.47999999999996,NA,0.2399800537696924,NA,NA,NA,0.043269555595145066,NA
3,2025-03-26,3,0.251404094,NA,stream,1.066405824714208,1.0003606423516602,16.33,NA,0.032185966860540004,N2O,0.391925238529316,289.47999999999996,NA,0.2514947609636772,NA,NA,NA,0.043269555595145066,NA
5,2025-03-26,1,0.2274248,0.339918883,stream,1.0569134458356015,1.0052259118127382,17.19,14.71,0.03130140038033532,N2O,0.339918883,290.34,287.85999999999996,0.22861330194882964,0.3416952691060425,4.340105775901404e-4,0.005068581130680383,0.04221990438817258,120051932948.01227
5,2025-03-26,2,0.340433983,0.339918883,stream,1.0569134458356015,1.0052259118127382,17.19,14.71,0.03130140038033532,N2O,0.339918883,290.34,287.85999999999996,0.34221306097321724,0.3416952691060425,4.340105775901404e-4,0.010668103363030111,0.04221990438817258,252679477076.66193
5a,2025-03-26,1,0.216967214,NA,stream,1.082056341861731,1.0052259118127382,16.24,14.71,0.03228067127264797,N2O,0.401378440236213,289.39,287.85999999999996,0.2181010655266195,NA,NA,NA,0.04338126612627166,NA
5a,2025-03-26,2,0.281784784,NA,stream,1.082056341861731,1.0052259118127382,16.24,14.71,0.03228067127264797,N2O,0.401378440236213,289.39,287.85999999999996,0.2832573664313555,NA,NA,NA,0.04338126612627166,NA
5a,2025-03-26,3,0.253749416,NA,stream,1.082056341861731,1.0052259118127382,16.24,14.71,0.03228067127264797,N2O,0.401378440236213,289.39,287.85999999999996,0.25507548807054986,NA,NA,NA,0.04338126612627166,NA
6,2025-03-26,3,0.213655787,NA,stream,1.1010955362003265,1.000578388677191,16.43,NA,0.03208122091640836,N2O,0.4047217179534656,289.58,NA,0.21377936308801715,NA,NA,NA,0.04314585123691066,NA
6,2025-03-26,1,0.306361157,NA,stream,1.1010955362003265,1.000578388677191,16.43,NA,0.03208122091640836,N2O,0.4047217179534656,289.58,NA,0.30653835282433994,NA,NA,NA,0.04314585123691066,NA
6,2025-03-26,2,0.284471916,NA,stream,1.1010955362003265,1.000578388677191,16.43,NA,0.03208122091640836,N2O,0.4047217179534656,289.58,NA,0.2846364513351932,NA,NA,NA,0.04314585123691066,NA
6a,2025-03-26,1,0.228015441,NA,stream,1.0595059880239521,1.000578388677191,15.66,NA,0.03290098049390301,N2O,NA,288.81,NA,0.22814732254929915,NA,NA,NA,0.044109829457563005,NA
6a,2025-03-26,2,0.256510014,NA,stream,1.0595059880239521,1.000578388677191,15.66,NA,0.03290098049390301,N2O,NA,288.81,NA,0.25665837648768375,NA,NA,NA,0.044109829457563005,NA
7,2025-03-26,1,0.22435433,0.274318256,stream,1.0587302667392489,1.000578388677191,17.28,NA,0.031210920086083456,N2O,0.274318256,290.42999999999995,NA,0.22448409400415079,0.2744769185732172,NA,NA,0.04211189375021586,NA
7,2025-03-26,2,0.198197604,0.274318256,stream,1.0587302667392489,1.000578388677191,17.28,NA,0.031210920086083456,N2O,0.274318256,290.42999999999995,NA,0.19831223925,0.2744769185732172,NA,NA,0.04211189375021586,NA
9,2025-03-26,1,0.265805937,0.343425307,stream,1.031722917800762,1.0052259118127382,17.57,14.71,0.03092200266421861,N2O,0.343425307,290.71999999999997,287.85999999999996,0.26719501538606427,0.34522001736864455,4.384876019086627e-4,0.006798724572009992,0.04176618618741392,162780593408.80786
9,2025-03-26,2,0.340729862,0.343425307,stream,1.031722917800762,1.0052259118127382,17.57,14.71,0.03092200266421861,N2O,0.343425307,290.71999999999997,287.85999999999996,0.34251048621077845,0.34522001736864455,4.384876019086627e-4,0.010480804603087049,0.04176618618741392,250939948312.67114
15,2025-04-16,1,0.157440796,NA,stream,1.04867991290147,1.0027218290691344,18.71,17.57,0.02982404719036674,N2O,0.40216345589140223,291.85999999999996,290.71999999999997,0.15786932293522046,NA,NA,NA,0.040440904310243095,NA
15,2025-04-16,2,0.199437611,NA,stream,1.04867991290147,1.0027218290691344,18.71,17.57,0.02982404719036674,N2O,0.40216345589140223,291.85999999999996,290.71999999999997,0.1999804460870985,NA,NA,NA,0.040440904310243095,NA
3,2025-04-16,1,0.047013919,NA,stream,1.0559948285247687,1.0003606423516602,17.57,NA,0.03092200266421861,N2O,0.391925238529316,290.71999999999997,NA,0.04703087421030892,NA,NA,NA,0.04176618618741392,NA
3,2025-04-16,2,0.052606563,NA,stream,1.0559948285247687,1.0003606423516602,17.57,NA,0.03092200266421861,N2O,0.391925238529316,290.71999999999997,NA,0.05262553515459308,NA,NA,NA,0.04176618618741392,NA
3,2025-04-16,3,-0.034127646,NA,stream,1.0559948285247687,1.0003606423516602,17.57,NA,0.03092200266421861,N2O,0.391925238529316,290.71999999999997,NA,-0.03413995387451006,NA,NA,NA,0.04176618618741392,NA
5,2025-04-16,3,0.043226416,NA,stream,1.0487819814915624,1.0027218290691344,18.33,17.57,0.03018347215676906,N2O,0.38324029455466246,291.47999999999996,290.71999999999997,0.04334407091562329,NA,NA,NA,0.040876779696696126,NA
5,2025-04-16,1,0.231819922,NA,stream,1.0487819814915624,1.0027218290691344,18.33,17.57,0.03018347215676906,N2O,0.38324029455466246,291.47999999999996,290.71999999999997,0.2324508962025041,NA,NA,NA,0.040876779696696126,NA
5,2025-04-16,2,NA,NA,stream,1.0487819814915624,1.0027218290691344,18.33,17.57,0.03018347215676906,N2O,0.38324029455466246,291.47999999999996,290.71999999999997,NA,NA,NA,NA,0.040876779696696126,NA
6,2025-04-16,1,0.165876074,NA,stream,1.0926102340772998,1.000578388677191,18.14,NA,0.03036561777274738,N2O,0.4047217179534656,291.28999999999996,NA,0.16597201484301852,NA,NA,NA,0.04109690701067849,NA
6,2025-04-16,2,NA,NA,stream,1.0926102340772998,1.000578388677191,18.14,NA,0.03036561777274738,N2O,0.4047217179534656,291.28999999999996,NA,NA,NA,NA,NA,0.04109690701067849,NA
6a,2025-04-16,3,0.133228666,NA,stream,1.045549809471965,1.000578388677191,17.76,NA,0.03073486476822148,N2O,NA,290.90999999999997,NA,0.13330572395189166,NA,NA,NA,0.04154159856329602,NA
6a,2025-04-16,1,NA,NA,stream,1.045549809471965,1.000578388677191,17.76,NA,0.03073486476822148,N2O,NA,290.90999999999997,NA,NA,NA,NA,NA,0.04154159856329602,NA
6a,2025-04-16,2,NA,NA,stream,1.045549809471965,1.000578388677191,17.76,NA,0.03073486476822148,N2O,NA,290.90999999999997,NA,NA,NA,NA,NA,0.04154159856329602,NA
7,2025-04-16,1,0.214333129,0.04653134,stream,1.0534703320631464,1.000578388677191,18.52,NA,0.03000295451731,N2O,0.04653134,291.66999999999996,NA,0.21445709685496053,0.046558253200190525,NA,NA,0.04065811594108159,NA
7,2025-04-16,2,NA,0.04653134,stream,1.0534703320631464,1.000578388677191,18.52,NA,0.03000295451731,N2O,0.04653134,291.66999999999996,NA,NA,0.046558253200190525,NA,NA,0.04065811594108159,NA
13,2025-08-13,1,0.340866628657783,NA,stream,1.0503606423516603,1.002204681545999,25.22,25.51,0.024552278945655724,N2O,0.38526369831584195,298.37,298.65999999999997,0.34161813102363175,NA,NA,NA,0.03379879689837376,NA
13,2025-08-13,2,0.338096395987574,NA,stream,1.0503606423516603,1.002204681545999,25.22,25.51,0.024552278945655724,N2O,0.38526369831584195,298.37,298.65999999999997,0.3388417908725766,NA,NA,NA,0.03379879689837376,NA
15,2025-08-13,1,0.334471662606901,NA,stream,1.0646366358192705,1.002204681545999,25.42,25.51,0.024413587828937537,N2O,0.40216345589140223,298.57,298.65999999999997,0.33520906610911005,NA,NA,NA,0.03361717355786616,NA
15,2025-08-13,2,0.339505101881204,NA,stream,1.0646366358192705,1.002204681545999,25.42,25.51,0.024413587828937537,N2O,0.40216345589140223,298.57,298.65999999999997,0.340253602514094,NA,NA,NA,0.03361717355786616,NA
3,2025-08-13,1,0.33847424650148,NA,stream,1.052408818726184,1.0003606423516602,23.77,NA,0.02559552546885187,N2O,0.391925238529316,296.91999999999996,NA,0.33859631464971474,NA,NA,NA,0.03515287465066478,NA
3,2025-08-13,2,0.335353947055482,NA,stream,1.052408818726184,1.0003606423516602,23.77,NA,0.02559552546885187,N2O,0.391925238529316,296.91999999999996,NA,0.33547488989158664,NA,NA,NA,0.03515287465066478,NA
5,2025-08-13,1,0.337389298552488,NA,stream,1.047924605334785,1.002204681545999,25.12,25.51,0.024622086458319398,N2O,0.38324029455466246,298.27,298.65999999999997,0.33813313451282423,NA,NA,NA,0.03389006804066091,NA
5,2025-08-13,2,0.338842709301717,NA,stream,1.047924605334785,1.002204681545999,25.12,25.51,0.024622086458319398,N2O,0.38324029455466246,298.27,298.65999999999997,0.33958974956991084,NA,NA,NA,0.03389006804066091,NA
6,2025-08-13,1,0.340573678204057,NA,stream,1.088752041371802,1.000578388677191,23.97,NA,0.02544758385271641,N2O,0.4047217179534656,297.12,NA,0.3407706621632795,NA,NA,NA,0.03496213112481579,NA
6,2025-08-13,2,0.33790347347676303,NA,stream,1.088752041371802,1.000578388677191,23.97,NA,0.02544758385271641,N2O,0.4047217179534656,297.12,NA,0.3380989130198055,NA,NA,NA,0.03496213112481579,NA
7,2025-08-13,1,0.337403830630485,NA,stream,1.05419842133914,1.000578388677191,24.93,NA,0.02475557652684035,N2O,0.23875938215623566,298.08,NA,0.3375989811857626,NA,NA,NA,0.0340643325988405,NA
7,2025-08-13,2,0.340400395841896,NA,stream,1.05419842133914,1.000578388677191,24.93,NA,0.02475557652684035,N2O,0.23875938215623566,298.08,NA,0.34059727957656233,NA,NA,NA,0.0340643325988405,NA
