Date,ID,Long,DIC,DOC,TNPOC,POC,pH,DO,Temp,SpC,TDS,CO2_umol_L,CH4_umol_L,N2O_umol_L,CO2_sat,CH4_sat,N2O_sat,ID_Long,depth,Q,distance,Q.prop
2023-06-01T00:00:00Z,5,0,NA,6.015151515,NA,NA,NA,NA,NA,NA,NA,NA,NA,NA,NA,NA,NA,5_0,0.06647335056907876,41.05891388643366,0,41.05891388643366
2023-07-04T00:00:00Z,5,0,NA,10.56969697,NA,NA,NA,NA,NA,NA,NA,NA,NA,NA,NA,NA,NA,5_0,0.1185637519526787,73.7423787810373,0,73.7423787810373
2023-07-07T00:00:00Z,5,0,NA,56.18,NA,NA,NA,NA,NA,NA,NA,NA,NA,NA,NA,NA,NA,5_0,0.0793945593951794,49.13835757480222,0,49.13835757480222
2023-07-07T00:00:00Z,6,0,NA,53.3030303,NA,NA,NA,NA,NA,NA,NA,NA,NA,NA,NA,NA,NA,3_1,NA,NA,NA,NA
2023-07-07T00:00:00Z,9,0,NA,59.57575758,NA,NA,NA,NA,NA,NA,NA,NA,NA,NA,NA,NA,NA,9_0,0.03643157973184625,4.022244751827164,0,4.022244751827164
2023-08-04T00:00:00Z,6,0,NA,56.186672,NA,NA,NA,NA,NA,NA,NA,NA,NA,NA,NA,NA,NA,3_1,NA,NA,NA,NA
2023-08-04T00:00:00Z,9,0,NA,63.388648,NA,NA,NA,NA,NA,NA,NA,NA,NA,NA,NA,NA,NA,9_0,0.13941597761983396,47.91696467223308,0,47.91696467223308
2023-09-08T00:00:00Z,6,0,NA,74.161568,NA,NA,NA,NA,NA,NA,NA,NA,NA,NA,NA,NA,NA,3_1,NA,NA,NA,NA
2023-09-08T00:00:00Z,5,0,NA,16.208788,NA,NA,NA,NA,NA,NA,NA,NA,NA,NA,NA,NA,NA,5_0,0.16668204457621072,104.016581030834,0,104.016581030834
2023-09-08T00:00:00Z,9,0,NA,78.09304,NA,NA,NA,NA,NA,NA,NA,NA,NA,NA,NA,NA,NA,9_0,0.08743414871445149,19.812913845928932,0,19.812913845928932
2023-09-13T00:00:00Z,5,0,NA,67.66,NA,NA,NA,NA,NA,NA,NA,NA,NA,NA,NA,NA,NA,5_0,0.3047456802605912,191.46400059160996,0,191.46400059160996
2023-09-28T00:00:00Z,6,0,NA,67.285784,NA,NA,NA,NA,NA,NA,NA,NA,NA,NA,NA,NA,NA,3_1,NA,NA,NA,NA
2023-09-28T00:00:00Z,5,0,NA,38.203192,NA,NA,NA,NA,NA,NA,NA,NA,NA,NA,NA,NA,NA,5_0,0.3940795127744103,248.29828992064523,0,248.29828992064523
2023-09-28T00:00:00Z,9,0,NA,35.550736,NA,NA,NA,NA,NA,NA,NA,NA,NA,NA,NA,NA,NA,9_0,0.18881821657582706,80.94926911400333,0,80.94926911400333
2023-11-01T00:00:00Z,6,0,NA,90.28232,NA,NA,NA,NA,NA,NA,NA,NA,NA,NA,NA,NA,NA,3_1,NA,NA,NA,NA
2023-11-01T00:00:00Z,5,0,NA,61.817776,NA,NA,NA,NA,NA,NA,NA,NA,NA,NA,NA,NA,NA,5_0,0.12075868641247776,75.0885655899585,0,75.0885655899585
2023-11-01T00:00:00Z,9,0,NA,96.54864,NA,NA,NA,NA,NA,NA,NA,NA,NA,NA,NA,NA,NA,9_0,0.10198304144860029,26.230508309447085,0,26.230508309447085
2023-11-05T00:00:00Z,6,0,NA,62.358568,NA,NA,NA,NA,NA,NA,NA,NA,NA,NA,NA,NA,NA,3_1,NA,NA,NA,NA
2023-11-05T00:00:00Z,5,0,NA,16.657352,NA,NA,NA,NA,NA,NA,NA,NA,NA,NA,NA,NA,NA,5_0,0.10752065731404171,66.77014686406147,0,66.77014686406147
2023-11-05T00:00:00Z,9,0,NA,93.0292,NA,NA,NA,NA,NA,NA,NA,NA,NA,NA,NA,NA,NA,9_0,0.08675286092996436,19.541115986451885,0,19.541115986451885
2023-12-07T00:00:00Z,5,0,NA,17.41,NA,NA,NA,NA,NA,NA,NA,NA,NA,NA,NA,NA,NA,5_0,0.1875366317399301,117.18458631482108,0,117.18458631482108
2023-12-07T00:00:00Z,6,0,NA,62.392904,NA,NA,NA,NA,NA,NA,NA,NA,NA,NA,NA,NA,NA,3_1,NA,NA,NA,NA
2023-12-07T00:00:00Z,5,0,NA,4.272736,NA,NA,NA,NA,NA,NA,NA,NA,NA,NA,NA,NA,NA,5_0,0.1875366317399301,117.18458631482108,0,117.18458631482108
2023-12-07T00:00:00Z,9,0,NA,36.271792,NA,NA,NA,NA,NA,NA,NA,NA,NA,NA,NA,NA,NA,9_0,0.09031375820327406,21.013531457728153,0,21.013531457728153
2024-02-08T00:00:00Z,6,0,NA,38.68,NA,NA,NA,NA,NA,NA,NA,NA,NA,NA,NA,NA,NA,3_1,NA,NA,NA,NA
2024-02-08T00:00:00Z,6,0,NA,86.001,NA,NA,NA,NA,NA,NA,NA,NA,NA,NA,NA,NA,NA,3_1,NA,NA,NA,NA
2024-02-08T00:00:00Z,5,0,NA,81.0116,NA,NA,NA,NA,NA,NA,NA,NA,NA,NA,NA,NA,NA,5_0,0.2783946597763325,174.72751339675384,0,174.72751339675384
2024-02-08T00:00:00Z,9,0,NA,85.47528,NA,NA,NA,NA,NA,NA,NA,NA,NA,NA,NA,NA,NA,9_0,0.28376764889893424,170.5940755272018,0,170.5940755272018
2024-03-04T00:00:00Z,6,0,NA,79.724,NA,NA,NA,NA,NA,NA,NA,NA,NA,NA,NA,NA,NA,3_1,NA,NA,NA,NA
2024-03-04T00:00:00Z,5,0,NA,36.005688,NA,NA,NA,NA,NA,NA,NA,NA,NA,NA,NA,NA,NA,5_0,0.21945486282580948,137.36985865832824,0,137.36985865832824
2024-03-04T00:00:00Z,9,0,NA,77.23464,NA,NA,NA,NA,NA,NA,NA,NA,NA,NA,NA,NA,NA,9_0,0.19603191835754297,86.67943727778548,0,86.67943727778548
2024-03-25T00:00:00Z,6,0,NA,34.15,NA,NA,NA,NA,NA,NA,NA,NA,NA,NA,NA,NA,NA,3_1,NA,NA,NA,NA
2024-03-25T00:00:00Z,5,0,NA,34.22,NA,NA,NA,NA,NA,NA,NA,NA,NA,NA,NA,NA,NA,5_0,0.2007007543885216,125.51185644102337,0,125.51185644102337
2024-03-25T00:00:00Z,9,0,NA,66.34,NA,NA,NA,NA,NA,NA,NA,NA,NA,NA,NA,NA,NA,9_0,0.19217278226764253,83.65416528953185,0,83.65416528953185
2024-04-18T00:00:00Z,5,0,2.65645,39.25069,NA,NA,NA,NA,NA,NA,NA,NA,NA,NA,NA,NA,NA,5_0,0.14740681663181499,91.86202192247559,0,91.86202192247559
2024-05-08T00:00:00Z,5,0,3.6351,14.244716,NA,NA,NA,NA,NA,NA,NA,NA,NA,NA,NA,NA,NA,5_0,0.09093467571550501,56.36625933033567,0,56.36625933033567
2024-05-08T00:00:00Z,6,0,6.0068,126.82839,NA,NA,NA,NA,NA,NA,NA,NA,NA,NA,NA,NA,NA,3_1,NA,NA,NA,NA
2024-05-08T00:00:00Z,9,0,3.75091,103.06584,NA,NA,NA,NA,NA,NA,NA,NA,NA,NA,NA,NA,NA,9_0,0.018582500022142946,1.3520320746746999,0,1.3520320746746999
2024-05-30T00:00:00Z,5,0,3.35982,15.252009,NA,NA,NA,NA,NA,NA,NA,NA,NA,NA,NA,NA,NA,5_0,0.03865729843347802,23.73714893431973,0,23.73714893431973
2024-07-11T00:00:00Z,5,0,23.5559,57.66293,NA,NA,NA,NA,NA,NA,NA,NA,NA,NA,NA,NA,NA,5_0,0.3167094279643104,199.06661157841657,0,199.06661157841657
2024-07-11T00:00:00Z,5,0,23.5559,57.66293,NA,NA,NA,NA,NA,NA,NA,NA,NA,NA,NA,NA,NA,5_0,0.3167094279643104,199.06661157841657,0,199.06661157841657
2024-07-11T00:00:00Z,5,0,23.5559,57.66293,NA,NA,NA,NA,NA,NA,NA,NA,NA,NA,NA,NA,NA,5_0,0.3167094279643104,199.06661157841657,0,199.06661157841657
2024-07-11T00:00:00Z,5,0,23.5559,57.66293,NA,NA,NA,NA,NA,NA,NA,NA,NA,NA,NA,NA,NA,5_0,0.3167094279643104,199.06661157841657,0,199.06661157841657
2024-07-29T00:00:00Z,5,0,3.15077,72.72749,NA,NA,NA,NA,NA,NA,NA,NA,NA,NA,NA,NA,NA,5_0,0.47694777291652474,301.1561657491221,0,301.1561657491221
2024-07-29T00:00:00Z,9,0,2.73489,92.69401,NA,NA,NA,NA,NA,NA,NA,NA,NA,NA,NA,NA,NA,9_0,0.14969712289074938,53.04952135898414,0,53.04952135898414
2024-08-01T00:00:00Z,5,0,9.5181,60.59215,NA,NA,NA,NA,NA,NA,NA,NA,NA,NA,NA,NA,NA,5_0,0.29203267406534833,183.38666988662487,0,183.38666988662487
2024-08-01T00:00:00Z,9,0,3.27916,97.5063,NA,NA,NA,NA,NA,NA,NA,NA,NA,NA,NA,NA,NA,9_0,0.06644429758556498,12.308460959358815,0,12.308460959358815
2024-08-01T00:00:00Z,6,0,6.8356,132.83628,NA,NA,NA,NA,NA,NA,NA,NA,NA,NA,NA,NA,NA,3_1,NA,NA,NA,NA
2024-08-22T00:00:00Z,5,0,7.324,96.25092,NA,NA,NA,NA,NA,NA,NA,NA,NA,NA,NA,NA,NA,5_0,0.07779465089233188,48.136120711050175,0,48.136120711050175
2024-08-23T00:00:00Z,6,0,4.1975,133.64331,NA,NA,NA,NA,NA,NA,NA,NA,NA,NA,NA,NA,NA,3_1,NA,NA,NA,NA
2024-08-23T00:00:00Z,5,0,2.56913,62.56489,NA,NA,NA,NA,NA,NA,NA,NA,NA,NA,NA,NA,NA,5_0,0.06375445776865592,39.37027111568881,0,39.37027111568881
2024-08-23T00:00:00Z,9,0,3.70096,150.4116,NA,NA,NA,NA,NA,NA,NA,NA,NA,NA,NA,NA,NA,9_0,0.22330620492409822,110.43161554279055,0,110.43161554279055
2024-09-13T00:00:00Z,9,0,3.910379999999999,109.88076,NA,NA,NA,NA,NA,NA,NA,NA,NA,NA,NA,NA,NA,9_0,0.25082669577926575,136.11972843070737,0,136.11972843070737
2024-09-13T00:00:00Z,9,0,3.910379999999999,109.88076,NA,NA,NA,NA,NA,NA,NA,NA,NA,NA,NA,NA,NA,9_0,0.25082669577926575,136.11972843070737,0,136.11972843070737
2024-09-13T00:00:00Z,6,0,5.4333,87.46326,NA,NA,NA,NA,NA,NA,NA,NA,NA,NA,NA,NA,NA,3_1,NA,NA,NA,NA
2024-09-13T00:00:00Z,6,0,5.4333,87.46326,NA,NA,NA,NA,NA,NA,NA,NA,NA,NA,NA,NA,NA,3_1,NA,NA,NA,NA
2024-09-13T00:00:00Z,5,0,3.21478,59.87479,NA,NA,NA,NA,NA,NA,NA,NA,NA,NA,NA,NA,NA,5_0,0.2893101036851425,181.65715836333072,0,181.65715836333072
2024-09-13T00:00:00Z,5,0,3.21478,59.87479,NA,NA,NA,NA,NA,NA,NA,NA,NA,NA,NA,NA,NA,5_0,0.2893101036851425,181.65715836333072,0,181.65715836333072
2024-09-13T00:00:00Z,9,0,3.910379999999999,109.88076,NA,NA,NA,NA,NA,NA,NA,NA,NA,NA,NA,NA,NA,9_0,0.25082669577926575,136.11972843070737,0,136.11972843070737
2024-09-13T00:00:00Z,9,0,3.910379999999999,109.88076,NA,NA,NA,NA,NA,NA,NA,NA,NA,NA,NA,NA,NA,9_0,0.25082669577926575,136.11972843070737,0,136.11972843070737
2024-09-13T00:00:00Z,6,0,5.4333,87.46326,NA,NA,NA,NA,NA,NA,NA,NA,NA,NA,NA,NA,NA,3_1,NA,NA,NA,NA
2024-09-13T00:00:00Z,6,0,5.4333,87.46326,NA,NA,NA,NA,NA,NA,NA,NA,NA,NA,NA,NA,NA,3_1,NA,NA,NA,NA
2024-09-13T00:00:00Z,5,0,3.21478,59.87479,NA,NA,NA,NA,NA,NA,NA,NA,NA,NA,NA,NA,NA,5_0,0.2893101036851425,181.65715836333072,0,181.65715836333072
2024-09-13T00:00:00Z,5,0,3.21478,59.87479,NA,NA,NA,NA,NA,NA,NA,NA,NA,NA,NA,NA,NA,5_0,0.2893101036851425,181.65715836333072,0,181.65715836333072
2024-09-18T00:00:00Z,5,0,1.83061,55.570629999999994,NA,NA,NA,NA,NA,NA,NA,NA,NA,NA,NA,NA,NA,5_0,0.19772320514338024,123.62462819255954,0,123.62462819255954
2024-09-18T00:00:00Z,6,0,4.5638,112.06273,NA,NA,NA,NA,NA,NA,NA,NA,NA,NA,NA,NA,NA,3_1,NA,NA,NA,NA
2024-09-18T00:00:00Z,9,0,2.61538,120.37215,NA,NA,NA,NA,NA,NA,NA,NA,NA,NA,NA,NA,NA,9_0,0.2172525537475316,104.62132628407883,0,104.62132628407883
2024-10-04T00:00:00Z,6,0,1.26525,112.7502,NA,NA,NA,NA,NA,NA,NA,NA,NA,NA,NA,NA,NA,3_1,NA,NA,NA,NA
2024-10-04T00:00:00Z,6,0,1.26525,107.78846,NA,NA,NA,NA,NA,NA,NA,NA,NA,NA,NA,NA,NA,3_1,NA,NA,NA,NA
2024-10-04T00:00:00Z,6,0,1.26525,113.82624,NA,NA,NA,NA,NA,NA,NA,NA,NA,NA,NA,NA,NA,3_1,NA,NA,NA,NA
2024-10-04T00:00:00Z,6,0,1.26525,115.41041,NA,NA,NA,NA,NA,NA,NA,NA,NA,NA,NA,NA,NA,3_1,NA,NA,NA,NA
2024-10-04T00:00:00Z,6,0,1.26525,115.05173,NA,NA,NA,NA,NA,NA,NA,NA,NA,NA,NA,NA,NA,3_1,NA,NA,NA,NA
2024-10-04T00:00:00Z,5,0,1.35442,51.98383,NA,NA,NA,NA,NA,NA,NA,NA,NA,NA,NA,NA,NA,5_0,0.13001805807807423,80.91357687216633,0,80.91357687216633
2024-10-04T00:00:00Z,9,0,1.20494,117.68205,NA,NA,NA,NA,NA,NA,NA,NA,NA,NA,NA,NA,NA,9_0,0.19368252554686924,84.84937631232819,0,84.84937631232819
2024-10-04T00:00:00Z,6,0,4.5120000000000005,112.7502,NA,NA,NA,NA,NA,NA,NA,NA,NA,NA,NA,NA,NA,3_1,NA,NA,NA,NA
2024-10-04T00:00:00Z,6,0,4.5120000000000005,107.78846,NA,NA,NA,NA,NA,NA,NA,NA,NA,NA,NA,NA,NA,3_1,NA,NA,NA,NA
2024-10-04T00:00:00Z,6,0,4.5120000000000005,113.82624,NA,NA,NA,NA,NA,NA,NA,NA,NA,NA,NA,NA,NA,3_1,NA,NA,NA,NA
2024-10-04T00:00:00Z,6,0,4.5120000000000005,115.41041,NA,NA,NA,NA,NA,NA,NA,NA,NA,NA,NA,NA,NA,3_1,NA,NA,NA,NA
2024-10-04T00:00:00Z,6,0,4.5120000000000005,115.05173,NA,NA,NA,NA,NA,NA,NA,NA,NA,NA,NA,NA,NA,3_1,NA,NA,NA,NA
2024-10-04T00:00:00Z,6,0,6.0363999999999995,112.7502,NA,NA,NA,NA,NA,NA,NA,NA,NA,NA,NA,NA,NA,3_1,NA,NA,NA,NA
2024-10-04T00:00:00Z,6,0,6.0363999999999995,107.78846,NA,NA,NA,NA,NA,NA,NA,NA,NA,NA,NA,NA,NA,3_1,NA,NA,NA,NA
2024-10-04T00:00:00Z,6,0,6.0363999999999995,113.82624,NA,NA,NA,NA,NA,NA,NA,NA,NA,NA,NA,NA,NA,3_1,NA,NA,NA,NA
2024-10-04T00:00:00Z,6,0,6.0363999999999995,115.41041,NA,NA,NA,NA,NA,NA,NA,NA,NA,NA,NA,NA,NA,3_1,NA,NA,NA,NA
2024-10-04T00:00:00Z,6,0,6.0363999999999995,115.05173,NA,NA,NA,NA,NA,NA,NA,NA,NA,NA,NA,NA,NA,3_1,NA,NA,NA,NA
2024-10-04T00:00:00Z,6,0,6.1251999999999995,112.7502,NA,NA,NA,NA,NA,NA,NA,NA,NA,NA,NA,NA,NA,3_1,NA,NA,NA,NA
2024-10-04T00:00:00Z,6,0,6.1251999999999995,107.78846,NA,NA,NA,NA,NA,NA,NA,NA,NA,NA,NA,NA,NA,3_1,NA,NA,NA,NA
2024-10-04T00:00:00Z,6,0,6.1251999999999995,113.82624,NA,NA,NA,NA,NA,NA,NA,NA,NA,NA,NA,NA,NA,3_1,NA,NA,NA,NA
2024-10-04T00:00:00Z,6,0,6.1251999999999995,115.41041,NA,NA,NA,NA,NA,NA,NA,NA,NA,NA,NA,NA,NA,3_1,NA,NA,NA,NA
2024-10-04T00:00:00Z,6,0,6.1251999999999995,115.05173,NA,NA,NA,NA,NA,NA,NA,NA,NA,NA,NA,NA,NA,3_1,NA,NA,NA,NA
2024-10-04T00:00:00Z,6,0,6.029,112.7502,NA,NA,NA,NA,NA,NA,NA,NA,NA,NA,NA,NA,NA,3_1,NA,NA,NA,NA
2024-10-04T00:00:00Z,6,0,6.029,107.78846,NA,NA,NA,NA,NA,NA,NA,NA,NA,NA,NA,NA,NA,3_1,NA,NA,NA,NA
2024-10-04T00:00:00Z,6,0,6.029,113.82624,NA,NA,NA,NA,NA,NA,NA,NA,NA,NA,NA,NA,NA,3_1,NA,NA,NA,NA
2024-10-04T00:00:00Z,6,0,6.029,115.41041,NA,NA,NA,NA,NA,NA,NA,NA,NA,NA,NA,NA,NA,3_1,NA,NA,NA,NA
2024-10-04T00:00:00Z,6,0,6.029,115.05173,NA,NA,NA,NA,NA,NA,NA,NA,NA,NA,NA,NA,NA,3_1,NA,NA,NA,NA
2024-10-25T00:00:00Z,5,0,NA,40.466899999999995,39.249199999999995,1.217700000000001,NA,NA,NA,NA,NA,NA,NA,NA,NA,NA,NA,5_0,0.056975516888096746,35.132159403536896,0,35.132159403536896
2024-10-25T00:00:00Z,6,0,NA,100.1936,98.2631,1.930499999999995,NA,NA,NA,NA,NA,NA,NA,NA,NA,NA,NA,3_1,NA,NA,NA,NA
2024-10-25T00:00:00Z,9,0,NA,107.9156,109.8164,1.900800000000004,NA,NA,NA,NA,NA,NA,NA,NA,NA,NA,NA,9_0,0.18907045338566197,81.17618324527248,0,81.17618324527248
2024-11-22T00:00:00Z,6,0,3.24771,102.34848,94.8179,7.53058,NA,NA,NA,NA,NA,NA,NA,NA,NA,NA,NA,3_1,NA,NA,NA,NA
2024-11-22T00:00:00Z,6,0,3.24771,93.5111,94.8179,1.3067999999999955,NA,NA,NA,NA,NA,NA,NA,NA,NA,NA,NA,3_1,NA,NA,NA,NA
2024-11-22T00:00:00Z,9,0,1.91275,111.04647,104.0843,6.962170000000015,NA,NA,NA,NA,NA,NA,NA,NA,NA,NA,NA,9_0,0.0767954910734997,15.62464144624862,0,15.62464144624862
2024-11-22T00:00:00Z,9,0,1.91275,104.8862,104.0843,0.8019000000000034,NA,NA,NA,NA,NA,NA,NA,NA,NA,NA,NA,9_0,0.0767954910734997,15.62464144624862,0,15.62464144624862
2024-11-22T00:00:00Z,5,0,2.26425,22.500334,20.472859999999997,2.0274740000000016,NA,NA,NA,NA,NA,NA,NA,NA,NA,NA,NA,5_0,0.03451131112052436,21.161163358955115,0,21.161163358955115
2024-11-22T00:00:00Z,5,0,2.26425,18.90767,20.472859999999997,1.5651899999999976,NA,NA,NA,NA,NA,NA,NA,NA,NA,NA,NA,5_0,0.03451131112052436,21.161163358955115,0,21.161163358955115
2024-12-12T00:00:00Z,5,0,0.699113,18.93737,NA,NA,NA,NA,NA,NA,NA,NA,NA,NA,NA,NA,NA,5_0,0.06886745500763732,42.55586324497606,0,42.55586324497606
2024-12-12T00:00:00Z,6,0,0.72516099999999994,88.0166,NA,NA,NA,NA,NA,NA,NA,NA,NA,NA,NA,NA,NA,3_1,NA,NA,NA,NA
2024-12-12T00:00:00Z,9,0,0.730156,18.79184,NA,NA,NA,NA,NA,NA,NA,NA,NA,NA,NA,NA,NA,9_0,0.06597459967647219,11.843132353472518,0,11.843132353472518
2024-12-13T00:00:00Z,6,0,1.90905,88.4621,NA,NA,NA,NA,NA,NA,NA,NA,NA,NA,NA,NA,NA,3_1,NA,NA,NA,NA
2024-12-13T00:00:00Z,9,0,1.26044,95.1743,94.4912,0.6830999999999818,NA,NA,NA,NA,NA,NA,NA,NA,NA,NA,NA,9_0,0.05522822765925247,8.570961998818076,0,8.570961998818076
2024-12-13T00:00:00Z,5,0,1.95752,19.28783,18.3998,0.8880300000000005,NA,NA,NA,NA,NA,NA,NA,NA,NA,NA,NA,5_0,0.05573985008109855,34.361211783899144,0,34.361211783899144
2025-01-27T00:00:00Z,6,0,5.0855,77.5028,79.2551,1.7523000000000053,NA,NA,NA,NA,NA,NA,NA,NA,NA,NA,NA,3_1,NA,NA,NA,NA
2025-01-27T00:00:00Z,9,0,2.85403,73.3151,72.9587,0.3564000000000078,NA,NA,NA,NA,NA,NA,NA,NA,NA,NA,NA,9_0,0.19666601053481814,87.22459426629082,0,87.22459426629082
2025-01-27T00:00:00Z,5,0,2.7656,34.64569999999999,34.823899999999995,0.1782000000000039,NA,NA,NA,NA,NA,NA,NA,NA,NA,NA,NA,5_0,0.2168534590216034,135.72378343994873,0,135.72378343994873
2025-02-20T00:00:00Z,6,0,8.7929,76.58210000000001,77.4137,0.8315999999999946,NA,NA,NA,NA,NA,NA,NA,NA,NA,NA,NA,3_1,NA,NA,NA,NA
2025-02-20T00:00:00Z,9,0,2.38117,74.6219,75.1268,0.5049000000000063,NA,NA,NA,NA,NA,NA,NA,NA,NA,NA,NA,9_0,0.1648166534211855,63.11231177277367,0,63.11231177277367
2025-02-20T00:00:00Z,5,0,NA,35.507,NA,NA,NA,NA,NA,NA,NA,NA,NA,NA,NA,NA,NA,5_0,0.2553345893055422,160.10234621556677,0,160.10234621556677
2025-02-28T00:00:00Z,9,0,2.3179,76.96820000000001,76.67120000000001,0.29699999999999704,NA,NA,NA,NA,NA,NA,NA,NA,NA,NA,NA,9_0,0.13403969792788065,43.26635943181013,0,43.26635943181013
2025-02-28T00:00:00Z,6,0,3.77755,85.43270000000001,83.5319,1.900800000000018,NA,NA,NA,NA,NA,NA,NA,NA,NA,NA,NA,3_1,NA,NA,NA,NA
2025-02-28T00:00:00Z,5,0,2.64979,35.8931,34.705099999999995,1.1880000000000024,NA,NA,NA,NA,NA,NA,NA,NA,NA,NA,NA,5_0,0.16245476339437534,101.35017180899058,0,101.35017180899058
2025-03-11T00:00:00Z,6,0,5.1484,83.0567,78.21560000000001,4.841099999999997,NA,NA,NA,NA,NA,NA,NA,NA,NA,NA,NA,3_1,NA,NA,NA,NA
2025-03-11T00:00:00Z,6,0,5.1484,83.0567,78.21560000000001,4.841099999999997,NA,NA,NA,NA,NA,NA,NA,NA,NA,NA,NA,3_1,NA,NA,NA,NA
2025-03-11T00:00:00Z,9,0,3.5603599999999997,64.91,65.11789999999999,0.2078999999999951,NA,NA,NA,NA,NA,NA,NA,NA,NA,NA,NA,9_0,0.27025209156478913,156.0480985275671,0,156.0480985275671
2025-03-11T00:00:00Z,9,0,3.5603599999999997,64.91,65.11789999999999,0.2078999999999951,NA,NA,NA,NA,NA,NA,NA,NA,NA,NA,NA,9_0,0.27025209156478913,156.0480985275671,0,156.0480985275671
2025-04-16T00:00:00Z,6,0,4.4195,88.6106,88.967,0.3563999999999936,NA,NA,NA,NA,NA,NA,NA,NA,NA,NA,NA,3_1,NA,NA,NA,NA
2025-04-16T00:00:00Z,5,0,2.8825200000000004,34.25959999999999,30.190699999999996,4.068899999999996,NA,NA,NA,NA,NA,NA,NA,NA,NA,NA,NA,5_0,0.055607070095259066,34.27950603063105,0,34.27950603063105
2025-04-16T00:00:00Z,9,0,1.92866,93.0062,91.9667,1.039500000000004,NA,NA,NA,NA,NA,NA,NA,NA,NA,NA,NA,9_0,0.06530324780929282,11.643322428175013,0,11.643322428175013
2023-06-01T00:00:00Z,6,2,NA,15.12,NA,NA,NA,NA,NA,NA,NA,NA,NA,NA,NA,NA,NA,6_2,0.1492425651517973,7.669448187471321,390.63,7.658082112995001
2023-06-01T00:00:00Z,6,2,NA,7.057,NA,NA,NA,NA,NA,NA,NA,NA,NA,NA,NA,NA,NA,6_2,0.1492425651517973,7.669448187471321,390.63,7.658082112995001
2023-07-04T00:00:00Z,6,2,NA,14.02,NA,NA,NA,NA,NA,NA,NA,NA,NA,NA,NA,NA,NA,6_2,0.15207249505408105,8.156921538767188,390.63,8.144833031818465
2023-07-07T00:00:00Z,6,2,NA,55.7,NA,NA,NA,NA,NA,NA,NA,NA,NA,NA,NA,NA,NA,6_2,0.16147567944486585,9.833158899084099,390.63,9.818586218800913
2023-07-07T00:00:00Z,6,1,NA,53.3030303,NA,NA,NA,NA,NA,NA,NA,NA,NA,NA,NA,NA,NA,3_1,0.16147567944486585,9.833158899084099,4518.92,1.1701189682154074
2023-08-04T00:00:00Z,6,1,NA,56.186672,NA,NA,NA,NA,NA,NA,NA,NA,NA,NA,NA,NA,NA,3_1,0.7183314874205491,741.7929858716909,4518.92,88.27133296284443
2023-08-04T00:00:00Z,6,2,NA,46.194896,NA,NA,NA,NA,NA,NA,NA,NA,NA,NA,NA,NA,NA,6_2,0.7183314874205491,741.7929858716909,390.63,740.6936532838259
2023-09-08T00:00:00Z,6,1,NA,74.161568,NA,NA,NA,NA,NA,NA,NA,NA,NA,NA,NA,NA,NA,3_1,0.35828794245001083,98.0344351421948,4518.92,11.66582918830387
2023-09-08T00:00:00Z,6,2,NA,41.65396,NA,NA,NA,NA,NA,NA,NA,NA,NA,NA,NA,NA,NA,6_2,0.35828794245001083,98.0344351421948,390.63,97.88914871951704
2023-09-28T00:00:00Z,6,2,NA,5.869,NA,NA,NA,NA,NA,NA,NA,NA,NA,NA,NA,NA,NA,6_2,0.3609868988968752,100.12065759361968,390.63,99.97227940225434
2023-09-28T00:00:00Z,6,1,NA,67.285784,NA,NA,NA,NA,NA,NA,NA,NA,NA,NA,NA,NA,NA,3_1,0.3609868988968752,100.12065759361968,4518.92,11.914083944215166
2023-09-28T00:00:00Z,6,2,NA,23.432224,NA,NA,NA,NA,NA,NA,NA,NA,NA,NA,NA,NA,NA,6_2,0.3609868988968752,100.12065759361968,390.63,99.97227940225434
2023-11-01T00:00:00Z,6,1,NA,90.28232,NA,NA,NA,NA,NA,NA,NA,NA,NA,NA,NA,NA,NA,3_1,0.2529762877707573,35.60978753914271,4518.92,4.237467153871848
2023-11-01T00:00:00Z,6,2,NA,39.181768,NA,NA,NA,NA,NA,NA,NA,NA,NA,NA,NA,NA,NA,6_2,0.2529762877707573,35.60978753914271,390.63,35.55701405565833
2023-11-05T00:00:00Z,6,1,NA,62.358568,NA,NA,NA,NA,NA,NA,NA,NA,NA,NA,NA,NA,NA,3_1,0.22048399551344586,23.8614721264546,4518.92,2.839449807661342
2023-11-05T00:00:00Z,6,2,NA,34.52924,NA,NA,NA,NA,NA,NA,NA,NA,NA,NA,NA,NA,NA,6_2,0.22048399551344586,23.8614721264546,390.63,23.826109573285915
2023-12-07T00:00:00Z,6,1,NA,62.392904,NA,NA,NA,NA,NA,NA,NA,NA,NA,NA,NA,NA,NA,3_1,0.2268865651367674,25.911383076727056,4518.92,3.0833835944213313
2023-12-07T00:00:00Z,6,2,NA,19.739008,NA,NA,NA,NA,NA,NA,NA,NA,NA,NA,NA,NA,NA,6_2,0.2268865651367674,25.911383076727056,390.63,25.87298256828948
2024-02-08T00:00:00Z,6,1,NA,38.68,NA,NA,NA,NA,NA,NA,NA,NA,NA,NA,NA,NA,NA,3_1,0.36505407632027387,103.42680523646098,4518.92,12.307506455568014
2024-02-08T00:00:00Z,6,1,NA,86.001,NA,NA,NA,NA,NA,NA,NA,NA,NA,NA,NA,NA,NA,3_1,0.36505407632027387,103.42680523646098,4518.92,12.307506455568014
2024-02-08T00:00:00Z,6,2,NA,57.66312,NA,NA,NA,NA,NA,NA,NA,NA,NA,NA,NA,NA,NA,6_2,0.36505407632027387,103.42680523646098,390.63,103.27352735486764
2024-03-04T00:00:00Z,6,1,NA,79.724,NA,NA,NA,NA,NA,NA,NA,NA,NA,NA,NA,NA,NA,3_1,0.33160458488749156,78.17839320855578,4518.92,9.303014599556032
2024-03-04T00:00:00Z,6,2,NA,67.182776,NA,NA,NA,NA,NA,NA,NA,NA,NA,NA,NA,NA,NA,6_2,0.33160458488749156,78.17839320855578,390.63,78.06253331643224
2024-03-25T00:00:00Z,6,1,NA,34.15,NA,NA,NA,NA,NA,NA,NA,NA,NA,NA,NA,NA,NA,3_1,0.3271569855392675,75.20752151047085,4518.92,8.949489007044019
2024-03-25T00:00:00Z,6,2,NA,30.92,NA,NA,NA,NA,NA,NA,NA,NA,NA,NA,NA,NA,NA,6_2,0.3271569855392675,75.20752151047085,390.63,75.09606443171207
2024-04-18T00:00:00Z,6,2,5.3556,76.43385,NA,NA,NA,NA,NA,NA,NA,NA,NA,NA,NA,NA,NA,6_2,0.27567169330142904,45.80050791261181,390.63,45.73263184496481
2024-05-08T00:00:00Z,6,1,6.0068,126.82839,NA,NA,NA,NA,NA,NA,NA,NA,NA,NA,NA,NA,NA,3_1,0.11398360768749513,3.579701970174597,4518.92,0.4259747268245112
2024-05-08T00:00:00Z,6,2,6.3657,80.28966,NA,NA,NA,NA,NA,NA,NA,NA,NA,NA,NA,NA,NA,6_2,0.11398360768749513,3.579701970174597,390.63,3.5743968741362018
2024-05-30T00:00:00Z,6,2,5.474,83.458,NA,NA,NA,NA,NA,NA,NA,NA,NA,NA,NA,NA,NA,6_2,0.059138536458891354,NA,390.63,NA
2024-07-11T00:00:00Z,6,2,10.124899999999998,87.37359000000001,NA,NA,NA,NA,NA,NA,NA,NA,NA,NA,NA,NA,NA,6_2,0.1466827115472416,7.456848837606645,390.63,7.4457978340435265
2024-07-11T00:00:00Z,6,2,10.124899999999998,87.37359000000001,NA,NA,NA,NA,NA,NA,NA,NA,NA,NA,NA,NA,NA,6_2,0.1466827115472416,7.456848837606645,390.63,7.4457978340435265
2024-07-11T00:00:00Z,6,2,10.124899999999998,87.37359000000001,NA,NA,NA,NA,NA,NA,NA,NA,NA,NA,NA,NA,NA,6_2,0.1466827115472416,7.456848837606645,390.63,7.4457978340435265
2024-07-11T00:00:00Z,6,2,10.124899999999998,87.37359000000001,NA,NA,NA,NA,NA,NA,NA,NA,NA,NA,NA,NA,NA,6_2,0.1466827115472416,7.456848837606645,390.63,7.4457978340435265
2024-07-29T00:00:00Z,6,2,6.1696,81.87383,NA,NA,NA,NA,NA,NA,NA,NA,NA,NA,NA,NA,NA,6_2,0.3028582057164121,60.233498000718555,390.63,60.144232331597294
2024-08-01T00:00:00Z,5,3,5.4444,72.66771000000001,NA,NA,3.6,NA,NA,NA,NA,NA,NA,NA,NA,NA,NA,5_3,0.29203267406534833,183.38666988662487,2467.91,105.62536298600578
2024-08-01T00:00:00Z,9,2,11.6419,87.88172,NA,NA,3.41,NA,NA,NA,NA,NA,NA,NA,NA,NA,NA,9_2,0.06644429758556498,12.308460959358815,3140.96,1.2149524977558706
2024-08-01T00:00:00Z,5,2,4.8006,75.26814,NA,NA,3.17,NA,NA,NA,NA,NA,NA,NA,NA,NA,NA,5_2,0.29203267406534833,183.38666988662487,4497.86,18.677100157478264
2024-08-01T00:00:00Z,6,2,6.3324,130.11629,NA,NA,NA,NA,NA,NA,NA,NA,NA,NA,NA,NA,NA,6_2,0.2592839784164421,38.46420757666458,390.63,38.40720386045157
2024-08-01T00:00:00Z,9,1,9.7068,95.50367,NA,NA,3.71,NA,NA,NA,NA,NA,NA,NA,NA,NA,NA,9_1,0.06644429758556498,12.308460959358815,8475.96,0.16246355507257643
2024-08-01T00:00:00Z,5,4,3.20109,69.11080000000001,NA,NA,3.86,NA,NA,NA,NA,NA,NA,NA,NA,NA,NA,5_4,0.29203267406534833,183.38666988662487,1267.37,149.62682769041277
2024-08-01T00:00:00Z,6,1,6.8356,132.83628,NA,NA,NA,NA,NA,NA,NA,NA,NA,NA,NA,NA,NA,3_1,0.2592839784164421,38.46420757666458,4518.92,4.577135317829778
2024-08-01T00:00:00Z,5,1,16.0671,62.80401,NA,NA,3.46,NA,NA,NA,NA,NA,NA,NA,NA,NA,NA,5_1,0.29203267406534833,183.38666988662487,6130.37,1.4260258749964436
2024-08-01T00:00:00Z,9,4,7.2204,101.27244000000002,NA,NA,3.36,NA,NA,NA,NA,NA,NA,NA,NA,NA,NA,9_4,0.06644429758556498,12.308460959358815,904.88,11.939221382147569
2024-08-23T00:00:00Z,6,2,4.7266,91.67775,NA,NA,NA,NA,NA,NA,NA,NA,NA,NA,NA,NA,NA,6_2,0.4131287863974326,148.7660172851814,390.63,148.54554697354004
2024-08-23T00:00:00Z,6,1,4.1975,133.64331,NA,NA,NA,NA,NA,NA,NA,NA,NA,NA,NA,NA,NA,3_1,0.4131287863974326,148.7660172851814,4518.92,17.702748469514294
2024-09-13T00:00:00Z,6,2,4.9227,75.92572000000001,NA,NA,NA,NA,NA,NA,NA,NA,NA,NA,NA,NA,NA,6_2,0.6451116804331511,542.8599966893465,390.63,542.0554815532165
2024-09-13T00:00:00Z,6,2,4.9227,75.92572000000001,NA,NA,NA,NA,NA,NA,NA,NA,NA,NA,NA,NA,NA,6_2,0.6451116804331511,542.8599966893465,390.63,542.0554815532165
2024-09-13T00:00:00Z,6,1,5.4333,87.46326,NA,NA,NA,NA,NA,NA,NA,NA,NA,NA,NA,NA,NA,3_1,0.6451116804331511,542.8599966893465,4518.92,64.59885228446005
2024-09-13T00:00:00Z,6,1,5.4333,87.46326,NA,NA,NA,NA,NA,NA,NA,NA,NA,NA,NA,NA,NA,3_1,0.6451116804331511,542.8599966893465,4518.92,64.59885228446005
2024-09-13T00:00:00Z,6,2,4.9227,75.92572000000001,NA,NA,NA,NA,NA,NA,NA,NA,NA,NA,NA,NA,NA,6_2,0.6451116804331511,542.8599966893465,390.63,542.0554815532165
2024-09-13T00:00:00Z,6,2,4.9227,75.92572000000001,NA,NA,NA,NA,NA,NA,NA,NA,NA,NA,NA,NA,NA,6_2,0.6451116804331511,542.8599966893465,390.63,542.0554815532165
2024-09-13T00:00:00Z,6,1,5.4333,87.46326,NA,NA,NA,NA,NA,NA,NA,NA,NA,NA,NA,NA,NA,3_1,0.6451116804331511,542.8599966893465,4518.92,64.59885228446005
2024-09-13T00:00:00Z,6,1,5.4333,87.46326,NA,NA,NA,NA,NA,NA,NA,NA,NA,NA,NA,NA,NA,3_1,0.6451116804331511,542.8599966893465,4518.92,64.59885228446005
2024-09-18T00:00:00Z,5,4,2.20357,59.75523,NA,NA,NA,NA,NA,NA,NA,NA,NA,NA,NA,NA,NA,5_4,0.19772320514338024,123.62462819255954,1267.37,100.86644221357636
2024-09-18T00:00:00Z,5,2,4.3454999999999995,87.46326,NA,NA,NA,NA,NA,NA,NA,NA,NA,NA,NA,NA,NA,5_2,0.19772320514338024,123.62462819255954,4497.86,12.590607398623398
2024-09-18T00:00:00Z,5,1,3.4205,96.13136,NA,NA,NA,NA,NA,NA,NA,NA,NA,NA,NA,NA,NA,5_1,0.19772320514338024,123.62462819255954,6130.37,0.9613126117530445
2024-09-18T00:00:00Z,6,1,4.5638,112.06273,NA,NA,NA,NA,NA,NA,NA,NA,NA,NA,NA,NA,NA,3_1,0.5886156029887821,415.5922554008228,4518.92,49.454339757818836
2024-09-18T00:00:00Z,6,2,5.2113,111.10625,NA,NA,NA,NA,NA,NA,NA,NA,NA,NA,NA,NA,NA,3_2,0.5886156029887821,415.5922554008228,390.63,414.97635026512035
2024-09-18T00:00:00Z,6,4,3.26399,165.50605,NA,NA,NA,NA,NA,NA,NA,NA,NA,NA,NA,NA,NA,3_4,NA,NA,NA,NA
2024-09-18T00:00:00Z,6,1,3.10859,94.99554,NA,NA,NA,NA,NA,NA,NA,NA,NA,NA,NA,NA,NA,6_1,0.5886156029887821,415.5922554008228,4518.92,49.454339757818836
2024-09-18T00:00:00Z,6,2,3.28582,77.42022000000001,NA,NA,NA,NA,NA,NA,NA,NA,NA,NA,NA,NA,NA,6_2,0.5886156029887821,415.5922554008228,390.63,414.97635026512035
2024-09-18T00:00:00Z,6,3,3.55185,77.74901,NA,NA,NA,NA,NA,NA,NA,NA,NA,NA,NA,NA,NA,6_3,0.5886156029887821,415.5922554008228,0,415.5922554008228
2024-09-18T00:00:00Z,9,3,7.253699999999999,99.92739000000002,NA,NA,NA,NA,NA,NA,NA,NA,NA,NA,NA,NA,NA,9_3,0.2172525537475316,104.62132628407883,2002.8,30.659835294374396
2024-09-18T00:00:00Z,9,4,3.3983,120.96995,NA,NA,NA,NA,NA,NA,NA,NA,NA,NA,NA,NA,NA,9_4,0.2172525537475316,104.62132628407883,904.88,101.48280763321206
2024-10-04T00:00:00Z,6,2,2.37303,80.28966,NA,NA,NA,NA,NA,NA,NA,NA,NA,NA,NA,NA,NA,6_2,0.42756115791951943,164.58582373578838,390.63,164.34190856945563
2024-10-04T00:00:00Z,6,1,1.26525,112.7502,NA,NA,NA,NA,NA,NA,NA,NA,NA,NA,NA,NA,NA,3_1,0.42756115791951943,164.58582373578838,4518.92,19.585262094212855
2024-10-04T00:00:00Z,6,1,1.26525,107.78846,NA,NA,NA,NA,NA,NA,NA,NA,NA,NA,NA,NA,NA,3_1,0.42756115791951943,164.58582373578838,4518.92,19.585262094212855
2024-10-04T00:00:00Z,6,1,1.26525,113.82624,NA,NA,NA,NA,NA,NA,NA,NA,NA,NA,NA,NA,NA,3_1,0.42756115791951943,164.58582373578838,4518.92,19.585262094212855
2024-10-04T00:00:00Z,6,1,1.26525,115.41041,NA,NA,NA,NA,NA,NA,NA,NA,NA,NA,NA,NA,NA,3_1,0.42756115791951943,164.58582373578838,4518.92,19.585262094212855
2024-10-04T00:00:00Z,6,1,1.26525,115.05173,NA,NA,NA,NA,NA,NA,NA,NA,NA,NA,NA,NA,NA,3_1,0.42756115791951943,164.58582373578838,4518.92,19.585262094212855
2024-10-04T00:00:00Z,6,1,4.5120000000000005,112.7502,NA,NA,NA,NA,NA,NA,NA,NA,NA,NA,NA,NA,NA,3_1,0.42756115791951943,164.58582373578838,4518.92,19.585262094212855
2024-10-04T00:00:00Z,6,1,4.5120000000000005,107.78846,NA,NA,NA,NA,NA,NA,NA,NA,NA,NA,NA,NA,NA,3_1,0.42756115791951943,164.58582373578838,4518.92,19.585262094212855
2024-10-04T00:00:00Z,6,1,4.5120000000000005,113.82624,NA,NA,NA,NA,NA,NA,NA,NA,NA,NA,NA,NA,NA,3_1,0.42756115791951943,164.58582373578838,4518.92,19.585262094212855
2024-10-04T00:00:00Z,6,1,4.5120000000000005,115.41041,NA,NA,NA,NA,NA,NA,NA,NA,NA,NA,NA,NA,NA,3_1,0.42756115791951943,164.58582373578838,4518.92,19.585262094212855
2024-10-04T00:00:00Z,6,1,4.5120000000000005,115.05173,NA,NA,NA,NA,NA,NA,NA,NA,NA,NA,NA,NA,NA,3_1,0.42756115791951943,164.58582373578838,4518.92,19.585262094212855
2024-10-04T00:00:00Z,6,1,6.0363999999999995,112.7502,NA,NA,NA,NA,NA,NA,NA,NA,NA,NA,NA,NA,NA,3_1,0.42756115791951943,164.58582373578838,4518.92,19.585262094212855
2024-10-04T00:00:00Z,6,1,6.0363999999999995,107.78846,NA,NA,NA,NA,NA,NA,NA,NA,NA,NA,NA,NA,NA,3_1,0.42756115791951943,164.58582373578838,4518.92,19.585262094212855
2024-10-04T00:00:00Z,6,1,6.0363999999999995,113.82624,NA,NA,NA,NA,NA,NA,NA,NA,NA,NA,NA,NA,NA,3_1,0.42756115791951943,164.58582373578838,4518.92,19.585262094212855
2024-10-04T00:00:00Z,6,1,6.0363999999999995,115.41041,NA,NA,NA,NA,NA,NA,NA,NA,NA,NA,NA,NA,NA,3_1,0.42756115791951943,164.58582373578838,4518.92,19.585262094212855
2024-10-04T00:00:00Z,6,1,6.0363999999999995,115.05173,NA,NA,NA,NA,NA,NA,NA,NA,NA,NA,NA,NA,NA,3_1,0.42756115791951943,164.58582373578838,4518.92,19.585262094212855
2024-10-04T00:00:00Z,6,1,6.1251999999999995,112.7502,NA,NA,NA,NA,NA,NA,NA,NA,NA,NA,NA,NA,NA,3_1,0.42756115791951943,164.58582373578838,4518.92,19.585262094212855
2024-10-04T00:00:00Z,6,1,6.1251999999999995,107.78846,NA,NA,NA,NA,NA,NA,NA,NA,NA,NA,NA,NA,NA,3_1,0.42756115791951943,164.58582373578838,4518.92,19.585262094212855
2024-10-04T00:00:00Z,6,1,6.1251999999999995,113.82624,NA,NA,NA,NA,NA,NA,NA,NA,NA,NA,NA,NA,NA,3_1,0.42756115791951943,164.58582373578838,4518.92,19.585262094212855
2024-10-04T00:00:00Z,6,1,6.1251999999999995,115.41041,NA,NA,NA,NA,NA,NA,NA,NA,NA,NA,NA,NA,NA,3_1,0.42756115791951943,164.58582373578838,4518.92,19.585262094212855
2024-10-04T00:00:00Z,6,1,6.1251999999999995,115.05173,NA,NA,NA,NA,NA,NA,NA,NA,NA,NA,NA,NA,NA,3_1,0.42756115791951943,164.58582373578838,4518.92,19.585262094212855
2024-10-04T00:00:00Z,6,1,6.029,112.7502,NA,NA,NA,NA,NA,NA,NA,NA,NA,NA,NA,NA,NA,3_1,0.42756115791951943,164.58582373578838,4518.92,19.585262094212855
2024-10-04T00:00:00Z,6,1,6.029,107.78846,NA,NA,NA,NA,NA,NA,NA,NA,NA,NA,NA,NA,NA,3_1,0.42756115791951943,164.58582373578838,4518.92,19.585262094212855
2024-10-04T00:00:00Z,6,1,6.029,113.82624,NA,NA,NA,NA,NA,NA,NA,NA,NA,NA,NA,NA,NA,3_1,0.42756115791951943,164.58582373578838,4518.92,19.585262094212855
2024-10-04T00:00:00Z,6,1,6.029,115.41041,NA,NA,NA,NA,NA,NA,NA,NA,NA,NA,NA,NA,NA,3_1,0.42756115791951943,164.58582373578838,4518.92,19.585262094212855
2024-10-04T00:00:00Z,6,1,6.029,115.05173,NA,NA,NA,NA,NA,NA,NA,NA,NA,NA,NA,NA,NA,3_1,0.42756115791951943,164.58582373578838,4518.92,19.585262094212855
2024-10-25T00:00:00Z,6,2,1.7532799999999995,74.132320000000007,70.1669,3.965420000000009,NA,NA,NA,NA,NA,NA,NA,NA,NA,NA,NA,6_2,0.3700213575252328,107.69843741173811,390.63,107.53882899784925
2024-10-25T00:00:00Z,6,1,NA,100.1936,98.2631,1.930499999999995,NA,NA,NA,NA,NA,NA,NA,NA,NA,NA,NA,3_1,0.3700213575252328,107.69843741173811,4518.92,12.815818981057312
2024-11-22T00:00:00Z,6,2,3.74906,79.27340000000001,74.2655,5.0079000000000065,NA,NA,NA,NA,NA,NA,NA,NA,NA,NA,NA,6_2,0.18724196474366997,15.15077177491096,390.63,15.128318425444608
2024-11-22T00:00:00Z,6,1,3.24771,102.34848,94.8179,7.53058,NA,NA,NA,NA,NA,NA,NA,NA,NA,NA,NA,3_1,0.18724196474366997,15.15077177491096,4518.92,1.8029003313042369
2024-11-22T00:00:00Z,6,1,3.24771,93.5111,94.8179,1.3067999999999955,NA,NA,NA,NA,NA,NA,NA,NA,NA,NA,NA,3_1,0.18724196474366997,15.15077177491096,4518.92,1.8029003313042369
2024-12-12T00:00:00Z,5,2,0.741663,37.08109999999999,NA,NA,NA,NA,NA,NA,NA,NA,NA,NA,NA,NA,NA,5_2,0.06886745500763732,42.55586324497606,4497.86,4.334121561865688
2024-12-12T00:00:00Z,6,1,0.740812,68.9492,NA,NA,6.04,5.4,11,104.5,68,NA,NA,NA,NA,NA,NA,6_1,0.15157050541373826,8.02348333332482,4518.92,0.9547725340183442
2024-12-12T00:00:00Z,9,4,0.718094,93.1547,NA,NA,3.6,4.06,12,158.9,103,NA,NA,NA,NA,NA,NA,9_4,0.06597459967647219,11.843132353472518,904.88,11.487852095648893
2024-12-12T00:00:00Z,9,3,0.72560500000000006,69.8699,NA,NA,4.02,3.7,10.7,105.9,69,136.1887671596561,5.408833100165387,0.00218169251308298,6.266089859493528,12.82607219871857,0.11702966551448776,9_3,0.06597459967647219,11.843132353472518,2002.8,3.470692833132259
2024-12-12T00:00:00Z,9,3,0.72560500000000006,69.8699,NA,NA,4.02,3.7,10.7,105.9,69,165.50745796184412,6.590526513003527,5.322582333685383e-4,7.615052442537153,15.628245005520226,0.02855122921535311,9_3,0.06597459967647219,11.843132353472518,2002.8,3.470692833132259
2024-12-12T00:00:00Z,6,3,0.720499,73.9982,NA,NA,4.02,3.72,12.3,87.6,57,NA,NA,NA,NA,NA,NA,6_3,0.15157050541373826,8.02348333332482,0,8.02348333332482
2024-12-12T00:00:00Z,5,1,0.725457,75.1862,NA,NA,NA,NA,NA,NA,NA,60.850587014127754,4.198015807544897,0.00583682828478079,3.6511149935164857,56.12142607405826,0.40348299005321,5_1,0.06886745500763732,42.55586324497606,6130.37,0.33091697535957076
2024-12-12T00:00:00Z,5,1,0.725457,75.1862,NA,NA,NA,NA,NA,NA,NA,94.50041693160831,7.337452333302992,0.0067929871213272,5.670148902137096,98.09117153758746,0.4695794738818472,5_1,0.06886745500763732,42.55586324497606,6130.37,0.33091697535957076
2024-12-12T00:00:00Z,9,2,0.7391840000000001,65.6822,NA,NA,4.52,3.04,10.8,91.8,60,NA,NA,NA,NA,NA,NA,9_2,0.06597459967647219,11.843132353472518,3140.96,1.1690205039943806
2024-12-12T00:00:00Z,6,1,0.72516099999999994,88.0166,NA,NA,3.71,1.54,9.7,135.3,88,NA,NA,NA,NA,NA,NA,3_1,0.15157050541373826,8.02348333332482,4518.92,0.9547725340183442
2024-12-12T00:00:00Z,6,1,0.72516099999999994,88.0166,NA,NA,3.71,1.54,9.7,135.3,88,NA,NA,NA,NA,NA,NA,3_1,0.15157050541373826,8.02348333332482,4518.92,0.9547725340183442
2024-12-12T00:00:00Z,6,2,0.711656,86.26429999999999,NA,NA,3.73,1.12,10.5,135.3,88,NA,NA,NA,NA,NA,NA,3_2,0.15157050541373826,8.02348333332482,390.63,8.011592580965994
2024-12-12T00:00:00Z,6,4,0.684905,81.9281,NA,NA,5.17,1.7,11.2,86.7,56,NA,NA,NA,NA,NA,NA,3_4,NA,NA,NA,NA
2024-12-12T00:00:00Z,6,4,0.684905,81.9281,NA,NA,5.17,1.7,11.2,86.7,56,NA,NA,NA,NA,NA,NA,3_4,NA,NA,NA,NA
2024-12-12T00:00:00Z,5,3,0.7125809999999999,75.4238,NA,NA,NA,NA,NA,NA,NA,103.47497780365956,1.965768140286713,0.00371067630611812,4.808601757204008,20.87001296705175,0.2637376590352524,5_3,0.06886745500763732,42.55586324497606,2467.91,24.510933674799528
2024-12-12T00:00:00Z,5,3,0.7125809999999999,75.4238,NA,NA,NA,NA,NA,NA,NA,104.72267816741558,1.7065298142767729,0.00366383472171464,4.866583834503946,18.117751846065666,0.26040837650103954,5_3,0.06886745500763732,42.55586324497606,2467.91,24.510933674799528
2024-12-12T00:00:00Z,9,1,0.7246429999999999,94.2536,NA,NA,4.56,2.54,11.5,80.1,52,134.35814597604997,19.77318219838462,0.00417207470518254,5.537694000966993,160.3807425422277,0.26137824927666115,9_1,0.06597459967647219,11.843132353472518,8475.96,0.15632152481884504
2024-12-12T00:00:00Z,9,1,0.7246429999999999,94.2536,NA,NA,4.56,2.54,11.5,80.1,52,111.62886099423258,14.511740306521652,0.00362623246356533,4.600885710143183,117.70506449538786,0.2271815247266604,9_1,0.06597459967647219,11.843132353472518,8475.96,0.15632152481884504
2024-12-12T00:00:00Z,5,4,0.700778,73.73089999999999,NA,NA,NA,NA,NA,NA,NA,NA,NA,NA,NA,NA,NA,5_4,0.06886745500763732,42.55586324497606,1267.37,34.721710257945034
2024-12-12T00:00:00Z,6,2,0.721313,-0.06780850000000001,NA,NA,3.98,4.31,12.9,92.2,60,144.07996263230473,0.9551917330661684,0.0023049936209863,6.817044807110754,10.665897084652068,0.1499068828087032,6_2,0.15157050541373826,8.02348333332482,390.63,8.011592580965994
2024-12-13T00:00:00Z,6,1,1.90905,88.4621,NA,NA,NA,NA,NA,NA,NA,NA,NA,NA,NA,NA,NA,3_1,0.1484061415675282,7.553051713499091,4518.92,0.898792460142221
2024-12-13T00:00:00Z,6,2,1.8184,74.6219,74.05760000000001,0.5642999999999887,NA,NA,NA,NA,NA,NA,NA,NA,NA,NA,NA,6_2,0.1484061415675282,7.553051713499091,390.63,7.541858137872702
2025-01-27T00:00:00Z,6,1,5.0855,77.5028,79.2551,1.7523000000000053,NA,NA,NA,NA,NA,NA,NA,NA,NA,NA,NA,3_1,0.3912959630115067,126.74199103937408,4518.92,15.0819496874369
2025-01-27T00:00:00Z,6,2,4.9486,54.128899999999994,53.2676,0.8612999999999928,NA,NA,NA,NA,NA,NA,NA,NA,NA,NA,NA,6_2,0.3912959630115067,126.74199103937408,390.63,126.55416019754327
2025-02-20T00:00:00Z,9,1,8.704099999999999,58.4057,57.51469999999999,0.8910000000000053,5.44,1.11,13.3,80,53,304.3419109981024,-0.31276407905551595,-0.02239038731132626,13.371739202755972,-2.704292744479923,-1.495340710929759,9_1,0.1648166534211855,63.11231177277367,8475.96,0.8330408304750201
2025-02-20T00:00:00Z,9,1,8.704099999999999,58.4057,57.51469999999999,0.8910000000000053,5.44,1.11,13.3,80,53,316.1375346032592,0.0857952988846023,-0.02336408614715826,13.889998426616248,0.7418230539285601,-1.560369130901215,9_1,0.1648166534211855,63.11231177277367,8475.96,0.8330408304750201
2025-02-20T00:00:00Z,9,1,8.704099999999999,58.4057,57.51469999999999,0.8910000000000053,5.44,1.11,13.3,80,53,81.29304856557657,0.2652639875795498,0.00162225132599163,3.5717375922721444,2.293586524224408,0.10834196020753802,9_1,0.1648166534211855,63.11231177277367,8475.96,0.8330408304750201
2025-02-20T00:00:00Z,6,2,4.9634,58.6433,58.672999999999995,0.02969999999999828,3.99,4.12,13.9,94.9,62,219.20977504281404,34.23441306366115,-0.00109339062133051,10.30820485818056,379.92710930495446,-0.07067368770232348,6_2,0.35482346873784654,95.29751467860275,390.63,95.15628435501642
2025-02-20T00:00:00Z,6,2,4.9634,58.6433,58.672999999999995,0.02969999999999828,3.99,4.12,13.9,94.9,62,211.34198476217367,31.028730378659397,9.495486250989248e-4,9.938226858895616,344.35104280143804,0.06137614652917903,6_2,0.35482346873784654,95.29751467860275,390.63,95.15628435501642
2025-02-20T00:00:00Z,6,2,6.1511000000000005,85.13570000000001,84.5714,0.5643000000000171,3.68,1.62,13.1,139.7,91,NA,NA,NA,NA,NA,NA,3_2,0.35482346873784654,95.29751467860275,390.63,95.15628435501642
2025-02-20T00:00:00Z,9,4,4.8783,74.9189,75.7505,0.8316000000000088,3.73,4.9,15,141.6,92,107.17123599850729,0.5303970883633038,0.00110974855553242,4.910203414812799,3.0198808536555335,0.07321271381326751,9_4,0.1648166534211855,63.11231177277367,904.88,61.219015495298436
2025-02-20T00:00:00Z,9,4,4.8783,74.9189,75.7505,0.8316000000000088,3.73,4.9,15,141.6,92,106.07729343273958,0.5622706737055433,0.00108686622715653,4.86008287200114,3.2013570197661094,0.07170311296682914,9_4,0.1648166534211855,63.11231177277367,904.88,61.219015495298436
2025-02-20T00:00:00Z,6,1,8.7929,76.58210000000001,77.4137,0.8315999999999946,3.67,2.77,12.4,138.5,90,NA,NA,NA,NA,NA,NA,3_1,0.35482346873784654,95.29751467860275,4518.92,11.34014315171961
2025-02-20T00:00:00Z,9,2,8.149099999999999,51.90139999999999,52.3766,0.47520000000000806,3.97,1.52,14.2,115.4,75,208.9106858441411,1.5582739646724464,-8.953258698779308e-4,9.277438209466808,15.82041743782954,-0.0614965209577691,9_2,0.1648166534211855,63.11231177277367,3140.96,6.229735876862466
2025-02-20T00:00:00Z,9,3,6.2214,58.85119999999999,58.70269999999999,0.14849999999999852,3.86,3.16,14.2,118.4,77,156.36811500701023,0.6543953699919455,0.00106198072514636,7.669458710316773,1.6542132693568414,0.06072677805200164,9_3,0.1648166534211855,63.11231177277367,2002.8,18.495398144220577
2025-02-20T00:00:00Z,9,3,6.2214,58.85119999999999,58.70269999999999,0.14849999999999852,3.86,3.16,14.2,118.4,77,130.63097278471452,0.34918320701911065,0.00126443030724929,6.40711728229228,0.882682734284473,0.07230336371685994,9_3,0.1648166534211855,63.11231177277367,2002.8,18.495398144220577
2025-02-20T00:00:00Z,6,4,4.190099999999999,139.51639999999998,139.457,0.05939999999998235,3.71,4.72,12.8,144.8,94,NA,NA,NA,NA,NA,NA,3_4,NA,NA,NA,NA
2025-02-20T00:00:00Z,6,4,4.190099999999999,139.51639999999998,139.457,0.05939999999998235,3.71,4.72,12.8,144.8,94,NA,NA,NA,NA,NA,NA,3_4,NA,NA,NA,NA
2025-02-20T00:00:00Z,6,1,5.2816,80.3243,55.6733,24.650999999999996,3.79,4.04,13.3,129.6,84,137.22143855787803,0.27191903626969866,0.00109505426971545,6.804191609381795,3.056659446110164,0.06394830781026523,6_1,0.35482346873784654,95.29751467860275,4518.92,11.34014315171961
2025-02-20T00:00:00Z,6,1,5.2816,80.3243,55.6733,24.650999999999996,3.79,4.04,13.3,129.6,84,140.93295232669882,0.27996202677294396,9.969765525317702e-4,6.98822882039867,3.1470712217400805,0.05822082541852942,6_1,0.35482346873784654,95.29751467860275,4518.92,11.34014315171961
2025-02-20T00:00:00Z,5,2,NA,58.3166,NA,NA,3.8,3.68,14.3,126.4,82,154.21130951324045,0.5024268647125628,7.385896821266901e-4,7.377549834168073,2.987006808229658,0.05087914861967857,5_2,0.2553345893055422,160.10234621556677,4497.86,16.30569745098737
2025-02-20T00:00:00Z,5,2,NA,58.3166,NA,NA,3.8,3.68,14.3,126.4,82,163.9474194351736,0.6060086599559651,3.2982935880362935e-4,7.843330433312995,3.6028168879269287,0.02272091984467315,5_2,0.2553345893055422,160.10234621556677,4497.86,16.30569745098737
2025-02-20T00:00:00Z,5,3,NA,41.2688,NA,NA,4.67,6.04,15.2,76.6,50,91.8540139749424,0.5193779932200564,0.00176582914440039,4.288188376500261,5.539444528544331,0.12608400722897176,5_3,0.2553345893055422,160.10234621556677,2467.91,92.2142729587991
2025-02-20T00:00:00Z,5,3,NA,41.2688,NA,NA,4.67,6.04,15.2,76.6,50,98.55624996382711,0.5240963051335024,0.00183963157530714,4.601081076779397,5.589767852701483,0.13135365987994888,5_3,0.2553345893055422,160.10234621556677,2467.91,92.2142729587991
2025-02-20T00:00:00Z,5,4,NA,39.0413,NA,NA,4.72,6.1,16,70.3,46,102.47742560090408,0.2938223896910652,2.917254920334629e-4,4.6186431905510155,2.8349496428649115,0.01685901433497032,5_4,0.2553345893055422,160.10234621556677,1267.37,130.62893930533497
2025-02-20T00:00:00Z,5,4,NA,39.0413,NA,NA,4.72,6.1,16,70.3,46,99.38965316513728,0.03245688433188305,1.385726504390144e-4,4.479477720196932,0.31316072523242977,0.00800820759235602,5_4,0.2553345893055422,160.10234621556677,1267.37,130.62893930533497
2025-02-20T00:00:00Z,5,1,NA,26.80193,NA,NA,5.47,5.8,11.1,44,29,119.3450218346383,1.809946238853792,0.0012987090261068,7.19378235841008,24.307626278542973,0.09018876075103822,5_1,0.2553345893055422,160.10234621556677,6130.37,1.2449655609766255
2025-02-28T00:00:00Z,6,2,3.74647,58.4651,57.98989999999999,0.47520000000000806,NA,NA,NA,NA,NA,NA,NA,NA,NA,NA,NA,6_2,0.28973214537338127,52.81657634850864,390.63,52.73830251111026
2025-02-28T00:00:00Z,6,1,3.77755,85.43270000000001,83.5319,1.900800000000018,NA,NA,NA,NA,NA,NA,NA,NA,NA,NA,NA,3_1,0.28973214537338127,52.81657634850864,4518.92,6.2850278792244145
2025-03-11T00:00:00Z,5,3,3.85821,48.8126,46.08019999999999,2.7324000000000055,4.15,6.12,17.1,81.9,53,159.09075168400713,0.02756969067599719,0.00244949329520855,7.622671323554106,0.3017874057368854,0.17950399655734367,5_3,0.41996077083063255,264.807541927266,2467.91,152.52140602581176
2025-03-11T00:00:00Z,5,3,3.85821,48.8126,46.08019999999999,2.7324000000000055,4.15,6.12,17.1,81.9,53,159.09075168400713,0.02756969067599719,0.00244949329520855,7.622671323554106,0.3017874057368854,0.17950399655734367,5_3,0.41996077083063255,264.807541927266,2467.91,152.52140602581176
2025-03-11T00:00:00Z,5,1,5.6183000000000005,62.50429999999999,59.71249999999999,2.791800000000002,3.72,3.96,16.1,117.1,76,NA,NA,NA,NA,NA,NA,5_1,0.41996077083063255,264.807541927266,6130.37,2.059159517515338
2025-03-11T00:00:00Z,5,1,5.6183000000000005,62.50429999999999,59.71249999999999,2.791800000000002,3.72,3.96,16.1,117.1,76,NA,NA,NA,NA,NA,NA,5_1,0.41996077083063255,264.807541927266,6130.37,2.059159517515338
2025-03-11T00:00:00Z,6,2,5.4074,85.16539999999999,76.46329999999999,8.7021000000000015,3.59,1.89,14.4,NA,90,NA,NA,NA,NA,NA,NA,3_2,0.4176514353028705,153.05210636512354,390.63,152.82528409614395
2025-03-11T00:00:00Z,6,2,5.4074,85.16539999999999,76.46329999999999,8.7021000000000015,3.59,1.89,14.4,NA,90,NA,NA,NA,NA,NA,NA,3_2,0.4176514353028705,153.05210636512354,390.63,152.82528409614395
2025-03-11T00:00:00Z,6,1,5.1484,83.0567,78.21560000000001,4.841099999999997,3.57,2.7,13.5,127.8,83,NA,NA,NA,NA,NA,NA,3_1,0.4176514353028705,153.05210636512354,4518.92,18.212781327049868
2025-03-11T00:00:00Z,6,1,5.1484,83.0567,78.21560000000001,4.841099999999997,3.57,2.7,13.5,127.8,83,NA,NA,NA,NA,NA,NA,3_1,0.4176514353028705,153.05210636512354,4518.92,18.212781327049868
2025-03-11T00:00:00Z,9,3,5.7811,58.4651,55.5248,2.9403000000000006,3.72,3.04,15.7,114.1,74,28.444630291519225,0.10544243284610294,-5.053781013740857e-4,1.3198062470547662,1.1101511152087595,-0.03588193314204693,9_3,0.27025209156478913,156.0480985275671,2002.8,45.730724019540574
2025-03-11T00:00:00Z,9,3,5.7811,58.4651,55.5248,2.9403000000000006,3.72,3.04,15.7,114.1,74,28.444630291519225,0.10544243284610294,-5.053781013740857e-4,1.3198062470547662,1.1101511152087595,-0.03588193314204693,9_3,0.27025209156478913,156.0480985275671,2002.8,45.730724019540574
2025-03-11T00:00:00Z,9,4,4.9042,66.1277,65.1773,0.950400000000002,3.54,3.77,15.5,145.5,94,33.85119849826732,0.12983810960452746,-4.1661688610841947e-4,1.6029679995571051,0.7640476064128298,-0.02840719444759997,9_4,0.27025209156478913,156.0480985275671,904.88,151.36683625479475
2025-03-11T00:00:00Z,9,4,4.9042,66.1277,65.1773,0.950400000000002,3.54,3.77,15.5,145.5,94,18.669945633773168,0.2627756693448128,-0.00127185218726922,0.8840846626432183,1.5463342912028384,-0.08672176668076714,9_4,0.27025209156478913,156.0480985275671,904.88,151.36683625479475
2025-03-11T00:00:00Z,9,4,4.9042,66.1277,65.1773,0.950400000000002,3.54,3.77,15.5,145.5,94,82.05452095538946,1.383197084322037,-0.0014403715192634,3.885557296212411,8.1395857094072,-0.09821232693350888,9_4,0.27025209156478913,156.0480985275671,904.88,151.36683625479475
2025-03-11T00:00:00Z,9,4,4.9042,66.1277,65.1773,0.950400000000002,3.54,3.77,15.5,145.5,94,33.85119849826732,0.12983810960452746,-4.1661688610841947e-4,1.6029679995571051,0.7640476064128298,-0.02840719444759997,9_4,0.27025209156478913,156.0480985275671,904.88,151.36683625479475
2025-03-11T00:00:00Z,9,4,4.9042,66.1277,65.1773,0.950400000000002,3.54,3.77,15.5,145.5,94,18.669945633773168,0.2627756693448128,-0.00127185218726922,0.8840846626432183,1.5463342912028384,-0.08672176668076714,9_4,0.27025209156478913,156.0480985275671,904.88,151.36683625479475
2025-03-11T00:00:00Z,9,4,4.9042,66.1277,65.1773,0.950400000000002,3.54,3.77,15.5,145.5,94,82.05452095538946,1.383197084322037,-0.0014403715192634,3.885557296212411,8.1395857094072,-0.09821232693350888,9_4,0.27025209156478913,156.0480985275671,904.88,151.36683625479475
2025-03-11T00:00:00Z,9,2,6.8467,51.426199999999994,51.72319999999999,0.29699999999999704,3.61,1.99,15.4,114.5,74,60.6228043220566,0.23605601321579503,0.00195114224864719,2.7824860551540507,2.4769586151211547,0.1385121610771557,9_2,0.27025209156478913,156.0480985275671,3140.96,15.403308967882385
2025-03-11T00:00:00Z,9,2,6.8467,51.426199999999994,51.72319999999999,0.29699999999999704,3.61,1.99,15.4,114.5,74,25.719621891745465,0.113829110647727,-0.00215248746419349,1.1804879377970157,1.1944198854731851,-0.15280571704274443,9_2,0.27025209156478913,156.0480985275671,3140.96,15.403308967882385
2025-03-11T00:00:00Z,9,2,6.8467,51.426199999999994,51.72319999999999,0.29699999999999704,3.61,1.99,15.4,114.5,74,60.6228043220566,0.23605601321579503,0.00195114224864719,2.7824860551540507,2.4769586151211547,0.1385121610771557,9_2,0.27025209156478913,156.0480985275671,3140.96,15.403308967882385
2025-03-11T00:00:00Z,9,2,6.8467,51.426199999999994,51.72319999999999,0.29699999999999704,3.61,1.99,15.4,114.5,74,25.719621891745465,0.113829110647727,-0.00215248746419349,1.1804879377970157,1.1944198854731851,-0.15280571704274443,9_2,0.27025209156478913,156.0480985275671,3140.96,15.403308967882385
2025-03-11T00:00:00Z,5,2,6.3213,55.970299999999995,56.02969999999999,0.05939999999999657,3.66,3.19,16,124.7,81,138.37938916896277,0.5702937146847645,0.00332386982744145,6.794443326109971,3.4797535706862264,0.23499961502313912,5_2,0.41996077083063255,264.807541927266,4497.86,26.969446503875318
2025-03-11T00:00:00Z,5,2,6.3213,55.970299999999995,56.02969999999999,0.05939999999999657,3.66,3.19,16,124.7,81,64.13459888198385,0.2296873916569188,0.00424012084252884,3.149015904488267,1.4014805015018714,0.2997791181289624,5_2,0.41996077083063255,264.807541927266,4497.86,26.969446503875318
2025-03-11T00:00:00Z,5,2,6.3213,55.970299999999995,56.02969999999999,0.05939999999999657,3.66,3.19,16,124.7,81,82.21921158312097,0.29716252994516185,0.00105844077614088,4.036972389991272,1.813192654985532,0.07483240554861359,5_2,0.41996077083063255,264.807541927266,4497.86,26.969446503875318
2025-03-11T00:00:00Z,5,2,6.3213,55.970299999999995,56.02969999999999,0.05939999999999657,3.66,3.19,16,124.7,81,37.74199028993524,0.1166799489806144,-6.855444916492096e-4,1.8531359010874575,0.7119444921766495,-0.04846841181587616,5_2,0.41996077083063255,264.807541927266,4497.86,26.969446503875318
2025-03-11T00:00:00Z,5,2,6.3213,55.970299999999995,56.02969999999999,0.05939999999999657,3.66,3.19,16,124.7,81,138.37938916896277,0.5702937146847645,0.00332386982744145,6.794443326109971,3.4797535706862264,0.23499961502313912,5_2,0.41996077083063255,264.807541927266,4497.86,26.969446503875318
2025-03-11T00:00:00Z,5,2,6.3213,55.970299999999995,56.02969999999999,0.05939999999999657,3.66,3.19,16,124.7,81,64.13459888198385,0.2296873916569188,0.00424012084252884,3.149015904488267,1.4014805015018714,0.2997791181289624,5_2,0.41996077083063255,264.807541927266,4497.86,26.969446503875318
2025-03-11T00:00:00Z,5,2,6.3213,55.970299999999995,56.02969999999999,0.05939999999999657,3.66,3.19,16,124.7,81,82.21921158312097,0.29716252994516185,0.00105844077614088,4.036972389991272,1.813192654985532,0.07483240554861359,5_2,0.41996077083063255,264.807541927266,4497.86,26.969446503875318
2025-03-11T00:00:00Z,5,2,6.3213,55.970299999999995,56.02969999999999,0.05939999999999657,3.66,3.19,16,124.7,81,37.74199028993524,0.1166799489806144,-6.855444916492096e-4,1.8531359010874575,0.7119444921766495,-0.04846841181587616,5_2,0.41996077083063255,264.807541927266,4497.86,26.969446503875318
2025-03-11T00:00:00Z,6,2,4.8228,52.61419999999999,53.148799999999994,0.5346000000000046,4.04,3.81,14.2,93.5,61,27.16172007535922,0.5655374798639081,-0.00157981289392595,1.2833969948077897,6.306369505034139,-0.10260503839628904,6_2,0.4176514353028705,153.05210636512354,390.63,152.82528409614395
2025-03-11T00:00:00Z,6,2,4.8228,52.61419999999999,53.148799999999994,0.5346000000000046,4.04,3.81,14.2,93.5,61,23.03839629279616,1.3724184903373986,1.6787517145321125e-4,1.088569077559587,15.303986780312966,0.01090308762446883,6_2,0.4176514353028705,153.05210636512354,390.63,152.82528409614395
2025-03-11T00:00:00Z,6,2,4.8228,52.61419999999999,53.148799999999994,0.5346000000000046,4.04,3.81,14.2,93.5,61,27.16172007535922,0.5655374798639081,-0.00157981289392595,1.2833969948077897,6.306369505034139,-0.10260503839628904,6_2,0.4176514353028705,153.05210636512354,390.63,152.82528409614395
2025-03-11T00:00:00Z,6,2,4.8228,52.61419999999999,53.148799999999994,0.5346000000000046,4.04,3.81,14.2,93.5,61,23.03839629279616,1.3724184903373986,1.6787517145321125e-4,1.088569077559587,15.303986780312966,0.01090308762446883,6_2,0.4176514353028705,153.05210636512354,390.63,152.82528409614395
2025-03-11T00:00:00Z,6,3,4.782100000000001,52.61419999999999,52.792399999999994,0.1782000000000039,6.37,2.62,14,120.7,79,45.57272242121331,0.19239127608258796,0.00114834490276842,2.4871683377519185,2.2248336901454766,0.07871397977666053,6_3,0.4176514353028705,153.05210636512354,0,153.05210636512354
2025-03-11T00:00:00Z,6,3,4.782100000000001,52.61419999999999,52.792399999999994,0.1782000000000039,6.37,2.62,14,120.7,79,225.21246485159477,0.648139136528628,-0.00147167252149926,12.291153174233395,7.4951516316762765,-0.10087666241726748,6_3,0.4176514353028705,153.05210636512354,0,153.05210636512354
2025-03-11T00:00:00Z,6,3,4.782100000000001,52.61419999999999,52.792399999999994,0.1782000000000039,6.37,2.62,14,120.7,79,222.47782558767025,0.3340219731166916,-3.849574715170841e-4,12.141908015483777,3.862666510512006,-0.02638713730937408,6_3,0.4176514353028705,153.05210636512354,0,153.05210636512354
2025-03-11T00:00:00Z,6,3,4.782100000000001,52.61419999999999,52.792399999999994,0.1782000000000039,6.37,2.62,14,120.7,79,45.57272242121331,0.19239127608258796,0.00114834490276842,2.4871683377519185,2.2248336901454766,0.07871397977666053,6_3,0.4176514353028705,153.05210636512354,0,153.05210636512354
2025-03-11T00:00:00Z,6,3,4.782100000000001,52.61419999999999,52.792399999999994,0.1782000000000039,6.37,2.62,14,120.7,79,225.21246485159477,0.648139136528628,-0.00147167252149926,12.291153174233395,7.4951516316762765,-0.10087666241726748,6_3,0.4176514353028705,153.05210636512354,0,153.05210636512354
2025-03-11T00:00:00Z,6,3,4.782100000000001,52.61419999999999,52.792399999999994,0.1782000000000039,6.37,2.62,14,120.7,79,222.47782558767025,0.3340219731166916,-3.849574715170841e-4,12.141908015483777,3.862666510512006,-0.02638713730937408,6_3,0.4176514353028705,153.05210636512354,0,153.05210636512354
2025-03-13T00:00:00Z,9,1,14.2689,41.951899999999995,NA,NA,NA,NA,NA,NA,NA,NA,NA,NA,NA,NA,NA,9_1,0.22735105879302672,113.76848238921465,8475.96,1.501668824818409
2025-03-13T00:00:00Z,9,1,14.2689,41.951899999999995,NA,NA,NA,NA,NA,NA,NA,NA,NA,NA,NA,NA,NA,9_1,0.22735105879302672,113.76848238921465,8475.96,1.501668824818409
2025-03-13T00:00:00Z,6,3,6.251,45.4565,NA,NA,NA,NA,NA,NA,NA,NA,NA,NA,NA,NA,NA,3_4,0.38049245946976773,116.72304880286752,0,116.72304880286752
2025-03-13T00:00:00Z,6,3,6.251,45.4565,NA,NA,NA,NA,NA,NA,NA,NA,NA,NA,NA,NA,NA,3_4,0.38049245946976773,116.72304880286752,0,116.72304880286752
2025-03-13T00:00:00Z,6,1,4.5416,54.812,NA,NA,NA,NA,NA,NA,NA,NA,NA,NA,NA,NA,NA,6_1,0.38049245946976773,116.72304880286752,4518.92,13.88972301107527
2025-03-13T00:00:00Z,6,1,4.5416,54.812,NA,NA,NA,NA,NA,NA,NA,NA,NA,NA,NA,NA,NA,6_1,0.38049245946976773,116.72304880286752,4518.92,13.88972301107527
2025-04-16T00:00:00Z,6,2,4.10611,67.2563,83.73979999999999,16.483499999999992,NA,NA,NA,NA,NA,NA,NA,NA,NA,NA,NA,6_2,0.194673192143587,16.755654847289186,390.63,16.730823071098964
2025-04-16T00:00:00Z,6,1,4.4195,88.6106,88.967,0.3563999999999936,NA,NA,NA,NA,NA,NA,NA,NA,NA,NA,NA,3_1,0.194673192143587,16.755654847289186,4518.92,1.9938770198770717
2025-02-20T00:00:00Z,6,3,NA,NA,NA,NA,NA,NA,NA,NA,NA,NA,NA,NA,NA,NA,NA,3_4,0.35482346873784654,95.29751467860275,0,95.29751467860275
2025-02-20T00:00:00Z,6,3,NA,NA,NA,NA,NA,NA,NA,NA,NA,NA,NA,NA,NA,NA,NA,3_4,0.35482346873784654,95.29751467860275,0,95.29751467860275
NA,5,2,NA,NA,NA,NA,NA,NA,NA,NA,NA,NA,NA,NA,NA,NA,NA,5_2,NA,NA,NA,NA
2025-03-11T00:00:00Z,6,1,NA,NA,NA,NA,NA,NA,NA,NA,NA,117.08718534070076,0.48017812349807915,0.00292837187304434,5.833706260479515,5.423634781905148,0.17183050446330636,6_1,0.4176514353028705,153.05210636512354,4518.92,18.212781327049868
2025-03-11T00:00:00Z,6,1,NA,NA,NA,NA,NA,NA,NA,NA,NA,49.11997853920072,0.2854188570534555,-9.455004818246644e-4,2.44733465481253,3.2238195885509286,-0.05547991573670306,6_1,0.4176514353028705,153.05210636512354,4518.92,18.212781327049868
2025-03-11T00:00:00Z,6,1,NA,NA,NA,NA,NA,NA,NA,NA,NA,122.57172167708124,0.535462236432972,0.00187503148085338,6.106965660030972,6.048071471390557,0.11002277689024198,6_1,0.4176514353028705,153.05210636512354,4518.92,18.212781327049868
2025-02-20T00:00:00Z,6,3,NA,NA,NA,NA,NA,NA,NA,NA,NA,121.3426648894156,1.0864928323579566,0.00204029956836307,6.590723791122504,12.504272177100866,0.139185129261699,6_3,0.35482346873784654,95.29751467860275,0,95.29751467860275
2025-02-20T00:00:00Z,6,3,NA,NA,NA,NA,NA,NA,NA,NA,NA,121.41823598555688,1.2850775733319155,0.00214463696350855,6.594828433308446,14.78975218893711,0.1463028163187052,6_3,0.35482346873784654,95.29751467860275,0,95.29751467860275
2025-03-11T00:00:00Z,9,1,NA,NA,NA,NA,NA,NA,NA,NA,NA,12.718540781588636,0.2294807309527264,-6.275543333954147e-4,0.577554510365271,2.0507495147757084,-0.04331710685341936,9_1,0.27025209156478913,156.0480985275671,8475.96,2.0597318326648777
2025-03-11T00:00:00Z,9,1,NA,NA,NA,NA,NA,NA,NA,NA,NA,93.37179651559065,1.7497624801497962,0.00340255926115985,4.240054196826796,15.636713994427437,0.23486256925882004,9_1,0.27025209156478913,156.0480985275671,8475.96,2.0597318326648777
2024-11-22T00:00:00Z,6,NA,NA,NA,NA,NA,NA,NA,NA,NA,NA,71.29815457697111,0.22114157100396212,-8.890519784731699e-4,3.3088455035411317,2.5845164654631456,-0.04669244446766241,3_1,NA,NA,NA,NA
2024-11-22T00:00:00Z,6,NA,NA,NA,NA,NA,NA,NA,NA,NA,NA,84.57959654943106,0.8431940155007673,-0.00101313173057556,3.9252182527638855,9.854541625747403,-0.05320903413270327,3_1,NA,NA,NA,NA
2024-12-13T00:00:00Z,6,NA,NA,NA,NA,NA,NA,NA,NA,NA,NA,97.45183326278776,0.5830372375040289,7.435898802126571e-4,4.11316438729352,6.19716499356478,0.03551736854920962,3_1,NA,NA,NA,NA
2024-12-13T00:00:00Z,6,NA,NA,NA,NA,NA,NA,NA,NA,NA,NA,93.7102595108128,0.47327810167248296,7.779922079038927e-4,3.9552432133782385,5.030523430135518,0.03716058638215115,3_1,NA,NA,NA,NA
2025-01-27T00:00:00Z,6,NA,NA,NA,NA,NA,NA,NA,NA,NA,NA,84.02667103653674,0.06840527849370133,0.01312306009066766,3.4621350905150257,0.709785592137133,0.6119039080389711,3_1,NA,NA,NA,NA
2025-01-27T00:00:00Z,6,NA,NA,NA,NA,NA,NA,NA,NA,NA,NA,118.41169187963844,0.09272211147203752,0.01790729903751731,4.878894623892579,0.9621014670884698,0.8349840805249152,3_1,NA,NA,NA,NA
2025-02-28T00:00:00Z,6,NA,NA,NA,NA,NA,NA,NA,NA,NA,NA,124.06420267117636,0.23537518459863993,8.625689025611057e-4,7.038096566995718,2.864123877429658,0.05234627788207315,3_1,NA,NA,NA,NA
2025-02-28T00:00:00Z,6,NA,NA,NA,NA,NA,NA,NA,NA,NA,NA,126.84552354682292,0.2556618643640334,5.972807299261077e-4,7.1958794284911045,3.110978973938282,0.03624687021464309,3_1,NA,NA,NA,NA
2025-03-26T00:00:00Z,6,NA,NA,NA,NA,NA,NA,NA,NA,NA,NA,36.88918386275226,0.14614221437942992,-0.00173768476561491,2.1221584387412493,1.8033367499157789,-0.10693823908497883,3_1,NA,NA,NA,NA
2025-03-26T00:00:00Z,6,NA,NA,NA,NA,NA,NA,NA,NA,NA,NA,35.616758555058205,0.2846977907465589,-0.00153627271476008,2.048958442925744,3.5130574068088425,-0.09454321181932428,3_1,NA,NA,NA,NA
2024-11-22T00:00:00Z,5,NA,NA,NA,NA,NA,NA,NA,NA,NA,NA,38.427256840416504,0.46103677362529105,0.00135202455548256,1.8074953874412485,4.735317194987981,0.084284122941677,5_0,NA,NA,NA,NA
2024-11-22T00:00:00Z,5,NA,NA,NA,NA,NA,NA,NA,NA,NA,NA,37.72833058441964,0.5560710538523331,8.487470645090617e-4,1.7746201294148358,5.711416037893236,0.05291020909449127,5_0,NA,NA,NA,NA
2024-12-13T00:00:00Z,5,NA,NA,NA,NA,NA,NA,NA,NA,NA,NA,44.87775882635439,0.6026870721029479,0.00123164875378619,1.9861621423352205,5.8243988666415705,0.07224267008585682,5_0,NA,NA,NA,NA
2024-12-13T00:00:00Z,5,NA,NA,NA,NA,NA,NA,NA,NA,NA,NA,45.401252644493,0.5808354030957166,0.00282977367700992,2.0093304918812955,5.613223213319767,0.16598109285413767,5_0,NA,NA,NA,NA
2025-01-04T00:00:00Z,5,NA,NA,NA,NA,NA,NA,NA,NA,NA,NA,58.76933209607773,-1.2298515700660542,0.00198523645219735,2.1473103034146224,-0.2256938419581284,0.1120638165647866,5_0,NA,NA,NA,NA
2025-01-04T00:00:00Z,5,NA,NA,NA,NA,NA,NA,NA,NA,NA,NA,31.742270587521112,-1.523981914944878,0.00188551293614357,1.1597971638494773,-0.2796706056488929,0.10643456378843484,5_0,NA,NA,NA,NA
2025-01-27T00:00:00Z,5,NA,NA,NA,NA,NA,NA,NA,NA,NA,NA,28.90379384173551,0.1834197217949654,0.00336875255583212,1.2673672086491798,1.8518679668332456,0.1968058883433033,5_0,NA,NA,NA,NA
2025-02-28T00:00:00Z,5,NA,NA,NA,NA,NA,NA,NA,NA,NA,NA,60.7230918065281,0.3881684060013577,0.00156487085862766,3.3170779501344274,4.790761513295886,0.08993325485281528,5_0,NA,NA,NA,NA
2025-02-28T00:00:00Z,5,NA,NA,NA,NA,NA,NA,NA,NA,NA,NA,22.548931522353183,0.13260694918730864,6.954696888200175e-4,1.2317647426484928,1.6366305416415556,0.03996869928417557,5_0,NA,NA,NA,NA
2025-03-12T00:00:00Z,5,NA,NA,NA,NA,NA,NA,NA,NA,NA,NA,10.239264963098174,-0.0056842600412822,-0.00520421283000571,0.5580958440112768,-0.06999975359260059,-0.29842490436941826,5_0,NA,NA,NA,NA
2025-03-26T00:00:00Z,5,NA,NA,NA,NA,NA,NA,NA,NA,NA,NA,35.201869590378834,0.18155123417579236,-0.0013005356559123,1.7815427415645728,2.0647650912338595,-0.09471631064176848,5_0,NA,NA,NA,NA
2024-11-22T00:00:00Z,9,NA,NA,NA,NA,NA,NA,NA,NA,NA,NA,26.109561366720573,0.2560504789368973,5.916519644625886e-4,0.9855752922475844,2.7455809067734545,0.0298885956748872,9_0,NA,NA,NA,NA
2024-11-22T00:00:00Z,9,NA,NA,NA,NA,NA,NA,NA,NA,NA,NA,35.84570005200632,0.3018386442459496,0.00102611775678203,1.3530919117471465,3.236558752043186,0.05183658736794388,9_0,NA,NA,NA,NA
2024-12-13T00:00:00Z,9,NA,NA,NA,NA,NA,NA,NA,NA,NA,NA,35.05831624905311,0.40671555150572297,0.00207425425837417,1.2148181491580206,4.003403992080481,0.09619027696079568,9_0,NA,NA,NA,NA
2024-12-13T00:00:00Z,9,NA,NA,NA,NA,NA,NA,NA,NA,NA,NA,38.00287322442101,0.4173401338301747,0.00162986497623588,1.31685103714657,4.107984441818458,0.07558242334076908,9_0,NA,NA,NA,NA
2025-01-04T00:00:00Z,9,NA,NA,NA,NA,NA,NA,NA,NA,NA,NA,53.350946710293655,0.4568629188580239,0.00159350968513999,1.8220374578295144,4.432201564354462,0.07283143143305046,9_0,NA,NA,NA,NA
2025-01-27T00:00:00Z,9,NA,NA,NA,NA,NA,NA,NA,NA,NA,NA,53.9604968665338,0.23499993906279537,0.00267626307905506,1.8719207148457648,2.3157820420647752,0.124247963927628,9_0,NA,NA,NA,NA
2025-01-27T00:00:00Z,9,NA,NA,NA,NA,NA,NA,NA,NA,NA,NA,42.26328385684004,0.18301981221510408,0.00218840263249572,1.4661376585301893,1.8035493803109064,0.1015985959935819,9_0,NA,NA,NA,NA
2025-02-20T00:00:00Z,9,NA,NA,NA,NA,NA,NA,NA,NA,NA,NA,58.02826338996828,0.3284983216057991,7.269897605500273e-4,2.226057063262072,3.5797137193398143,0.03732277965984517,9_0,NA,NA,NA,NA
2025-02-20T00:00:00Z,9,NA,NA,NA,NA,NA,NA,NA,NA,NA,NA,56.21722860467009,0.3613235689330776,5.981617497843827e-4,2.1565828701687235,3.937417185292947,0.03070890458107583,9_0,NA,NA,NA,NA
2025-02-28T00:00:00Z,9,NA,NA,NA,NA,NA,NA,NA,NA,NA,NA,51.1032301350129,0.25379371717410737,3.154958931435656e-4,2.5115519288110857,3.0338658444166784,0.01483874465646924,9_0,NA,NA,NA,NA
2025-02-28T00:00:00Z,9,NA,NA,NA,NA,NA,NA,NA,NA,NA,NA,49.18857562998189,0.24271485793929348,1.6106392219382727e-4,2.417453097828916,2.90142847361863,0.00757533288623847,9_0,NA,NA,NA,NA
2025-03-26T00:00:00Z,9,NA,NA,NA,NA,NA,NA,NA,NA,NA,NA,37.1065494907821,0.3029543841199254,-6.61459568051705e-4,1.7983804752845145,3.3031992348225003,-0.04622974197524244,9_0,NA,NA,NA,NA
