Date,ID,DIC,DOC,POC,pH,CO2,Temp_pH,TotalC,DIC_perc,DOC_perc,POC_perc,CO2_umol_L,CH4_umol_L,N2O_umol_L,CO2_sat,CH4_sat,N2O_sat,bix,hix,fi,Q,depth,Temp_PT,Q_norm
2023-03-04T00:00:00Z,13,NA,70.7,NA,NA,NA,NA,NA,NA,NA,NA,NA,NA,NA,NA,NA,NA,NA,NA,NA,NA,NA,NA,NA
2023-06-01T00:00:00Z,7,NA,100,NA,NA,NA,NA,NA,NA,NA,NA,NA,NA,NA,NA,NA,NA,0.486829864,17.85552334,1.186934115,NA,NA,NA,NA
2023-06-01T00:00:00Z,5a,NA,0.6503,NA,NA,NA,NA,NA,NA,NA,NA,NA,NA,NA,NA,NA,NA,0.488882618,13.74806966,1.187211066,NA,NA,NA,NA
2023-06-01T00:00:00Z,6,NA,15.12,NA,NA,NA,NA,NA,NA,NA,NA,NA,NA,NA,NA,NA,NA,0.444678831,27.84614688,1.109557881,NA,NA,NA,NA
2023-06-01T00:00:00Z,6a,NA,23.31,NA,NA,NA,NA,NA,NA,NA,NA,NA,NA,NA,NA,NA,NA,0.415717145,22.69414129,1.059467789,NA,NA,NA,NA
2023-06-01T00:00:00Z,13,NA,93.49,NA,NA,NA,NA,NA,NA,NA,NA,NA,NA,NA,NA,NA,NA,NA,NA,NA,NA,NA,NA,NA
2023-06-01T00:00:00Z,5,NA,6.015151515,NA,NA,NA,NA,NA,NA,NA,NA,NA,NA,NA,NA,NA,NA,0.446703023,23.08606946,1.072905047,NA,NA,NA,NA
2023-07-04T00:00:00Z,15,NA,72,NA,NA,NA,NA,NA,NA,NA,NA,NA,NA,NA,NA,NA,NA,0.439002386,22.37788333,1.125290909,NA,NA,NA,NA
2023-07-04T00:00:00Z,5a,NA,30.27878788,NA,NA,NA,NA,NA,NA,NA,NA,NA,NA,NA,NA,NA,NA,0.456147465,21.34285617,1.134338679,NA,NA,NA,NA
2023-07-04T00:00:00Z,6,NA,14.02,NA,NA,NA,NA,NA,NA,NA,NA,NA,NA,NA,NA,NA,NA,NA,NA,NA,NA,NA,NA,NA
2023-07-04T00:00:00Z,5,NA,10.56969697,NA,NA,NA,NA,NA,NA,NA,NA,NA,NA,NA,NA,NA,NA,0.441444135,22.63747826,1.094135857,NA,NA,NA,NA
2023-07-07T00:00:00Z,6,NA,55.7,NA,NA,NA,NA,NA,NA,NA,NA,NA,NA,NA,NA,NA,NA,0.452555907,31.06003262,1.115672745,NA,NA,NA,NA
2023-07-07T00:00:00Z,5,NA,56.18,NA,NA,NA,NA,NA,NA,NA,NA,NA,NA,NA,NA,NA,NA,NA,NA,NA,NA,NA,NA,NA
2023-07-07T00:00:00Z,6a,NA,75.23,NA,NA,NA,NA,NA,NA,NA,NA,NA,NA,NA,NA,NA,NA,0.429461776,22.23526463,1.07628847,NA,NA,NA,NA
2023-07-07T00:00:00Z,13,NA,73.21,NA,NA,NA,NA,NA,NA,NA,NA,NA,NA,NA,NA,NA,NA,0.462071849,23.6772222,1.086566775,NA,NA,NA,NA
2023-07-07T00:00:00Z,3,NA,53.3030303,NA,NA,NA,NA,NA,NA,NA,NA,NA,NA,NA,NA,NA,NA,NA,NA,NA,NA,NA,NA,NA
2023-07-07T00:00:00Z,7,NA,53.45454545,NA,NA,NA,NA,NA,NA,NA,NA,NA,NA,NA,NA,NA,NA,0.476378088,23.55867187,1.1703668250000001,NA,NA,NA,NA
2023-07-07T00:00:00Z,9,NA,59.57575758,NA,NA,NA,NA,NA,NA,NA,NA,NA,NA,NA,NA,NA,NA,0.420567905,30.78898406,1.090158938,NA,NA,NA,NA
2023-08-04T00:00:00Z,3,NA,56.186672,NA,NA,18779.94,NA,NA,NA,NA,NA,NA,NA,NA,NA,NA,NA,NA,NA,NA,NA,NA,NA,NA
2023-08-04T00:00:00Z,5a,NA,50.392472,NA,NA,9446.353,NA,NA,NA,NA,NA,NA,NA,NA,NA,NA,NA,NA,NA,NA,NA,NA,NA,NA
2023-08-04T00:00:00Z,6,NA,46.194896,NA,NA,24026.63,NA,NA,NA,NA,NA,NA,NA,NA,NA,NA,NA,NA,NA,NA,NA,NA,NA,NA
2023-08-04T00:00:00Z,6a,NA,51.087776,NA,NA,16220.45,NA,NA,NA,NA,NA,NA,NA,NA,NA,NA,NA,NA,NA,NA,NA,NA,NA,NA
2023-08-04T00:00:00Z,7,NA,47.224976,NA,NA,16028.05,NA,NA,NA,NA,NA,NA,NA,NA,NA,NA,NA,NA,NA,NA,NA,NA,NA,NA
2023-08-04T00:00:00Z,9,NA,63.388648,NA,NA,NA,NA,NA,NA,NA,NA,NA,NA,NA,NA,NA,NA,NA,NA,NA,NA,NA,NA,NA
2023-09-08T00:00:00Z,3,NA,74.161568,NA,NA,NA,NA,NA,NA,NA,NA,NA,NA,NA,NA,NA,NA,0.419800937,23.32677202,1.087977089,NA,NA,NA,NA
2023-09-08T00:00:00Z,5,NA,16.208788,NA,NA,NA,NA,NA,NA,NA,NA,NA,NA,NA,NA,NA,NA,0.451510002,11.41187078,1.099093925,NA,NA,NA,NA
2023-09-08T00:00:00Z,5a,NA,16.457724,NA,NA,NA,NA,NA,NA,NA,NA,NA,NA,NA,NA,NA,NA,0.460254044,14.34554408,1.11850619,NA,NA,NA,NA
2023-09-08T00:00:00Z,6,NA,41.65396,NA,NA,16256.15,NA,NA,NA,NA,NA,NA,NA,NA,NA,NA,NA,0.440988454,21.1248119,1.125777377,NA,NA,NA,NA
2023-09-08T00:00:00Z,7,NA,37.96284,NA,NA,16256.31,NA,NA,NA,NA,NA,NA,NA,NA,NA,NA,NA,0.523130322,19.96719474,1.215515947,NA,NA,NA,NA
2023-09-08T00:00:00Z,9,NA,78.09304,NA,NA,NA,NA,NA,NA,NA,NA,NA,NA,NA,NA,NA,NA,0.414177524,28.94111775,1.116333627,NA,NA,NA,NA
2023-09-08T00:00:00Z,13,NA,10.545544,NA,NA,3889.626,NA,NA,NA,NA,NA,NA,NA,NA,NA,NA,NA,0.45158402,19.82552088,1.074585726,NA,NA,NA,NA
2023-09-08T00:00:00Z,15,NA,35.81684,NA,NA,NA,NA,NA,NA,NA,NA,NA,NA,NA,NA,NA,NA,NA,NA,NA,NA,NA,NA,NA
2023-09-13T00:00:00Z,5a,NA,69.41,NA,NA,NA,NA,NA,NA,NA,NA,NA,NA,NA,NA,NA,NA,NA,NA,NA,NA,NA,NA,NA
2023-09-13T00:00:00Z,5,NA,67.66,NA,NA,7516.392,NA,NA,NA,NA,NA,NA,NA,NA,NA,NA,NA,NA,NA,NA,NA,NA,NA,NA
2023-09-28T00:00:00Z,13,NA,38.27,NA,NA,3723.417,NA,NA,NA,NA,NA,NA,NA,NA,NA,NA,NA,NA,NA,NA,NA,NA,NA,NA
2023-09-28T00:00:00Z,6,NA,5.869,NA,NA,14218.58,NA,NA,NA,NA,NA,NA,NA,NA,NA,NA,NA,NA,NA,NA,NA,NA,NA,NA
2023-09-28T00:00:00Z,7,NA,75.47,NA,NA,12837.25,NA,NA,NA,NA,NA,NA,NA,NA,NA,NA,NA,NA,NA,NA,NA,NA,NA,NA
2023-09-28T00:00:00Z,3,NA,67.285784,NA,NA,NA,NA,NA,NA,NA,NA,NA,NA,NA,NA,NA,NA,NA,NA,NA,NA,NA,NA,NA
2023-09-28T00:00:00Z,5,NA,38.203192,NA,NA,6240.287,NA,NA,NA,NA,NA,NA,NA,NA,NA,NA,NA,NA,NA,NA,NA,NA,NA,NA
2023-09-28T00:00:00Z,5a,NA,44.907296,NA,NA,6240.287,NA,NA,NA,NA,NA,NA,NA,NA,NA,NA,NA,NA,NA,NA,NA,NA,NA,NA
2023-09-28T00:00:00Z,6a,NA,29.327336,NA,NA,12067.49,NA,NA,NA,NA,NA,NA,NA,NA,NA,NA,NA,NA,NA,NA,NA,NA,NA,NA
2023-09-28T00:00:00Z,9,NA,35.550736,NA,NA,NA,NA,NA,NA,NA,NA,NA,NA,NA,NA,NA,NA,NA,NA,NA,NA,NA,NA,NA
2023-09-28T00:00:00Z,15,NA,40.289104,NA,NA,NA,NA,NA,NA,NA,NA,NA,NA,NA,NA,NA,NA,NA,NA,NA,NA,NA,NA,NA
2023-10-31T00:00:00Z,5a,33.15777236101081,55.18,NA,4.12268281138088,19915.11,68.4,NA,NA,NA,NA,NA,NA,NA,NA,NA,NA,NA,NA,NA,15.368291667053395,0.46473603916904793,68.592,0.9344294278089154
2023-11-01T00:00:00Z,5a,31.97674357745741,14.63,NA,4.099513316104173,19204.32,67.55,NA,NA,NA,NA,NA,NA,NA,NA,NA,NA,NA,NA,NA,14.110036882119237,0.4532695389633203,68.592,0.8579244834601278
2023-11-01T00:00:00Z,13,NA,60.79,NA,7.371204469126777,NA,63.27,NA,NA,NA,NA,NA,NA,NA,NA,NA,NA,NA,NA,NA,11.912052210864527,0.09674142065455826,68.248,1.5370218473281574
2023-11-01T00:00:00Z,3,12.188930936578071,90.28232,NA,3.530821392490252,7450.688,70.07,NA,NA,NA,NA,NA,NA,NA,NA,NA,NA,NA,NA,NA,29.44716466948424,0.32268700082854707,69.622,0.5540201867166219
2023-11-01T00:00:00Z,5,9.661016357996262,61.817776,NA,4.425543168584802,NA,69.76,NA,NA,NA,NA,NA,NA,NA,NA,NA,NA,NA,NA,NA,75.0885655899585,0.12075868641247776,69.964,0.7428891765427073
2023-11-01T00:00:00Z,6,19.4622109970804,39.181768,NA,3.627016460443157,11792.89,68.23,NA,NA,NA,NA,NA,NA,NA,NA,NA,NA,NA,NA,NA,35.60978753914271,0.2529762877707573,68.934,0.763211514068301
2023-11-01T00:00:00Z,6a,10.958804487216034,66.238536,NA,4.099513316104173,6608.59,67.55,NA,NA,NA,NA,NA,NA,NA,NA,NA,NA,NA,NA,NA,NA,NA,68.934,NA
2023-11-01T00:00:00Z,7,NA,45.1734,NA,3.778521792298163,4592.671,NA,NA,NA,NA,NA,NA,NA,NA,NA,NA,NA,NA,NA,NA,5.035045701623001,0.1305524471188803,70.651,0.20631370779670696
2023-11-01T00:00:00Z,9,5.010630368671702,96.54864,NA,3.374534734117982,3076.944,69.91,NA,NA,NA,NA,NA,NA,NA,NA,NA,NA,NA,NA,NA,26.230508309447085,0.10198304144860029,69.964,0.5354444563595971
2023-11-01T00:00:00Z,15,7.45834068424018,46.984624,NA,3.372564131492344,4592.671,66.99,NA,NA,NA,NA,NA,NA,NA,NA,NA,NA,NA,NA,NA,3.763660607918378e-4,0.007522957268136795,70.137,1.8276011701470063e-5
2023-11-05T00:00:00Z,3,11.333558660446249,62.358568,NA,3.5277995448191644,6429.952,61.63,NA,NA,NA,NA,NA,NA,NA,NA,NA,NA,NA,NA,NA,16.733873648141998,0.26704247666071085,63.455,0.3148317981405972
2023-11-05T00:00:00Z,5,9.83430124643146,16.657352,NA,4.562136586667848,NA,61.72,NA,NA,NA,NA,NA,NA,NA,NA,NA,NA,NA,NA,NA,66.77014686406147,0.10752065731404171,66.022,0.6605908507075221
2023-11-05T00:00:00Z,5a,28.99980300699161,20.444992,NA,5.238740482975617,15372.17,53.2,NA,NA,NA,NA,NA,NA,NA,NA,NA,NA,NA,NA,NA,10.830141435143485,0.42019106371546067,64.31,0.6584988809150502
2023-11-05T00:00:00Z,6,18.12072673503348,34.52924,NA,3.6357761486650886,10668.85,63.55,NA,NA,NA,NA,NA,NA,NA,NA,NA,NA,NA,NA,NA,23.8614721264546,0.22048399551344586,66.537,0.5114141793042669
2023-11-05T00:00:00Z,6a,NA,38.074432,NA,5.238740482975617,NA,53.2,NA,NA,NA,NA,NA,NA,NA,NA,NA,NA,NA,NA,NA,NA,NA,64.996,NA
2023-11-05T00:00:00Z,7,16.32083225897611,35.98852,NA,3.8032411332967175,9418.349,61.72,NA,NA,NA,NA,NA,NA,NA,NA,NA,NA,NA,NA,NA,2.162220821037675,0.09836775279611165,64.996,0.08859816198286499
2023-11-05T00:00:00Z,9,4.548724526939737,93.0292,NA,3.369597135969692,2538.336,61.97,NA,NA,NA,NA,NA,NA,NA,NA,NA,NA,NA,NA,NA,19.541115986451885,0.08675286092996436,62.083,0.3988936128339221
2023-11-05T00:00:00Z,13,NA,14.006992,NA,7.346422827574081,NA,61.25,NA,NA,NA,NA,NA,NA,NA,NA,NA,NA,NA,NA,NA,19.272140550213038,0.14492264075437242,64.996,2.486700070323694
2023-11-05T00:00:00Z,15,NA,46.33224,NA,3.387323338668482,NA,53.2,NA,NA,NA,NA,NA,NA,NA,NA,NA,NA,NA,NA,NA,NA,NA,64.481,NA
2023-12-07T00:00:00Z,5,7.766530163263131,17.41,NA,4.72321382429201,10918.57,55.26,NA,NA,NA,NA,NA,NA,NA,NA,NA,NA,0.455649091,149.2543539,1.108183975,117.18458631482108,0.1875366317399301,61.912,1.1593664114760638
2023-12-07T00:00:00Z,5a,20.126974101926447,6.253,NA,4.706110368441791,10918.57,50.61,NA,NA,NA,NA,NA,NA,NA,NA,NA,NA,NA,NA,NA,14.051903065527945,0.4529143299195691,61.398,0.8543898063372173
2023-12-07T00:00:00Z,7,16.249544293686547,27.15,NA,3.850359635290997,8875.144,55.17,NA,NA,NA,NA,NA,NA,NA,NA,NA,NA,0.558017675,34.93484853,1.267317789,5.74621416607573,0.1364367683280822,60.539,0.23545421842246717
2023-12-07T00:00:00Z,15,NA,36.42,NA,3.454912873051008,NA,53.82,NA,NA,NA,NA,NA,NA,NA,NA,NA,NA,0.470133044,42.17951334,1.151245209,6.843027578273288,0.1360039276139158,58.303,0.3322915244559617
2023-12-07T00:00:00Z,3,11.42726138376202,62.392904,NA,3.570774032616363,6027.963,54.34,NA,NA,NA,NA,NA,NA,NA,NA,NA,NA,0.424370256,72.00854486,1.109714881,37.304049334589536,0.34926603125933525,57.614,0.7018399431525763
2023-12-07T00:00:00Z,6,18.418425154849295,19.739008,NA,3.63069058777583,10334.63,57.72,NA,NA,NA,NA,NA,NA,NA,NA,NA,NA,0.456009802,45.40953218,1.150019345,25.911383076727056,0.2268865651367674,62.598,0.5553491687602667
2023-12-07T00:00:00Z,9,4.276041889983421,36.271792,NA,3.423340114482483,2188.813,54.18,NA,NA,NA,NA,NA,NA,NA,NA,NA,NA,0.41886355,47.41715825,1.118888227,21.013531457728153,0.09031375820327406,55.189,0.42895009104822474
2023-12-07T00:00:00Z,13,NA,-0.5767448,NA,7.429923427419942,NA,54.86,NA,NA,NA,NA,NA,NA,NA,NA,NA,NA,0.530723478,45.77842365,1.118640957,3.043222873663831,0.04762471888580133,60.024,0.39266953840614605
2024-02-08T00:00:00Z,3,NA,38.68,NA,NA,NA,NA,NA,NA,NA,NA,NA,NA,NA,NA,NA,NA,0.446726625,17.51107476,1.089196875,57.507557225480504,0.4036543393366504,55.364,1.081949584935559
2024-02-08T00:00:00Z,6a,NA,43.72,NA,NA,8755.37,NA,NA,NA,NA,NA,NA,NA,NA,NA,NA,NA,0.4602394,17.17609449,1.095869251,18.38269063009432,0.2571640378345691,53.798,1.238164396603148
2024-02-08T00:00:00Z,7,NA,83.91,NA,NA,NA,NA,NA,NA,NA,NA,NA,NA,NA,NA,NA,NA,0.481797251,18.59892869,1.153301047,25.889601248403512,0.22542239210352547,56.923,1.0608403465364054
2024-02-08T00:00:00Z,13,NA,64.28,NA,6.209108708159832,NA,54.48,NA,NA,NA,NA,NA,NA,NA,NA,NA,NA,0.466367243,15.1681425,1.016193033,28.267154009651513,0.18254250766077287,57.096,3.6473340198255295
2024-02-08T00:00:00Z,5,NA,81.0116,NA,NA,3161.963,NA,NA,NA,NA,NA,NA,NA,NA,NA,NA,NA,0.461265669,21.06720619,1.083084454,174.72751339675384,0.2783946597763325,56.057,1.7286677076173596
2024-02-08T00:00:00Z,5a,NA,99.29552,NA,3.811070138889993,NA,51.85,NA,NA,NA,NA,NA,NA,NA,NA,NA,NA,0.498495524,19.63810822,1.14250228,23.90743978414958,0.5277053667394052,56.23,1.4536303554006056
2024-02-08T00:00:00Z,6,NA,57.66312,NA,3.739607858094663,NA,52.03,NA,NA,NA,NA,NA,NA,NA,NA,NA,NA,0.459280575,21.81182546,1.091612919,103.42680523646098,0.36505407632027387,56.404,2.216708777972873
2024-02-08T00:00:00Z,9,NA,85.47528,NA,3.4905789242772176,NA,52.59,NA,NA,NA,NA,NA,NA,NA,NA,NA,NA,0.43649364,19.6482611,1.090488691,170.5940755272018,0.28376764889893424,53.449,3.482343954269945
2024-02-08T00:00:00Z,15,NA,92.25664,NA,NA,NA,NA,NA,NA,NA,NA,NA,NA,NA,NA,NA,NA,0.466060398,18.05602795,1.073077982,31.431124263206154,0.20989711881521664,54.669,1.5262683187111992
2024-03-04T00:00:00Z,3,NA,79.724,NA,3.6379068329832753,NA,64.94,NA,NA,NA,NA,NA,NA,NA,NA,NA,NA,0.483411973,6.666584429,1.08426399,148.0614159974495,0.5537580486349782,62.083,2.785633668203042
2024-03-04T00:00:00Z,5,7.846787710035337,36.005688,NA,4.3258593897757,4500.717,65.82,NA,NA,NA,NA,NA,NA,NA,NA,NA,NA,0.426023614,9.639001115,1.055361627,137.36985865832824,0.21945486282580948,65.167,1.3590695251491214
2024-03-04T00:00:00Z,5a,18.338454874137135,54.727392,NA,3.809349690027998,10088.35,64.42,NA,NA,NA,NA,NA,NA,NA,NA,NA,NA,0.473993926,2668.376783,1.082559981,22.074931628351752,0.5157334896487973,61.054,1.3422094125544806
2024-03-04T00:00:00Z,6,NA,67.182776,NA,3.786780274756641,NA,61.29,NA,NA,NA,NA,NA,NA,NA,NA,NA,NA,0.512080653,7.8030307,1.102141844,78.17839320855578,0.33160458488749156,59.851,1.6755688245132756
2024-03-04T00:00:00Z,6a,NA,82.81424,NA,NA,NA,NA,NA,NA,NA,NA,NA,NA,NA,NA,NA,NA,0.475223417,11.16474005,1.057548032,17.33085014162589,0.25307514978666307,61.227,1.1673177795363736
2024-03-04T00:00:00Z,7,2.258979692568996,60.306992,NA,3.761820845801885,1284.333,65.91,NA,NA,NA,NA,NA,NA,NA,NA,NA,NA,0.817515011,2110.987864,1.393624655,250.919308841252,0.4794142462410798,63.797,10.281553740046245
2024-03-04T00:00:00Z,9,NA,77.23464,NA,3.551360172383607,NA,63.21,NA,NA,NA,NA,NA,NA,NA,NA,NA,NA,0.480505837,6.77322971,1.050554437,86.67943727778548,0.19603191835754297,63.282,1.76939095587576
2024-03-04T00:00:00Z,13,NA,13.303104,NA,6.975807777850461,NA,66.87,NA,NA,NA,NA,NA,NA,NA,NA,NA,NA,0.505800975,722.3243377,1.172988537,17.885228997937272,0.13853294266029073,64.652,2.307745737482926
2024-03-04T00:00:00Z,15,5.003531332980894,43.41368,NA,3.744388875025121,NA,64.72,NA,NA,NA,NA,NA,NA,NA,NA,NA,NA,0.45632361,16.23563999,1.063983624,20.234975819800272,0.18531385286546792,63.282,0.9825929949251515
2024-03-25T00:00:00Z,3,12.365091939529782,34.15,NA,3.5631050756270146,6953.46,62.28,NA,NA,NA,NA,NA,NA,NA,NA,NA,NA,0.410629978,61.42794269,1.070470555,87.42072147050617,0.46426433817902585,62.769,1.6447371071409813
2024-03-25T00:00:00Z,3,12.365091939529782,34.15,NA,3.5631050756270146,6953.46,62.28,NA,NA,NA,NA,NA,NA,NA,NA,NA,NA,0.446412573,20.52151949,1.019548011,87.42072147050617,0.46426433817902585,62.769,1.6447371071409813
2024-03-25T00:00:00Z,3,12.365091939529782,34.15,NA,3.5631050756270146,6953.46,62.28,NA,NA,NA,NA,NA,NA,NA,NA,NA,NA,0.410629978,61.42794269,1.070470555,87.42072147050617,0.46426433817902585,62.769,1.6447371071409813
2024-03-25T00:00:00Z,3,12.365091939529782,34.15,NA,3.5631050756270146,6953.46,62.28,NA,NA,NA,NA,NA,NA,NA,NA,NA,NA,0.478435335,21.55620224,1.12016728,87.42072147050617,0.46426433817902585,62.769,1.6447371071409813
2024-03-25T00:00:00Z,5,7.146882663094938,34.22,NA,4.477261804189274,3986.561,61.47,NA,NA,NA,NA,NA,NA,NA,NA,NA,NA,0.444114981,54.04236631,1.084429398,125.51185644102337,0.2007007543885216,63.282,1.2417523086935542
2024-03-25T00:00:00Z,5,7.146882663094938,34.22,NA,4.477261804189274,3986.561,61.47,NA,NA,NA,NA,NA,NA,NA,NA,NA,NA,0.478225393,31.14862128,1.101970609,125.51185644102337,0.2007007543885216,63.282,1.2417523086935542
2024-03-25T00:00:00Z,5a,17.39948033565197,79.89,NA,3.9040690443022545,9698.729,61.72,NA,NA,NA,NA,NA,NA,NA,NA,NA,NA,0.499335968,39.76430317,1.186237578,19.72107544359438,0.49924438324401127,62.254,1.199089244384935
2024-03-25T00:00:00Z,6,13.314452574892195,30.92,NA,3.810485240396021,7430.232,61,NA,NA,NA,NA,NA,NA,NA,NA,NA,NA,0.445360203,55.74649332,1.089824377,75.20752151047085,0.3271569855392675,62.254,1.6118952211730226
2024-03-25T00:00:00Z,6,13.314452574892195,30.92,NA,3.810485240396021,7430.232,61,NA,NA,NA,NA,NA,NA,NA,NA,NA,NA,0.475334567,13.93797009,1.02164542,75.20752151047085,0.3271569855392675,62.254,1.6118952211730226
2024-03-25T00:00:00Z,6a,NA,45.44,NA,NA,NA,NA,NA,NA,NA,NA,NA,NA,NA,NA,NA,NA,0.468241076,29.5469879,1.12735563,13.021250776215384,0.23404696487714635,61.398,0.8770451200411824
2024-03-25T00:00:00Z,7,5.18320409588849,60.99,NA,3.664993819800864,2925.5,62.02,NA,NA,NA,NA,NA,NA,NA,NA,NA,NA,0.491642988,39.89886237,1.171746984,44.51649097368097,0.2698196836953113,63.111,1.824087179172627
2024-03-25T00:00:00Z,9,5.092940195156711,66.34,NA,3.7490808685721424,2813.371,61.2,NA,NA,NA,NA,NA,NA,NA,NA,NA,NA,0.433793041,37.2617271,1.112797418,83.65416528953185,0.19217278226764253,61.398,1.707635953037825
2024-03-25T00:00:00Z,13,NA,67.32,NA,7.00008284031338,NA,61.81,NA,NA,NA,NA,NA,NA,NA,NA,NA,NA,0.434509082,56.44271934,1.047192508,12.496330284001198,0.11156234676105717,63.455,1.612411725363345
2024-03-25T00:00:00Z,15,14.077265052120136,81.4,NA,3.8013556677011304,7856.217,60.6,NA,NA,NA,NA,NA,NA,NA,NA,NA,NA,0.473870214,46.54019166,1.128135525,13.60912558460169,0.1654645998802488,62.254,0.6608474151672235
2024-04-18T00:00:00Z,15,5.6627,42.38914,NA,3.834779049784341,5630.863,69.55,NA,NA,NA,NA,NA,NA,NA,NA,NA,NA,0.484824562,21.10771062,1.133644966,6.878443690605015,0.1361608699441173,66.537,0.3340113003625178
2024-04-18T00:00:00Z,15,5.6627,42.38914,NA,3.834779049784341,5630.863,69.55,NA,NA,NA,NA,NA,NA,NA,NA,NA,NA,0.484824562,21.10771062,1.133644966,6.878443690605015,0.1361608699441173,66.537,0.3340113003625178
2024-04-18T00:00:00Z,5a,7.9123,60.203579999999995,NA,3.976517788358184,NA,67.12,NA,NA,NA,NA,NA,NA,NA,NA,NA,NA,0.500965077,19.06211796,1.18145525,15.87352099348595,0.4687916999610217,64.139,0.9651485969032102
2024-04-18T00:00:00Z,13,27.9515,42.74782,NA,7.298963147855815,NA,72.18,NA,NA,NA,NA,NA,NA,NA,NA,NA,NA,0.444728591,19.4178001,1.035305689,5.9512582765551985,0.07130000974287644,67.221,0.7678957268013846
2024-04-18T00:00:00Z,13,27.9515,42.74782,NA,7.298963147855815,NA,72.18,NA,NA,NA,NA,NA,NA,NA,NA,NA,NA,0.444728591,19.4178001,1.035305689,5.9512582765551985,0.07130000974287644,67.221,0.7678957268013846
2024-04-18T00:00:00Z,7,7.076099999999999,89.76479,NA,3.6547900918939336,19886.63,71.8,NA,NA,NA,NA,NA,NA,NA,NA,NA,NA,0.474428986,17.35147791,1.054025595,11.305893556159397,0.17096731466190204,67.221,0.46326507399411737
2024-04-18T00:00:00Z,7,7.076099999999999,89.76479,NA,3.6547900918939336,19886.63,71.8,NA,NA,NA,NA,NA,NA,NA,NA,NA,NA,0.48942339,22.64773328,1.176141028,11.305893556159397,0.17096731466190204,67.221,0.46326507399411737
2024-04-18T00:00:00Z,7,7.076099999999999,89.76479,NA,3.6547900918939336,19886.63,71.8,NA,NA,NA,NA,NA,NA,NA,NA,NA,NA,0.48942339,22.64773328,1.176141028,11.305893556159397,0.17096731466190204,67.221,0.46326507399411737
2024-04-18T00:00:00Z,6,5.3556,76.43385,NA,3.815574170482266,NA,66.34,NA,NA,NA,NA,NA,NA,NA,NA,NA,NA,0.44290207,27.9976339,1.103762875,45.80050791261181,0.27567169330142904,64.481,0.9816254857083375
2024-04-18T00:00:00Z,6,5.3556,76.43385,NA,3.815574170482266,NA,66.34,NA,NA,NA,NA,NA,NA,NA,NA,NA,NA,0.44290207,27.9976339,1.103762875,45.80050791261181,0.27567169330142904,64.481,0.9816254857083375
2024-04-18T00:00:00Z,6,5.3556,76.43385,NA,3.815574170482266,NA,66.34,NA,NA,NA,NA,NA,NA,NA,NA,NA,NA,0.470749025,29.27368534,1.090543423,45.80050791261181,0.27567169330142904,64.481,0.9816254857083375
2024-04-18T00:00:00Z,6a,4.1864,72.57804,NA,NA,NA,NA,NA,NA,NA,NA,NA,NA,NA,NA,NA,NA,0.382831452,11.27960235,1.249330349,5.019094326548768,0.1804634661017574,64.481,0.3380606258015263
2024-04-18T00:00:00Z,5,2.65645,39.25069,NA,4.236432120210279,4056.752,68.92,NA,NA,NA,NA,NA,NA,NA,NA,NA,NA,0.567971506,12.52873761,1.205061357,91.86202192247559,0.14740681663181499,67.392,0.9088374679334946
2024-04-18T00:00:00Z,5,2.65645,39.25069,NA,4.236432120210279,4056.752,68.92,NA,NA,NA,NA,NA,NA,NA,NA,NA,NA,0.47076811,22.50405594,1.088430696,91.86202192247559,0.14740681663181499,67.392,0.9088374679334946
2024-04-18T00:00:00Z,5,2.65645,39.25069,NA,4.236432120210279,4056.752,68.92,NA,NA,NA,NA,NA,NA,NA,NA,NA,NA,0.451957801,20.86698946,1.070575961,91.86202192247559,0.14740681663181499,67.392,0.9088374679334946
2024-04-18T00:00:00Z,5,2.65645,39.25069,NA,4.236432120210279,4056.752,68.92,NA,NA,NA,NA,NA,NA,NA,NA,NA,NA,0.451957801,20.86698946,1.070575961,91.86202192247559,0.14740681663181499,67.392,0.9088374679334946
2024-05-08T00:00:00Z,5,3.6351,14.244716,NA,5.058557392586328,5055.183,70.68,NA,NA,NA,NA,NA,NA,NA,NA,NA,NA,0.499327119,11.09625797,1.100674403,56.36625933033567,0.09093467571550501,70.308,0.5576599266440841
2024-05-08T00:00:00Z,5,3.6351,14.244716,NA,5.058557392586328,5055.183,70.68,NA,NA,NA,NA,NA,NA,NA,NA,NA,NA,0.54143321,9.716581368,1.192361908,56.36625933033567,0.09093467571550501,70.308,0.5576599266440841
2024-05-08T00:00:00Z,3,6.0068,126.82839,NA,3.676150052628852,NA,82.53,NA,NA,NA,NA,NA,NA,NA,NA,NA,NA,0.943769798,2.011633003,1.194165219,7.7116127309421705,0.20586906614372666,69.107,0.14508660419555733
2024-05-08T00:00:00Z,3,6.0068,126.82839,NA,3.676150052628852,NA,82.53,NA,NA,NA,NA,NA,NA,NA,NA,NA,NA,0.420986161,28.06809834,1.086633369,7.7116127309421705,0.20586906614372666,69.107,0.14508660419555733
2024-05-08T00:00:00Z,3,6.0068,126.82839,NA,3.676150052628852,NA,82.53,NA,NA,NA,NA,NA,NA,NA,NA,NA,NA,0.505196119,15.9883668,1.189795725,7.7116127309421705,0.20586906614372666,69.107,0.14508660419555733
2024-05-08T00:00:00Z,13,53.722,37.57685,NA,7.882823776218696,NA,70.75,NA,NA,NA,NA,NA,NA,NA,NA,NA,NA,NA,NA,NA,2.1539763334881235,0.03863671389680409,71.512,0.2779293294382538
2024-05-08T00:00:00Z,6,6.3657,80.28966,NA,3.849812367731889,12721.81,71.4,NA,NA,NA,NA,NA,NA,NA,NA,NA,NA,0.485920065,20.41379867,1.132732049,3.579701970174597,0.11398360768749513,69.964,0.07672243923295276
2024-05-08T00:00:00Z,9,3.75091,103.06584,NA,3.5347496102735443,NA,73.56,NA,NA,NA,NA,NA,NA,NA,NA,NA,NA,0.43238302,24.83643749,1.115659245,1.3520320746746999,0.018582500022142946,73.58,0.027599086935886863
2024-05-30T00:00:00Z,5,3.35982,15.252009,NA,5.0556432105882205,5254.296,74.95,NA,NA,NA,NA,NA,NA,NA,NA,NA,NA,0.500669811,68.76302891,1.135733869,23.73714893431973,0.03865729843347802,73.234,0.23484362614654297
2024-05-30T00:00:00Z,5,3.35982,15.252009,NA,5.0556432105882205,5254.296,74.95,NA,NA,NA,NA,NA,NA,NA,NA,NA,NA,0.465167128,163.8066589,1.031645312,23.73714893431973,0.03865729843347802,73.234,0.23484362614654297
2024-05-30T00:00:00Z,5,3.35982,15.252009,NA,5.0556432105882205,5254.296,74.95,NA,NA,NA,NA,NA,NA,NA,NA,NA,NA,0.527044543,34.20371136,1.235338351,23.73714893431973,0.03865729843347802,73.234,0.23484362614654297
2024-05-30T00:00:00Z,13,62.972,39.37025,NA,7.964597518089864,NA,68.27,NA,NA,NA,NA,NA,NA,NA,NA,NA,NA,NA,NA,NA,0.8585160258276657,0.021803076333425354,74.791,0.11077502554723094
2024-05-30T00:00:00Z,6,5.474,83.458,NA,3.840103985685563,11835.96,72.01,NA,NA,NA,NA,NA,NA,NA,NA,NA,NA,0.49964576,47.89775018,1.159059748,0.5376125578181797,0.059138536458891354,69.964,0.011522452746552475
2024-05-30T00:00:00Z,6,5.474,83.458,NA,3.840103985685563,11835.96,72.01,NA,NA,NA,NA,NA,NA,NA,NA,NA,NA,0.44449682,59.0640233,1.113496564,0.5376125578181797,0.059138536458891354,69.964,0.011522452746552475
2024-05-30T00:00:00Z,6,5.474,83.458,NA,3.840103985685563,11835.96,72.01,NA,NA,NA,NA,NA,NA,NA,NA,NA,NA,0.541979849,70.71205475,1.102749858,0.5376125578181797,0.059138536458891354,69.964,0.011522452746552475
2024-07-11T00:00:00Z,6a,6.1880999999999995,123.42093,NA,NA,NA,NA,NA,NA,NA,NA,NA,NA,NA,NA,NA,NA,NA,NA,NA,NA,NA,78.098,NA
2024-07-11T00:00:00Z,6,10.124899999999998,87.37359000000001,NA,3.685606960047733,NA,NA,NA,NA,NA,NA,NA,NA,NA,NA,NA,NA,0.456456903,32.97937428,1.0586816,7.456848837606645,0.1466827115472416,73.407,0.15981990584112402
2024-07-11T00:00:00Z,6,10.124899999999998,87.37359000000001,NA,3.685606960047733,NA,NA,NA,NA,NA,NA,NA,NA,NA,NA,NA,NA,0.447216108,36.07318342,1.107987591,7.456848837606645,0.1466827115472416,73.407,0.15981990584112402
2024-07-11T00:00:00Z,7,8.4192,57.93194,NA,4.591194479638551,7974.565,NA,NA,NA,NA,NA,NA,NA,NA,NA,NA,NA,0.429561311,34.69732516,1.014857963,6.1006129211519955,0.13855718340807313,76.181,0.2499758981710249
2024-07-11T00:00:00Z,7,8.4192,57.93194,NA,4.591194479638551,7974.565,NA,NA,NA,NA,NA,NA,NA,NA,NA,NA,NA,0.522687975,19.30378433,1.215371618,6.1006129211519955,0.13855718340807313,76.181,0.2499758981710249
2024-07-11T00:00:00Z,5,23.5559,57.66293,NA,3.6253538089270823,7044.006,NA,NA,NA,NA,NA,NA,NA,NA,NA,NA,NA,0.48977977,36.4046211,1.115203343,199.06661157841657,0.3167094279643104,76.703,1.9694667222730013
2024-07-11T00:00:00Z,5,23.5559,57.66293,NA,3.6253538089270823,7044.006,NA,NA,NA,NA,NA,NA,NA,NA,NA,NA,NA,0.468269442,30.5446545,1.110912861,199.06661157841657,0.3167094279643104,76.703,1.9694667222730013
2024-07-11T00:00:00Z,15,6.957700000000001,66.77938,NA,3.6895705489832342,8253.938,NA,NA,NA,NA,NA,NA,NA,NA,NA,NA,NA,0.448369092,26.22615423,1.076763963,34.811732781454225,0.21609790544256416,76.528,1.690427756221594
2024-07-29T00:00:00Z,5,3.15077,72.72749,NA,3.748038685607213,6669.244,77.25,NA,NA,NA,NA,NA,NA,NA,NA,NA,NA,0.409697955,28.02797649,1.106412006,301.1561657491221,0.47694777291652474,76.354,2.9794903421892367
2024-07-29T00:00:00Z,6,6.1696,81.87383,NA,4.113534855034704,NA,75.81,NA,NA,NA,NA,NA,NA,NA,NA,NA,NA,0.487913837,23.53987621,1.116748877,60.233498000718555,0.3028582057164121,74.098,1.2909624680076124
2024-07-29T00:00:00Z,6a,5.6701,69.32003,NA,NA,NA,NA,NA,NA,NA,NA,NA,NA,NA,NA,NA,NA,NA,NA,NA,29.54084126512525,0.2923400884564007,76.528,1.9897205820514592
2024-07-29T00:00:00Z,9,2.73489,92.69401,NA,3.332017136072478,NA,NA,NA,NA,NA,NA,NA,NA,NA,NA,NA,NA,0.432191602,32.74777459,1.072989575,53.04952135898414,0.14969712289074938,77.574,1.0829020844391273
2024-07-29T00:00:00Z,5a,4.808,67.88531,NA,3.5947953050014902,9528.896,NA,NA,NA,NA,NA,NA,NA,NA,NA,NA,NA,NA,NA,NA,21.064623976568143,0.5087286679468463,75.484,1.2807802555980825
2024-08-01T00:00:00Z,5,9.5181,60.59215,NA,3.83339273377237,6205.54,78.6,NA,NA,NA,NA,NA,NA,NA,NA,NA,NA,NA,NA,NA,183.38666988662487,0.29203267406534833,77.225,1.8143371245754987
2024-08-01T00:00:00Z,6,6.3324,130.11629,NA,4.084528258104465,19498.56,77.16,NA,NA,NA,NA,NA,NA,NA,NA,NA,NA,NA,NA,NA,38.46420757666458,0.2592839784164421,74.271,0.8243892516840984
2024-08-01T00:00:00Z,13,56.09,42.47881,NA,NA,4110.579,NA,NA,NA,NA,NA,NA,NA,NA,NA,NA,NA,NA,NA,NA,2.723772305028802,0.044519293094530406,76.876,0.351450570050247
2024-08-01T00:00:00Z,9,3.27916,97.5063,NA,3.365864663923136,5264.69,80.13,NA,NA,NA,NA,NA,NA,NA,NA,NA,NA,0.486158857,24.97468823,1.162478256,12.308460959358815,0.06644429758556498,79.853,0.25125312514945036
2024-08-01T00:00:00Z,3,6.8356,132.83628,NA,3.5386632502423683,NA,81.01,NA,NA,NA,NA,NA,NA,NA,NA,NA,NA,0.465799709,37.27623129,1.12425049,59.20937822460631,0.40723668915869304,76.876,1.1139677163338257
2024-08-01T00:00:00Z,7,7.4387,79.39296,NA,NA,3691.881,NA,NA,NA,NA,NA,NA,NA,NA,NA,NA,NA,NA,NA,NA,38.54113348649007,0.25661213979770614,76.703,1.5792436898283717
2024-08-22T00:00:00Z,5,7.324,96.25092,NA,NA,5616.245,NA,NA,NA,NA,NA,NA,NA,NA,NA,NA,NA,NA,NA,NA,48.136120711050175,0.07779465089233188,78.274,0.47623500057610013
2024-08-23T00:00:00Z,15,6.0253000000000005,89.46589000000002,NA,3.540104897462348,NA,NA,NA,NA,NA,NA,NA,NA,NA,NA,NA,NA,0.437882263,24.22019289,1.039672713,6.574107094793793,0.13458686579710816,77.05,0.3192329774326303
2024-08-23T00:00:00Z,6,4.7266,91.67775,NA,NA,NA,NA,NA,NA,NA,NA,NA,NA,NA,NA,NA,NA,0.43896884,20.24248,1.018721305,148.7660172851814,0.4131287863974326,76.354,3.188447478641367
2024-08-23T00:00:00Z,3,4.1975,133.64331,NA,NA,10554.08,NA,NA,NA,NA,NA,NA,NA,NA,NA,NA,NA,0.386974012,37.60089224,0.993310739,74.87712943457741,0.4401742550338246,76.703,1.4087414423684077
2024-08-23T00:00:00Z,7,5.3519,140.36855999999997,NA,NA,NA,NA,NA,NA,NA,NA,NA,NA,NA,NA,NA,NA,0.407527519,28.67365044,1.015774019,40.376688173319536,0.26141931724422884,76.876,1.6544565311301578
2024-08-23T00:00:00Z,7,5.3519,140.36855999999997,NA,NA,NA,NA,NA,NA,NA,NA,NA,NA,NA,NA,NA,NA,0.38791861,36.13372831,1.013190333,40.376688173319536,0.26141931724422884,76.876,1.6544565311301578
2024-08-23T00:00:00Z,13,22.049999999999997,54.10602,NA,7.631102853520267,NA,NA,NA,NA,NA,NA,NA,NA,NA,NA,NA,NA,0.449520321,24.7796811,1.044199499,5.692892864661636,0.06935435325416123,77.05,0.7345586262208356
2024-08-23T00:00:00Z,5,2.56913,62.56489,NA,NA,NA,NA,NA,NA,NA,NA,NA,NA,NA,NA,NA,NA,0.439937126,21.00935702,1.013782001,39.37027111568881,0.06375445776865592,76.006,0.3895100147352989
2024-08-23T00:00:00Z,9,3.70096,150.4116,NA,3.2984085985084843,NA,77.07,NA,NA,NA,NA,NA,NA,NA,NA,NA,NA,0.374956572,42.11936903,0.979652758,110.43161554279055,0.22330620492409822,77.749,2.2542451580294185
2024-08-23T00:00:00Z,6a,4.7525,107.10099,NA,NA,19936.7,NA,NA,NA,NA,NA,NA,NA,NA,NA,NA,NA,0.420061377,23.1861687,1.029640959,12.833841255594038,0.22971942125702435,77.574,0.8644221694249145
2024-09-13T00:00:00Z,15,4.16383,74.90946000000001,NA,3.5101277210007216,NA,76.12,NA,NA,NA,NA,NA,NA,NA,NA,NA,NA,0.485436921,10.44742196,0.997178379,89.04881612025574,0.28236518333176525,76.354,4.3241338020538755
2024-09-13T00:00:00Z,9,3.910379999999999,109.88076,NA,NA,NA,NA,NA,NA,NA,NA,NA,NA,NA,NA,NA,NA,NA,NA,NA,136.11972843070737,0.25082669577926575,76.006,2.778617674105319
2024-09-13T00:00:00Z,6,4.9227,75.92572000000001,NA,NA,NA,NA,NA,NA,NA,NA,NA,NA,NA,NA,NA,NA,NA,NA,NA,542.8599966893465,0.6451116804331511,75.659,11.634919179030957
2024-09-13T00:00:00Z,3,5.4333,87.46326,NA,NA,NA,NA,NA,NA,NA,NA,NA,NA,NA,NA,NA,NA,NA,NA,NA,340.23321090848606,0.7306751856860357,75.832,6.401161848700889
2024-09-13T00:00:00Z,13,27.1153,48.63615,NA,7.869309174726712,4355.11,75.07,NA,NA,NA,NA,NA,NA,NA,NA,NA,NA,NA,NA,NA,6.6884373327928195,0.07656804600322495,75.659,0.8630145438425453
2024-09-13T00:00:00Z,6a,5.5517,77.89846,NA,NA,NA,NA,NA,NA,NA,NA,NA,NA,NA,NA,NA,NA,NA,NA,NA,143.71779467856038,0.4495190741430434,76.354,9.680098529102091
2024-09-13T00:00:00Z,7,6.1733,93.74016,NA,NA,NA,NA,NA,NA,NA,NA,NA,NA,NA,NA,NA,NA,0.47817405,11.4904166,1.023067698,174.33791493873207,0.4257657123705855,76.181,7.143589904052444
2024-09-13T00:00:00Z,5,3.21478,59.87479,NA,NA,NA,NA,NA,NA,NA,NA,NA,NA,NA,NA,NA,NA,NA,NA,NA,181.65715836333072,0.2893101036851425,76.006,1.7972261918886592
2024-09-13T00:00:00Z,5a,4.07688,73.98287,NA,NA,8145.032,NA,NA,NA,NA,NA,NA,NA,NA,NA,NA,NA,NA,NA,NA,22.21331026245244,0.5166656593453046,75.484,1.3506231693132027
2024-09-18T00:00:00Z,5,1.83061,55.570629999999994,NA,NA,6312.973,NA,NA,NA,NA,NA,NA,NA,NA,NA,NA,NA,NA,NA,NA,123.62462819255954,0.19772320514338024,75.139,1.2230810046350182
2024-09-18T00:00:00Z,NA,4.5638,112.06273,NA,NA,NA,NA,NA,NA,NA,NA,NA,NA,NA,NA,NA,NA,NA,NA,NA,NA,NA,NA,NA
2024-09-18T00:00:00Z,6,3.28582,77.42022000000001,NA,NA,11686.458,NA,NA,NA,NA,NA,NA,NA,NA,NA,NA,NA,NA,NA,NA,415.5922554008228,0.5886156029887821,75.139,8.907236363903285
2024-09-18T00:00:00Z,9,2.61538,120.37215,NA,NA,6123.032,NA,NA,NA,NA,NA,NA,NA,NA,NA,NA,NA,NA,NA,NA,104.62132628407883,0.2172525537475316,76.006,2.135639481893801
2024-10-04T00:00:00Z,6,2.37303,80.28966,NA,NA,10996.992,NA,NA,NA,NA,NA,NA,NA,NA,NA,NA,NA,0.458325525,28.82266316,1.094647418,164.58582373578838,0.42756115791951943,75.312,3.5275075873309656
2024-10-04T00:00:00Z,3,1.26525,112.7502,NA,NA,4419.017,NA,NA,NA,NA,NA,NA,NA,NA,NA,NA,NA,0.448272544,27.50647789,1.034386272,53.8752235009985,0.39487369823224483,75.484,1.0136107064444826
2024-10-04T00:00:00Z,3,1.26525,112.7502,NA,NA,4419.017,NA,NA,NA,NA,NA,NA,NA,NA,NA,NA,NA,0.586446348,20.88079298,1.26055096,53.8752235009985,0.39487369823224483,75.484,1.0136107064444826
2024-10-04T00:00:00Z,3,1.26525,112.7502,NA,NA,4419.017,NA,NA,NA,NA,NA,NA,NA,NA,NA,NA,NA,0.439262765,28.06330686,1.100590534,53.8752235009985,0.39487369823224483,75.484,1.0136107064444826
2024-10-04T00:00:00Z,5,1.35442,51.98383,NA,NA,NA,NA,NA,NA,NA,NA,NA,NA,NA,NA,NA,NA,0.69561431,12.87162892,1.310219722,80.91357687216633,0.13001805807807423,75.659,0.8005189607953718
2024-10-04T00:00:00Z,15,1.34924,64.3284,NA,3.664988960529424,1077.366,75.16,NA,NA,NA,NA,NA,NA,NA,NA,NA,NA,NA,NA,NA,43.2799942703929,0.22996315545078636,76.181,2.1016392393647303
2024-10-04T00:00:00Z,9,1.20494,117.68205,NA,NA,9575.229,NA,NA,NA,NA,NA,NA,NA,NA,NA,NA,NA,NA,NA,NA,84.84937631232819,0.19368252554686924,76.876,1.7320338453236443
2024-10-04T00:00:00Z,7,7.035399999999999,102.94628,NA,NA,NA,NA,NA,NA,NA,NA,NA,NA,NA,NA,NA,NA,0.454310704,16.67941446,1.032502221,36.817077025390866,0.2534525180938475,76.181,1.5085995483411176
2024-10-04T00:00:00Z,5a,1.21271,71.50200000000001,NA,NA,7763.591,NA,NA,NA,NA,NA,NA,NA,NA,NA,NA,NA,NA,NA,NA,18.078880049837156,0.4869093935390668,75.312,1.0992397793055664
2024-10-04T00:00:00Z,13,30.7783,47.26121,NA,7.98986774645971,NA,75.72,NA,NA,NA,NA,NA,NA,NA,NA,NA,NA,NA,NA,NA,6.154872906627173,0.07282988293249318,75.659,0.7941682891874717
2024-10-25T00:00:00Z,6a,1.71924,76.97187000000001,5.9436700000000116,NA,1939.125,NA,84.63478000000002,0.020313634654689237,0.9094590899864098,0.07022727535890104,NA,NA,NA,NA,NA,NA,0.446304317,19.17669691,1.109235271,12.225350768232875,0.2301448591708372,68.248,0.823437349939954
2024-10-25T00:00:00Z,6,1.7532799999999995,74.132320000000007,3.965420000000009,3.8051077437289904,11634.75,NA,79.85102000000002,0.021956889216944244,0.9283828810201797,0.04966022976287601,NA,NA,NA,NA,NA,NA,0.426883427,19.2740862,1.061798442,107.69843741173811,0.3700213575252328,68.934,2.3082611034803624
2024-10-25T00:00:00Z,5,NA,40.466899999999995,1.217700000000001,NA,9219.055,NA,NA,NA,NA,NA,NA,NA,NA,NA,NA,NA,0.461213908,16.96028964,1.090591423,35.132159403536896,0.056975516888096746,69.793,0.3475802309499821
2024-10-25T00:00:00Z,3,NA,100.1936,1.930499999999995,NA,5528.426,NA,NA,NA,NA,NA,NA,NA,NA,NA,NA,NA,0.403053487,25.48257902,1.060859363,42.07030154413778,0.3635859462628014,68.763,0.791512411409218
2024-10-25T00:00:00Z,7,NA,100.8767,2.9106000000000023,NA,NA,NA,NA,NA,NA,NA,NA,NA,NA,NA,NA,NA,0.458199138,21.1493967,1.147138246,20.43355509555655,0.20831663046725304,69.964,0.8372759186423406
2024-10-25T00:00:00Z,9,NA,107.9156,1.900800000000004,3.204276352241964,NA,NA,NA,NA,NA,NA,NA,NA,NA,NA,NA,NA,0.397218505,19.83315049,1.057726811,81.17618324527248,0.18907045338566197,68.248,1.657052802574079
2024-10-25T00:00:00Z,5a,NA,73.4042,0.8910000000000053,NA,NA,NA,NA,NA,NA,NA,NA,NA,NA,NA,NA,NA,0.485380574,18.5706772,1.162338114,13.79036224758017,0.4504653521195154,68.592,0.8384874899211682
2024-10-25T00:00:00Z,15,NA,53.327,0.2079000000000022,NA,1561.925,NA,NA,NA,NA,NA,NA,NA,NA,NA,NA,NA,0.455505046,17.87295681,1.120860088,8.224422994668446,0.14324969531057943,69.964,0.3993708959095913
2024-10-25T00:00:00Z,13,NA,37.8533,NA,NA,NA,NA,NA,NA,NA,NA,NA,NA,NA,NA,NA,NA,0.445603147,13.6041233,1.054068133,9.08157854269513,0.09202743006884605,69.107,1.1718035130519269
2024-11-22T00:00:00Z,13,52.279,38.9219,29.80038,NA,NA,NA,121.00128000000001,0.4320532807586829,0.32166519230209795,0.24628152693921915,52.33485387615105,0.7585040607403758,0.00163130094921253,2.4013396460907868,8.677314078810598,0.10217245640568606,0.430849056,19.88865339,1.098317682,4.262895287921011,0.05834467039563449,63.968,0.5500448683754822
2024-11-22T00:00:00Z,13,52.279,38.9219,29.80038,NA,NA,NA,121.00128000000001,0.4320532807586829,0.32166519230209795,0.24628152693921915,21.71236626090341,0.6248631500921016,0.00189741287513099,0.9962532051037392,7.148457193929309,0.11883971155750923,0.430849056,19.88865339,1.098317682,4.262895287921011,0.05834467039563449,63.968,0.5500448683754822
2024-11-22T00:00:00Z,6,3.74906,79.27340000000001,5.0079000000000065,3.826056680483239,NA,61.2,88.03036000000002,0.042588261595204194,0.9005234103325261,0.05688832807226968,133.21478303103356,2.1557309295904257,-7.550745499855363e-4,7.3162746978429,25.940233158050113,-0.04714066868660636,0.436168299,29.4922052,1.102300881,15.15077177491096,0.18724196474366997,66.366,0.32472093389837325
2024-11-22T00:00:00Z,3,3.24771,102.34848,7.53058,NA,NA,NA,113.12677,0.028708589487704814,0.9047237890730904,0.06656762143920489,71.29815457697111,0.22114157100396212,-8.890519784731699e-4,3.3088455035411317,2.5845164654631456,-0.04669244446766241,NA,NA,NA,11.067457893394927,0.23196105066006892,62.425,0.20822361532589623
2024-11-22T00:00:00Z,3,3.24771,102.34848,7.53058,NA,NA,NA,113.12677,0.028708589487704814,0.9047237890730904,0.06656762143920489,84.57959654943106,0.8431940155007673,-0.00101313173057556,3.9252182527638855,9.854541625747403,-0.05320903413270327,NA,NA,NA,11.067457893394927,0.23196105066006892,62.425,0.20822361532589623
2024-11-22T00:00:00Z,9,1.91275,111.04647,6.962170000000015,3.2111959380128177,NA,57.2,119.92139000000002,0.015950031933419047,0.925993853139961,0.05805611492661996,26.109561366720573,0.2560504789368973,5.916519644625886e-4,0.9855752922475844,2.7455809067734545,0.0298885956748872,0.405474189,29.12276699,1.079628893,15.62464144624862,0.0767954910734997,59.508,0.31894645526129994
2024-11-22T00:00:00Z,9,1.91275,111.04647,6.962170000000015,3.2111959380128177,NA,57.2,119.92139000000002,0.015950031933419047,0.925993853139961,0.05805611492661996,35.84570005200632,0.3018386442459496,0.00102611775678203,1.3530919117471465,3.236558752043186,0.05183658736794388,0.405474189,29.12276699,1.079628893,15.62464144624862,0.0767954910734997,59.508,0.31894645526129994
2024-11-22T00:00:00Z,5,2.26425,22.500334,2.0274740000000016,NA,NA,NA,26.792058,0.08451198485760221,0.8398135746048324,0.07567444053756534,38.427256840416504,0.46103677362529105,0.00135202455548256,1.8074953874412485,4.735317194987981,0.084284122941677,0.465515258,21.12002129,1.061864932,21.161163358955115,0.03451131112052436,64.481,0.20935809732024158
2024-11-22T00:00:00Z,5,2.26425,22.500334,2.0274740000000016,NA,NA,NA,26.792058,0.08451198485760221,0.8398135746048324,0.07567444053756534,37.72833058441964,0.5560710538523331,8.487470645090617e-4,1.7746201294148358,5.711416037893236,0.05291020909449127,0.465515258,21.12002129,1.061864932,21.161163358955115,0.03451131112052436,64.481,0.20935809732024158
2024-12-12T00:00:00Z,5,0.699113,18.93737,NA,5.044737646461945,4423.588,56.68,NA,NA,NA,NA,NA,NA,NA,NA,NA,NA,NA,NA,NA,42.55586324497606,0.06886745500763732,61.227,0.4210266896795278
2024-12-12T00:00:00Z,NA,0.72516099999999994,88.0166,NA,NA,NA,NA,NA,NA,NA,NA,NA,NA,NA,NA,NA,NA,NA,NA,NA,NA,NA,NA,NA
2024-12-12T00:00:00Z,9,0.730156,18.79184,NA,NA,NA,NA,NA,NA,NA,NA,NA,NA,NA,NA,NA,NA,NA,NA,NA,11.843132353472518,0.06597459967647219,58.303,0.24175435297668152
2024-12-12T00:00:00Z,6,0.721313,-0.06780850000000001,NA,3.6147708700490138,NA,57.72,NA,NA,NA,NA,NA,NA,NA,NA,NA,NA,NA,NA,NA,8.02348333332482,0.15157050541373826,62.254,0.17196437513696097
2024-12-13T00:00:00Z,15,1.96862,36.902899999999995,37.1844,NA,NA,NA,76.05591999999999,0.025883849672714503,0.4852074631402789,0.48890868718700664,156.81056694586638,2.1767157118130265,9.09575122467202e-4,6.407183594462102,20.987337727023466,0.05004448844733174,NA,NA,NA,1.0689026077952626,0.08027404488375386,55.017,0.0519049898566777
2024-12-13T00:00:00Z,15,1.96862,36.902899999999995,37.1844,NA,NA,NA,76.05591999999999,0.025883849672714503,0.4852074631402789,0.48890868718700664,183.23409679654895,2.2907921832018747,4.022252003571526e-4,7.48683281877438,22.08723396921613,0.02213028247507401,NA,NA,NA,1.0689026077952626,0.08027404488375386,55.017,0.0519049898566777
2024-12-13T00:00:00Z,3,1.90905,88.4621,NA,NA,NA,NA,NA,NA,NA,NA,97.45183326278776,0.5830372375040289,7.435898802126571e-4,4.11316438729352,6.19716499356478,0.03551736854920962,NA,NA,NA,1.4351821937048908,0.11668969198078252,54.842,0.027001577769989116
2024-12-13T00:00:00Z,3,1.90905,88.4621,NA,NA,NA,NA,NA,NA,NA,NA,93.7102595108128,0.47327810167248296,7.779922079038927e-4,3.9552432133782385,5.030523430135518,0.03716058638215115,NA,NA,NA,1.4351821937048908,0.11668969198078252,54.842,0.027001577769989116
2024-12-13T00:00:00Z,6,1.8184,74.6219,0.5642999999999887,3.638662346459797,NA,61.12,77.00459999999998,0.02361417369871411,0.969057692657322,0.007328133643963982,117.6193661440664,0.6225829747370607,0.00127972373881332,5.991114214961629,6.948126963198476,0.07409916522025836,NA,NA,NA,7.553051713499091,0.1484061415675282,61.741,0.16188178679132317
2024-12-13T00:00:00Z,6,1.8184,74.6219,0.5642999999999887,3.638662346459797,NA,61.12,77.00459999999998,0.02361417369871411,0.969057692657322,0.007328133643963982,158.0357558154204,0.8299906330327061,6.892497836416051e-4,8.049782056963878,9.262830065361616,0.0399092648257396,NA,NA,NA,7.553051713499091,0.1484061415675282,61.741,0.16188178679132317
2024-12-13T00:00:00Z,9,1.26044,95.1743,0.6830999999999818,NA,NA,NA,97.11783999999999,0.01297845998222366,0.9799878168624839,0.007033723155292395,35.05831624905311,0.40671555150572297,0.00207425425837417,1.2148181491580206,4.003403992080481,0.09619027696079568,NA,NA,NA,8.570961998818076,0.05522822765925247,52.05,0.17495940352337946
2024-12-13T00:00:00Z,9,1.26044,95.1743,0.6830999999999818,NA,NA,NA,97.11783999999999,0.01297845998222366,0.9799878168624839,0.007033723155292395,38.00287322442101,0.4173401338301747,0.00162986497623588,1.31685103714657,4.107984441818458,0.07558242334076908,NA,NA,NA,8.570961998818076,0.05522822765925247,52.05,0.17495940352337946
2024-12-13T00:00:00Z,5,1.95752,19.28783,0.8880300000000005,5.280413751036212,NA,52.25,22.13338,0.08844198220063994,0.8714362650440195,0.0401217527553406,44.87775882635439,0.6026870721029479,0.00123164875378619,1.9861621423352205,5.8243988666415705,0.07224267008585682,NA,NA,NA,34.361211783899144,0.05573985008109855,57.958,0.3399528560253126
2024-12-13T00:00:00Z,5,1.95752,19.28783,0.8880300000000005,5.280413751036212,NA,52.25,22.13338,0.08844198220063994,0.8714362650440195,0.0401217527553406,45.401252644493,0.5808354030957166,0.00282977367700992,2.0093304918812955,5.613223213319767,0.16598109285413767,NA,NA,NA,34.361211783899144,0.05573985008109855,57.958,0.3399528560253126
2024-12-13T00:00:00Z,13,54.647,7.64543,0.2079000000000013,NA,2359.76,NA,62.50033,0.8743473834458154,0.12232623411748386,0.003326382436700755,18.72565107065432,0.5010858516594283,0.00208271424348263,0.7825550538810265,5.22101506345017,0.1188077665455703,NA,NA,NA,4.085314507586115,0.05681905545629259,56.75,0.5271314749308685
2024-12-13T00:00:00Z,13,54.647,7.64543,0.2079000000000013,NA,2359.76,NA,62.50033,0.8743473834458154,0.12232623411748386,0.003326382436700755,27.349480051287877,0.7602941141628803,0.00244641534478878,1.1429495163825985,7.921810223839338,0.13955497930966695,NA,NA,NA,4.085314507586115,0.05681905545629259,56.75,0.5271314749308685
2025-01-27T00:00:00Z,13,25.0359,27.35435,0.2524499999999996,NA,NA,NA,52.642700000000005,0.47558160960589024,0.519622853691015,0.004795536703094628,38.035134547632126,3.263893859959594,0.00416750287137696,1.7045397374007296,31.406195491011424,0.24751054419974383,NA,NA,NA,13.246295667275888,0.11557284429254173,52.576,1.7091803726482928
2025-01-27T00:00:00Z,13,25.0359,27.35435,0.2524499999999996,NA,NA,NA,52.642700000000005,0.47558160960589024,0.519622853691015,0.004795536703094628,34.12348689059176,2.7757410769269404,0.00334154538668495,1.5292397430813758,26.70903853946932,0.19845642406318725,NA,NA,NA,13.246295667275888,0.11557284429254173,52.576,1.7091803726482928
2025-01-27T00:00:00Z,3,5.0855,77.5028,1.7523000000000053,3.36820241757798,NA,NA,84.3406,0.060297175974560295,0.9189263533814083,0.020776470644031528,84.02667103653674,0.06840527849370133,0.01312306009066766,3.4621350905150257,0.709785592137133,0.6119039080389711,NA,NA,NA,118.9612007149239,0.5144036867094713,52.05,2.238141001752004
2025-01-27T00:00:00Z,3,5.0855,77.5028,1.7523000000000053,3.36820241757798,NA,NA,84.3406,0.060297175974560295,0.9189263533814083,0.020776470644031528,118.41169187963844,0.09272211147203752,0.01790729903751731,4.878894623892579,0.9621014670884698,0.8349840805249152,NA,NA,NA,118.9612007149239,0.5144036867094713,52.05,2.238141001752004
2025-01-27T00:00:00Z,6,4.9486,54.128899999999994,0.8612999999999928,NA,NA,NA,59.938799999999986,0.08256087876300496,0.903069464186804,0.01436965705019108,104.4249485070822,0.1521428661814637,0.00906987933364112,4.825436802286566,1.540372288357483,0.47643339622856895,NA,NA,NA,126.74199103937408,0.3912959630115067,52.75,2.71641460289152
2025-01-27T00:00:00Z,6,4.9486,54.128899999999994,0.8612999999999928,NA,NA,NA,59.938799999999986,0.08256087876300496,0.903069464186804,0.01436965705019108,123.32189974443747,0.20910633185302344,0.01015845569186969,5.698657668137073,2.117099585348315,0.5336154283512345,NA,NA,NA,126.74199103937408,0.3912959630115067,52.75,2.71641460289152
2025-01-27T00:00:00Z,6,4.9486,54.128899999999994,0.8612999999999928,NA,NA,NA,59.938799999999986,0.08256087876300496,0.903069464186804,0.01436965705019108,12.519776595462709,0.0027346093190009,0.00237901516492433,0.5785340725933369,0.02768658511697165,0.12496773474153255,NA,NA,NA,126.74199103937408,0.3912959630115067,52.75,2.71641460289152
2025-01-27T00:00:00Z,9,2.85403,73.3151,0.3564000000000078,NA,NA,NA,76.52553,0.037295135362015785,0.9580475953580458,0.004657269279938444,53.9604968665338,0.23499993906279537,0.00267626307905506,1.8719207148457648,2.3157820420647752,0.124247963927628,NA,NA,NA,87.22459426629082,0.19666601053481814,50.113,1.7805192681409
2025-01-27T00:00:00Z,9,2.85403,73.3151,0.3564000000000078,NA,NA,NA,76.52553,0.037295135362015785,0.9580475953580458,0.004657269279938444,42.26328385684004,0.18301981221510408,0.00218840263249572,1.4661376585301893,1.8035493803109064,0.1015985959935819,NA,NA,NA,87.22459426629082,0.19666601053481814,50.113,1.7805192681409
2025-01-27T00:00:00Z,6a,4.7414,55.732699999999994,0.5345999999999975,NA,NA,NA,61.00869999999999,0.07771678465530327,0.9135205306784114,0.008762684666285261,132.89284347161689,0.0884363557174004,0.00365003657151013,5.44915400463997,0.8902234195096352,0.17078789959155835,NA,NA,NA,30.660538520846952,0.2948331004354316,49.228,2.0651376852876546
2025-01-27T00:00:00Z,6a,4.7414,55.732699999999994,0.5345999999999975,NA,NA,NA,61.00869999999999,0.07771678465530327,0.9135205306784114,0.008762684666285261,106.02209170428016,0.06948905298249716,0.00329526021447003,4.347342494135702,0.6994949290113427,0.1541876525374432,NA,NA,NA,30.660538520846952,0.2948331004354316,49.228,2.0651376852876546
2025-01-27T00:00:00Z,15,4.2419,43.912099999999995,0.11880000000000024,NA,3957.748,NA,48.2728,0.0878735022621435,0.9096654844964451,0.0024610132414113173,89.92908127498931,0.4905730958051791,0.0026337737518701,3.565124349241596,4.589253502216866,0.14059789803799416,NA,NA,NA,80.15759003284457,0.27402714218015845,52.05,3.892383522360573
2025-01-27T00:00:00Z,15,4.2419,43.912099999999995,0.11880000000000024,NA,3957.748,NA,48.2728,0.0878735022621435,0.9096654844964451,0.0024610132414113173,95.1319268881088,0.559439375025158,0.00259460049852749,3.771384563598259,5.233489429130484,0.13850672484008034,NA,NA,NA,80.15759003284457,0.27402714218015845,52.05,3.892383522360573
2025-01-27T00:00:00Z,5a,3.74536,48.8126,0,NA,NA,NA,52.55796,0.07126151776058279,0.9287384822394172,0,65.40640606199763,0.06810547503368998,0.00425093548108466,3.0645947905534947,0.715248191125252,0.2257210818566357,NA,NA,NA,22.67373125849693,0.5196979206545824,52.75,1.3786178831828904
2025-01-27T00:00:00Z,5a,3.74536,48.8126,0,NA,NA,NA,52.55796,0.07126151776058279,0.9287384822394172,0,89.65001039268174,0.09116607113098288,0.00511389019356955,4.200520581455841,0.957432092444487,0.2715432478627099,NA,NA,NA,22.67373125849693,0.5196979206545824,52.75,1.3786178831828904
2025-01-27T00:00:00Z,7,5.2187,57.455299999999994,0.02969999999999828,NA,NA,NA,62.70369999999999,0.08322794348658852,0.9162984002538925,4.736562595189484e-4,115.82259245974524,0.11821258443433742,0.01111136681729215,4.541020394344226,1.1782775939064056,0.6469728781150181,NA,NA,NA,79.72634187514451,0.3278607962810334,52.05,3.2668297719774144
2025-01-27T00:00:00Z,7,5.2187,57.455299999999994,0.02969999999999828,NA,NA,NA,62.70369999999999,0.08322794348658852,0.9162984002538925,4.736562595189484e-4,130.66795415241648,0.20339061128577043,0.01026883215940727,5.12305787749991,2.027285007224145,0.5979152705779218,NA,NA,NA,79.72634187514451,0.3278607962810334,52.05,3.2668297719774144
2025-01-27T00:00:00Z,5,2.7656,34.64569999999999,0.1782000000000039,4.106212337702598,3691.865,50.49,37.589499999999994,0.0735737373468655,0.9216855770893466,0.004740685563787865,28.90379384173551,0.1834197217949654,0.00336875255583212,1.2673672086491798,1.8518679668332456,0.1968058883433033,NA,NA,NA,135.72378343994873,0.2168534590216034,53.1,1.3427840700481806
2025-02-20T00:00:00Z,6,4.9634,58.6433,0.02969999999999828,NA,8848.457999999999,NA,63.6364,0.07799624114500506,0.9215370448359744,4.6671401902053354e-4,NA,NA,NA,NA,NA,NA,NA,NA,NA,95.29751467860275,0.35482346873784654,60.539,2.0424766754043246
2025-02-20T00:00:00Z,NA,8.7929,76.58210000000001,0.8315999999999946,NA,NA,NA,86.20660000000001,0.10199799087308858,0.8883554159426309,0.00964659318428049,NA,NA,NA,NA,NA,NA,NA,NA,NA,NA,NA,NA,NA
2025-02-20T00:00:00Z,9,2.38117,74.6219,0.5049000000000063,NA,NA,NA,77.50797,0.03072161482232085,0.9627642163767158,0.006514168800963389,58.02826338996828,0.3284983216057991,7.269897605500273e-4,2.226057063262072,3.5797137193398143,0.03732277965984517,NA,NA,NA,63.11231177277367,0.1648166534211855,58.476,1.2883142434033346
2025-02-20T00:00:00Z,9,2.38117,74.6219,0.5049000000000063,NA,NA,NA,77.50797,0.03072161482232085,0.9627642163767158,0.006514168800963389,56.21722860467009,0.3613235689330776,5.981617497843827e-4,2.1565828701687235,3.937417185292947,0.03070890458107583,NA,NA,NA,63.11231177277367,0.1648166534211855,58.476,1.2883142434033346
2025-02-20T00:00:00Z,5,NA,35.507,NA,6.167070129693066,5568.476,59.49,NA,NA,NA,NA,NA,NA,NA,NA,NA,NA,NA,NA,NA,160.10234621556677,0.2553345893055422,61.227,1.5839735279021403
2025-02-28T00:00:00Z,7,4.7266,60.8708,1.1285999999999987,NA,NA,NA,66.726,0.07083595599916076,0.9122500974133022,0.016913946587537074,142.9236810098236,0.2358069198618816,0.00109939219251755,8.117848394257594,2.9168505538197445,0.06669271902517167,NA,NA,NA,28.088622348221627,0.23143904166596202,61.569,1.1509464197504826
2025-02-28T00:00:00Z,7,4.7266,60.8708,1.1285999999999987,NA,NA,NA,66.726,0.07083595599916076,0.9122500974133022,0.016913946587537074,134.51583462969816,0.22944293777894145,-3.117787483761114e-4,7.640295467032227,2.838130282701341,-0.01891351658215064,NA,NA,NA,28.088622348221627,0.23143904166596202,61.569,1.1509464197504826
2025-02-28T00:00:00Z,9,2.3179,76.96820000000001,0.29699999999999704,NA,NA,NA,79.5831,0.029125530420403323,0.9671425214649845,0.003731948114612236,51.1032301350129,0.25379371717410737,3.154958931435656e-4,2.5115519288110857,3.0338658444166784,0.01483874465646924,NA,NA,NA,43.26635943181013,0.13403969792788065,60.539,0.8831979933946174
2025-02-28T00:00:00Z,9,2.3179,76.96820000000001,0.29699999999999704,NA,NA,NA,79.5831,0.029125530420403323,0.9671425214649845,0.003731948114612236,49.18857562998189,0.24271485793929348,1.6106392219382727e-4,2.417453097828916,2.90142847361863,0.00757533288623847,NA,NA,NA,43.26635943181013,0.13403969792788065,60.539,0.8831979933946174
2025-02-28T00:00:00Z,6,3.74647,58.4651,0.47520000000000806,NA,10159.344,NA,62.68677000000001,0.0597649232844506,0.9326545298154617,0.007580546900087658,108.04094371513322,0.2438112915398067,7.939118836126803e-4,4.482644840785196,2.8955875211270405,0.04544688942086153,NA,NA,NA,52.81657634850864,0.28973214537338127,59.68,1.1319983068851456
2025-02-28T00:00:00Z,6,3.74647,58.4651,0.47520000000000806,NA,10159.344,NA,62.68677000000001,0.0597649232844506,0.9326545298154617,0.007580546900087658,116.21935452018135,0.31689601871272854,4.577501610547359e-4,4.8219690797305095,3.7635671075127486,0.02620356412498958,NA,NA,NA,52.81657634850864,0.28973214537338127,59.68,1.1319983068851456
2025-02-28T00:00:00Z,15,3.31542,41.2688,0.5048999999999921,NA,NA,NA,45.089119999999994,0.07353037717302978,0.91527179949398,0.011197823332990136,88.95833191444706,0.5494618755167503,0.00309134793223676,4.74278048283889,6.714063031488528,0.1991428425476563,NA,NA,NA,45.91335324317911,0.2338654869733981,61.912,2.22951288264584
2025-02-28T00:00:00Z,15,3.31542,41.2688,0.5048999999999921,NA,NA,NA,45.089119999999994,0.07353037717302978,0.91527179949398,0.011197823332990136,100.82242808409715,0.6160302923079748,0.00204707793297843,5.375310371259628,7.527485338217897,0.1318715742860235,NA,NA,NA,45.91335324317911,0.2338654869733981,61.912,2.22951288264584
2025-02-28T00:00:00Z,5a,3.4741500000000003,48.3968,0.4157999999999973,NA,17187.58,NA,52.28675,0.06644417562766859,0.9256035228810359,0.007952301491295544,100.99023184332285,0.2845526838396325,0.0012164558281604,5.4551158902114585,3.4071229442014337,0.07358162750890226,NA,NA,NA,19.13536444344394,0.4949522927833734,60.024,1.1634765942225698
2025-02-28T00:00:00Z,5a,3.4741500000000003,48.3968,0.4157999999999973,NA,17187.58,NA,52.28675,0.06644417562766859,0.9256035228810359,0.007952301491295544,29.21640873541554,0.06951776494188591,0.00102056137064978,1.5781614977846576,0.8323786258736818,0.06173225931161794,NA,NA,NA,19.13536444344394,0.4949522927833734,60.024,1.1634765942225698
2025-02-28T00:00:00Z,3,3.77755,85.43270000000001,1.900800000000018,3.404448769621402,NA,60.91,91.11105000000003,0.04146094244331504,0.9376766045391858,0.020862453017499165,124.06420267117636,0.23537518459863993,8.625689025611057e-4,7.038096566995718,2.864123877429658,0.05234627788207315,NA,NA,NA,71.2800452672395,0.4336531318517181,60.024,1.3410657505185526
2025-02-28T00:00:00Z,3,3.77755,85.43270000000001,1.900800000000018,3.404448769621402,NA,60.91,91.11105000000003,0.04146094244331504,0.9376766045391858,0.020862453017499165,126.84552354682292,0.2556618643640334,5.972807299261077e-4,7.1958794284911045,3.110978973938282,0.03624687021464309,NA,NA,NA,71.2800452672395,0.4336531318517181,60.024,1.3410657505185526
2025-02-28T00:00:00Z,13,16.903299999999998,37.5563,0.47519999999999385,NA,NA,NA,54.93479999999999,0.30769748865928337,0.68365225685722,0.00865025448349669,42.981674670453955,0.4933747107655002,0.00307603945790115,2.170057486578204,5.34837586046315,0.2058142459254167,NA,NA,NA,15.474237800990638,0.12692733961225494,61.227,1.9966535698341834
2025-02-28T00:00:00Z,13,16.903299999999998,37.5563,0.47519999999999385,NA,NA,NA,54.93479999999999,0.30769748865928337,0.68365225685722,0.00865025448349669,42.83923148664812,0.5108439503753753,0.00240787719156125,2.1628658194363375,5.537749286768558,0.16110828071117503,NA,NA,NA,15.474237800990638,0.12692733961225494,61.227,1.9966535698341834
2025-02-28T00:00:00Z,5,2.64979,35.8931,1.1880000000000024,4.473957862982821,4585.855,61.84,39.73089,0.06669344683695733,0.9034053855828549,0.029901167580187665,60.7230918065281,0.3881684060013577,0.00156487085862766,3.3170779501344274,4.790761513295886,0.08993325485281528,NA,NA,NA,101.35017180899058,0.16245476339437534,61.569,1.0027085360612031
2025-02-28T00:00:00Z,5,2.64979,35.8931,1.1880000000000024,4.473957862982821,4585.855,61.84,39.73089,0.06669344683695733,0.9034053855828549,0.029901167580187665,22.548931522353183,0.13260694918730864,6.954696888200175e-4,1.2317647426484928,1.6366305416415556,0.03996869928417557,NA,NA,NA,101.35017180899058,0.16245476339437534,61.569,1.0027085360612031
2025-03-11T00:00:00Z,NA,5.1484,83.0567,4.841099999999997,NA,NA,NA,93.0462,0.055331652447923714,0.8926393555029652,0.05202899204911106,NA,NA,NA,NA,NA,NA,NA,NA,NA,NA,NA,NA,NA
2025-03-11T00:00:00Z,6,4.8228,52.61419999999999,0.5346000000000046,NA,9297.126,NA,57.971599999999995,0.08319245975615647,0.9075857833835878,0.009221756860255791,NA,NA,NA,NA,NA,NA,NA,NA,NA,153.05210636512354,0.4176514353028705,60.883,3.28030965368351
2025-03-11T00:00:00Z,9,3.5603599999999997,64.91,0.2078999999999951,NA,4115.426,NA,68.67826,0.05184115031452457,0.945131690872774,0.003027158812701357,NA,NA,NA,NA,NA,NA,NA,NA,NA,156.0480985275671,0.27025209156478913,61.912,3.185416321190738
2025-04-16T00:00:00Z,6,4.10611,67.2563,16.483499999999992,NA,NA,NA,87.84590999999999,0.04674218754179905,0.765616748690975,0.18764106376722597,NA,NA,NA,NA,NA,NA,NA,NA,NA,16.755654847289186,0.194673192143587,64.652,0.3591178040910411
2025-04-16T00:00:00Z,3,4.4195,88.6106,0.3563999999999936,NA,NA,NA,93.3865,0.04732482746435513,0.9488587750906181,0.0038163974450267824,NA,NA,NA,NA,NA,NA,NA,NA,NA,16.62561041146439,0.26646280621232554,63.626,0.31279492908132134
2025-04-16T00:00:00Z,5,2.8825200000000004,34.25959999999999,4.068899999999996,4.761466178705583,NA,67.15,41.21101999999999,0.06994536898140355,0.8313213310420368,0.0987332999765596,NA,NA,NA,NA,NA,NA,NA,NA,NA,34.27950603063105,0.055607070095259066,64.996,0.33914449966256627
2025-04-16T00:00:00Z,9,1.92866,93.0062,1.039500000000004,NA,NA,NA,95.97436,0.020095575526630237,0.9690734066890365,0.010831017784333274,NA,NA,NA,NA,NA,NA,NA,NA,NA,11.643322428175013,0.06530324780929282,66.879,0.23767562466672948
2025-04-16T00:00:00Z,7,5.862500000000001,76.0475,8.137799999999999,NA,NA,NA,90.0478,0.0651043112657944,0.8445236863088271,0.09037200242537852,NA,NA,NA,NA,NA,NA,NA,NA,NA,12.518440843215766,0.17658587460032038,65.338,0.5129498517491234
2025-04-16T00:00:00Z,15,4.15014,45.33769999999999,2.7323999999999913,NA,NA,NA,52.22023999999998,0.07947378257932176,0.8682016781232719,0.052324539297406374,NA,NA,NA,NA,NA,NA,NA,NA,NA,3.332026520965952,0.11032296861796505,65.68,0.16180033757205073
2025-01-04T00:00:00Z,13,NA,NA,NA,NA,NA,NA,NA,NA,NA,NA,33.249742016653805,0.6165001194458826,0.00269509497526086,1.5243145151107345,6.06843352972086,0.1637404590079906,NA,NA,NA,4.429834281905975,0.059731182492667984,55.884,0.5715851434165744
2025-01-04T00:00:00Z,15,NA,NA,NA,NA,NA,NA,NA,NA,NA,NA,107.24234783930056,0.5200422638834322,5.200917023694558e-4,4.388065891870612,5.021220147597399,0.02865580341103938,NA,NA,NA,1.7640133712893216,0.09242476848590067,55.711,0.08565896974717986
2025-01-04T00:00:00Z,15,NA,NA,NA,NA,NA,NA,NA,NA,NA,NA,158.65361869474626,0.8691887714871582,-6.016906396612173e-4,6.4916756005703125,8.392372071580379,-0.03315170883488983,NA,NA,NA,1.7640133712893216,0.09242476848590067,55.711,0.08565896974717986
2025-03-26T00:00:00Z,3,NA,NA,NA,NA,NA,NA,NA,NA,NA,NA,36.88918386275226,0.14614221437942992,-0.00173768476561491,2.1221584387412493,1.8033367499157789,-0.10693823908497883,NA,NA,NA,35.59449154467495,0.3438133417825277,61.398,0.6696762514490815
2025-03-26T00:00:00Z,3,NA,NA,NA,NA,NA,NA,NA,NA,NA,NA,35.616758555058205,0.2846977907465589,-0.00153627271476008,2.048958442925744,3.5130574068088425,-0.09454321181932428,NA,NA,NA,35.59449154467495,0.3438133417825277,61.398,0.6696762514490815
2025-01-04T00:00:00Z,5,NA,NA,NA,NA,NA,NA,NA,NA,NA,NA,58.76933209607773,-1.2298515700660542,0.00198523645219735,2.1473103034146224,-0.2256938419581284,0.1120638165647866,NA,NA,NA,32.37621440292677,0.05255425950245844,58.131,0.3203142724646326
2025-01-04T00:00:00Z,5,NA,NA,NA,NA,NA,NA,NA,NA,NA,NA,31.742270587521112,-1.523981914944878,0.00188551293614357,1.1597971638494773,-0.2796706056488929,0.10643456378843484,NA,NA,NA,32.37621440292677,0.05255425950245844,58.131,0.3203142724646326
2025-03-12T00:00:00Z,5,NA,NA,NA,NA,NA,NA,NA,NA,NA,NA,10.239264963098174,-0.0056842600412822,-0.00520421283000571,0.5580958440112768,-0.06999975359260059,-0.29842490436941826,NA,NA,NA,206.83497944666976,0.3289333160484501,62.598,2.046323116630589
2025-03-26T00:00:00Z,5,NA,NA,NA,NA,NA,NA,NA,NA,NA,NA,35.201869590378834,0.18155123417579236,-0.0013005356559123,1.7815427415645728,2.0647650912338595,-0.09471631064176848,NA,NA,NA,66.4313485558764,0.10697961127147555,62.94,0.6572389476021133
2025-03-26T00:00:00Z,5a,NA,NA,NA,NA,NA,NA,NA,NA,NA,NA,47.823593449833176,0.18135170980643,-0.0021397103074065,2.60903427381156,2.193106590241477,-0.13071968456523525,NA,NA,NA,15.880601497325857,0.469115133425072,61.227,0.965579108719036
2025-03-26T00:00:00Z,5a,NA,NA,NA,NA,NA,NA,NA,NA,NA,NA,13.980343233974796,0.08473736934587123,-9.89401074384339e-4,0.7627029260223236,1.0247385224573562,-0.06044472277594849,NA,NA,NA,15.880601497325857,0.469115133425072,61.227,0.965579108719036
2025-03-26T00:00:00Z,5a,NA,NA,NA,NA,NA,NA,NA,NA,NA,NA,14.1798356379165,0.10764192810580296,-0.00148694120912443,0.7735863097604141,1.3017259234396563,-0.09084056152413927,NA,NA,NA,15.880601497325857,0.469115133425072,61.227,0.965579108719036
2025-01-10T00:00:00Z,6,NA,NA,NA,NA,NA,NA,NA,NA,NA,NA,378.5951093484877,5.770973238683274,-0.00197990015625974,18.443658729277608,61.59747070028314,-0.10964370257582812,NA,NA,NA,3.4104629775440087,0.11303179197267517,56.75,0.07309520198355873
2025-03-26T00:00:00Z,6,NA,NA,NA,NA,NA,NA,NA,NA,NA,NA,55.28928031253993,0.48970337802557146,-7.805953755373317e-4,2.735790349242903,6.003061007426424,-0.06159233614169563,NA,NA,NA,38.931853753656895,0.2608464014130827,61.569,0.8344121406552342
2025-03-26T00:00:00Z,6a,NA,NA,NA,NA,NA,NA,NA,NA,NA,NA,39.989063832702854,0.2397624343427947,8.954819957941548e-5,2.544272886914438,3.705345955632169,0.00824285135389961,NA,NA,NA,3.619774764809257,0.1652463377654029,60.195,0.24380958847080153
2025-03-26T00:00:00Z,7,NA,NA,NA,NA,NA,NA,NA,NA,NA,NA,34.759949967287554,0.21005711310365335,-2.6329728193347544e-4,2.1357538805190663,3.03436875273232,-0.02359770034308779,NA,NA,NA,17.958644231798,0.19953900492216567,63.111,0.7358651138498863
2025-03-26T00:00:00Z,7,NA,NA,NA,NA,NA,NA,NA,NA,NA,NA,61.12211736827266,0.5572335416070003,-7.155006797725554e-4,3.755523223643374,8.049487216328117,-0.06412588277616299,NA,NA,NA,17.958644231798,0.19953900492216567,63.111,0.7358651138498863
2025-01-04T00:00:00Z,9,NA,NA,NA,NA,NA,NA,NA,NA,NA,NA,53.350946710293655,0.4568629188580239,0.00159350968513999,1.8220374578295144,4.432201564354462,0.07283143143305046,NA,NA,NA,6.995455755166853,0.049479396231519805,50.643,0.14279852908774554
2025-03-26T00:00:00Z,9,NA,NA,NA,NA,NA,NA,NA,NA,NA,NA,37.1065494907821,0.3029543841199254,-6.61459568051705e-4,1.7983804752845145,3.3031992348225003,-0.04622974197524244,NA,NA,NA,29.707918352512674,0.10913396629823566,63.626,0.6064289721029714
2024-01-09T00:00:00Z,5,NA,NA,NA,NA,NA,NA,NA,NA,NA,NA,NA,NA,NA,NA,NA,NA,0.455649091,149.2543539,1.108183975,263.4476983841696,0.4175682471061911,57.096,2.606421392884613
2024-01-09T00:00:00Z,6,NA,NA,NA,NA,NA,NA,NA,NA,NA,NA,NA,NA,NA,NA,NA,NA,0.456009802,45.40953218,1.150019345,244.11460926309223,0.48515583167529974,57.958,5.232018875065765
2024-01-09T00:00:00Z,7,NA,NA,NA,NA,NA,NA,NA,NA,NA,NA,NA,NA,NA,NA,NA,NA,0.558017675,34.93484853,1.267317789,143.5363673298076,0.3481648432993835,57.785,5.8814799114806595
2024-01-09T00:00:00Z,9,NA,NA,NA,NA,NA,NA,NA,NA,NA,NA,NA,NA,NA,NA,NA,NA,0.41886355,47.41715825,1.118888227,182.47924069614263,0.29165270254782943,55.017,3.7249563248558237
2024-01-09T00:00:00Z,13,NA,NA,NA,NA,NA,NA,NA,NA,NA,NA,NA,NA,NA,NA,NA,NA,0.530723478,45.77842365,1.118640957,75.2522134577669,0.315725349784033,57.785,9.709854699838935
2024-01-09T00:00:00Z,15,NA,NA,NA,NA,NA,NA,NA,NA,NA,NA,NA,NA,NA,NA,NA,NA,0.470133044,42.17951334,1.151245209,75.79887759381026,0.2553306814189386,56.23,3.6807282010185336
2024-01-15T00:00:00Z,15,NA,NA,NA,NA,NA,NA,NA,NA,NA,NA,NA,NA,NA,NA,NA,NA,0.479706736,15.2902574,1.073359911,103.83252779034308,0.29479704823046005,54.147,5.0420181057161875
2024-01-15T00:00:00Z,5a,NA,NA,NA,NA,NA,NA,NA,NA,NA,NA,NA,NA,NA,NA,NA,NA,0.51164876,13.91656168,1.159350614,27.272140098077145,0.548066319465972,55.884,1.6582122996535307
2024-01-15T00:00:00Z,3,NA,NA,NA,NA,NA,NA,NA,NA,NA,NA,NA,NA,NA,NA,NA,NA,0.799407216,6.834292782,1.263861888,108.06338667101254,0.49841860229174995,54.842,2.033109072899869
2024-01-15T00:00:00Z,5,NA,NA,NA,NA,NA,NA,NA,NA,NA,NA,NA,NA,NA,NA,NA,NA,0.856428032,5.868272139,1.269880627,232.93608872316065,0.36996142840770524,55.537,2.3045545986800553
2024-01-15T00:00:00Z,5a,NA,NA,NA,NA,NA,NA,NA,NA,NA,NA,NA,NA,NA,NA,NA,NA,0.837991753,5.657024105,1.32428553,27.272140098077145,0.548066319465972,55.884,1.6582122996535307
2024-01-15T00:00:00Z,6,NA,NA,NA,NA,NA,NA,NA,NA,NA,NA,NA,NA,NA,NA,NA,NA,0.482080768,16.7209091,1.117333369,284.3058585003474,0.514821996776861,55.189,6.0934231771539
2024-01-15T00:00:00Z,6a,NA,NA,NA,NA,NA,NA,NA,NA,NA,NA,NA,NA,NA,NA,NA,NA,0.467190643,13.95481063,1.07519707,33.87797893047741,0.3036234516408426,53.798,2.2818480811464052
2024-01-15T00:00:00Z,7,NA,NA,NA,NA,NA,NA,NA,NA,NA,NA,NA,NA,NA,NA,NA,NA,0.49838366,16.99658533,1.143858169,88.11064041826319,0.33911435171355186,56.577,3.6103809177292314
2024-01-15T00:00:00Z,9,NA,NA,NA,NA,NA,NA,NA,NA,NA,NA,NA,NA,NA,NA,NA,NA,0.445001572,17.06647471,1.088184685,255.96193884142832,0.3542406263833505,52.925,5.224961696313615
2024-01-15T00:00:00Z,13,NA,NA,NA,NA,NA,NA,NA,NA,NA,NA,NA,NA,NA,NA,NA,NA,0.482840098,15.53411508,1.027882257,62.60793319395735,0.2947504025311081,55.884,8.078352867477085
2024-11-01T00:00:00Z,3,NA,NA,NA,NA,NA,NA,NA,NA,NA,NA,NA,NA,NA,NA,NA,NA,0.471351406,21.71970873,1.060519719,31.486673516914742,0.32999667453880344,69.449,0.5923915914051888
2024-11-01T00:00:00Z,5,NA,NA,NA,NA,NA,NA,NA,NA,NA,NA,NA,NA,NA,NA,NA,NA,0.481375559,24.51874847,1.125506183,25.92018186758435,0.042176871323439516,70.137,0.2564414756382296
2024-11-01T00:00:00Z,7,NA,NA,NA,NA,NA,NA,NA,NA,NA,NA,NA,NA,NA,NA,NA,NA,0.441786071,22.18909334,1.048657719,8.410604961198073,0.15489883176736047,70.651,0.3446290653923598
2024-11-01T00:00:00Z,3,NA,NA,NA,NA,NA,NA,NA,NA,NA,NA,NA,NA,NA,NA,NA,NA,0.586591499,20.80045649,1.279639443,31.486673516914742,0.32999667453880344,69.449,0.5923915914051888
2024-11-01T00:00:00Z,3,NA,NA,NA,NA,NA,NA,NA,NA,NA,NA,NA,NA,NA,NA,NA,NA,0.448059857,26.84108515,1.112233882,31.486673516914742,0.32999667453880344,69.449,0.5923915914051888
2024-10-10T00:00:00Z,5,NA,NA,NA,NA,NA,NA,NA,NA,NA,NA,NA,NA,NA,NA,NA,NA,0.485971636,24.995171590000002,1.135304004,384.44681867167395,0.6072117135143361,74.098,3.8035269192258543
2024-11-01T00:00:00Z,5,NA,NA,NA,NA,NA,NA,NA,NA,NA,NA,NA,NA,NA,NA,NA,NA,0.664137859,15.98687834,1.312409013,25.92018186758435,0.042176871323439516,70.137,0.2564414756382296
2024-12-08T00:00:00Z,3,NA,NA,NA,NA,NA,NA,NA,NA,NA,NA,NA,NA,NA,NA,NA,NA,0.477558502,23.45400286,1.087621649,0.7599028276859745,0.09490112859013596,53.798,0.014296843557143944
2024-12-08T00:00:00Z,5,NA,NA,NA,NA,NA,NA,NA,NA,NA,NA,NA,NA,NA,NA,NA,NA,0.517872094,19.94525776,1.131592831,23.88990613721696,0.038909535243313,56.75,0.23635493045472472
2024-12-08T00:00:00Z,6,NA,NA,NA,NA,NA,NA,NA,NA,NA,NA,NA,NA,NA,NA,NA,NA,0.511616381,25.69981714,1.159243462,4.196808587578876,0.12138067230679933,61.054,0.08994865899888023
2024-12-08T00:00:00Z,7,NA,NA,NA,NA,NA,NA,NA,NA,NA,NA,NA,NA,NA,NA,NA,NA,0.538431832,13.86169096,1.146268399,NA,NA,61.227,NA
2024-12-08T00:00:00Z,3,NA,NA,NA,NA,NA,NA,NA,NA,NA,NA,NA,NA,NA,NA,NA,NA,0.546182442,18.70375383,1.24232168,0.7599028276859745,0.09490112859013596,53.798,0.014296843557143944
2024-12-08T00:00:00Z,3,NA,NA,NA,NA,NA,NA,NA,NA,NA,NA,NA,NA,NA,NA,NA,NA,0.577001662,17.97099512,1.276266878,0.7599028276859745,0.09490112859013596,53.798,0.014296843557143944
NA,5,NA,NA,NA,NA,NA,NA,NA,NA,NA,NA,NA,NA,NA,NA,NA,NA,0.440656621,45.91890643,1.068193051,NA,NA,NA,NA
NA,3,NA,NA,NA,NA,NA,NA,NA,NA,NA,NA,NA,NA,NA,NA,NA,NA,0.451706939,49.25997838,1.006822203,NA,NA,NA,NA
2024-04-18T00:00:00Z,3,NA,NA,NA,NA,NA,NA,NA,NA,NA,NA,NA,NA,NA,NA,NA,NA,0.60963969,6.032899957,1.289353167,41.55048836519816,0.3620291686737218,65.509,0.7817326245371622
2024-04-18T00:00:00Z,3,NA,NA,NA,NA,NA,NA,NA,NA,NA,NA,NA,NA,NA,NA,NA,NA,0.447735209,30.14687325,1.09703267,41.55048836519816,0.3620291686737218,65.509,0.7817326245371622
2024-04-18T00:00:00Z,3,NA,NA,NA,NA,NA,NA,NA,NA,NA,NA,NA,NA,NA,NA,NA,NA,0.416412459,25.27936093,1.073151915,41.55048836519816,0.3620291686737218,65.509,0.7817326245371622
2024-04-18T00:00:00Z,3,NA,NA,NA,NA,NA,NA,NA,NA,NA,NA,NA,NA,NA,NA,NA,NA,0.453317794,15.58208225,1.017666464,41.55048836519816,0.3620291686737218,65.509,0.7817326245371622
2023-04-03T00:00:00Z,3,NA,NA,NA,NA,NA,NA,NA,NA,NA,NA,NA,NA,NA,NA,NA,NA,0.460148247,26.77447429,1.14919278,NA,NA,NA,NA
2023-05-01T00:00:00Z,6,NA,NA,NA,NA,NA,NA,NA,NA,NA,NA,NA,NA,NA,NA,NA,NA,0.454712299,36.97468419,1.136859204,NA,NA,NA,NA
2023-04-03T00:00:00Z,5,NA,NA,NA,NA,NA,NA,NA,NA,NA,NA,NA,NA,NA,NA,NA,NA,0.437421553,21.34079056,0.998285953,NA,NA,NA,NA
2023-04-03T00:00:00Z,6,NA,NA,NA,NA,NA,NA,NA,NA,NA,NA,NA,NA,NA,NA,NA,NA,0.429823766,49.17604057,1.097129363,NA,NA,NA,NA
2023-05-01T00:00:00Z,5,NA,NA,NA,NA,NA,NA,NA,NA,NA,NA,NA,NA,NA,NA,NA,NA,0.447374046,27.22076207,1.052634736,NA,NA,NA,NA
2023-05-03T00:00:00Z,5a,NA,NA,NA,NA,NA,NA,NA,NA,NA,NA,NA,NA,NA,NA,NA,NA,0.507796649,21.85353209,1.208224621,NA,NA,NA,NA
2023-04-03T00:00:00Z,5a,NA,NA,NA,NA,NA,NA,NA,NA,NA,NA,NA,NA,NA,NA,NA,NA,0.518615809,22.84406298,1.225019357,NA,NA,NA,NA
2034-04-03T00:00:00Z,6,NA,NA,NA,NA,NA,NA,NA,NA,NA,NA,NA,NA,NA,NA,NA,NA,0.41588142,53.06513562,1.088085901,NA,NA,NA,NA
2023-05-01T00:00:00Z,6,NA,NA,NA,NA,NA,NA,NA,NA,NA,NA,NA,NA,NA,NA,NA,NA,0.440300613,44.19163166,1.125226981,NA,NA,NA,NA
2023-04-03T00:00:00Z,13,NA,NA,NA,NA,NA,NA,NA,NA,NA,NA,NA,NA,NA,NA,NA,NA,0.538554533,18.05115986,1.127532752,NA,NA,NA,NA
2023-05-01T00:00:00Z,13,NA,NA,NA,NA,NA,NA,NA,NA,NA,NA,NA,NA,NA,NA,NA,NA,0.558133423,14.00160308,1.151901612,NA,NA,NA,NA
2023-04-03T00:00:00Z,7,NA,NA,NA,NA,NA,NA,NA,NA,NA,NA,NA,NA,NA,NA,NA,NA,0.553694617,19.671559769999998,1.266558138,NA,NA,NA,NA
2023-05-01T00:00:00Z,7,NA,NA,NA,NA,NA,NA,NA,NA,NA,NA,NA,NA,NA,NA,NA,NA,0.510113415,14.3006598,1.175346587,NA,NA,NA,NA
2023-06-06T00:00:00Z,13,NA,NA,NA,NA,NA,NA,NA,NA,NA,NA,NA,NA,NA,NA,NA,NA,0.443070906,22.70725518,1.063594594,NA,NA,NA,NA
2024-05-30T00:00:00Z,3,NA,NA,NA,NA,NA,NA,NA,NA,NA,NA,NA,NA,NA,NA,NA,NA,0.468180481,43.29907262,1.062937461,2.5067275988366338,0.14115372692283826,70.824,0.04716167780303669
2024-05-30T00:00:00Z,3,NA,NA,NA,NA,NA,NA,NA,NA,NA,NA,NA,NA,NA,NA,NA,NA,0.547990579,19.37650511,1.244413621,2.5067275988366338,0.14115372692283826,70.824,0.04716167780303669
2024-06-19T00:00:00Z,3,NA,NA,NA,NA,NA,NA,NA,NA,NA,NA,NA,NA,NA,NA,NA,NA,0.465338344,21.66776305,1.048870891,NA,NA,73.062,NA
2024-07-11T00:00:00Z,3,NA,NA,NA,NA,NA,NA,NA,NA,NA,NA,NA,NA,NA,NA,NA,NA,0.521098236,10.99536494,1.209505829,79.21540849171436,0.4491165806107834,76.006,1.4903620058501792
NA,6a,NA,NA,NA,NA,NA,NA,NA,NA,NA,NA,NA,NA,NA,NA,NA,NA,0.413730208,38.46648168,1.060450903,NA,NA,NA,NA
2024-07-11T00:00:00Z,3,NA,NA,NA,NA,NA,NA,NA,NA,NA,NA,NA,NA,NA,NA,NA,NA,0.430190625,34.02601007,1.000756062,79.21540849171436,0.4491165806107834,76.006,1.4903620058501792
2024-06-19T00:00:00Z,7,NA,NA,NA,NA,NA,NA,NA,NA,NA,NA,NA,NA,NA,NA,NA,NA,0.557344565,13.43271137,1.177532314,NA,NA,77.34,NA
2024-07-11T00:00:00Z,3,NA,NA,NA,NA,NA,NA,NA,NA,NA,NA,NA,NA,NA,NA,NA,NA,0.586712508,22.94853156,1.283690205,79.21540849171436,0.4491165806107834,76.006,1.4903620058501792
2024-06-19T00:00:00Z,5,NA,NA,NA,NA,NA,NA,NA,NA,NA,NA,NA,NA,NA,NA,NA,NA,0.492231104,31.58798603,1.12786662,NA,NA,75.139,NA
2023-07-04T00:00:00Z,3,NA,NA,NA,NA,NA,NA,NA,NA,NA,NA,NA,NA,NA,NA,NA,NA,0.473874442,19.38872556,1.158079376,NA,NA,NA,NA
2024-07-29T00:00:00Z,7,NA,NA,NA,NA,NA,NA,NA,NA,NA,NA,NA,NA,NA,NA,NA,NA,0.440887877,36.96408042,1.048479299,73.83025392216673,0.3193752970839275,76.354,3.0252343944653033
2025-07-29T00:00:00Z,6,NA,NA,NA,NA,NA,NA,NA,NA,NA,NA,NA,NA,NA,NA,NA,NA,0.442335208,47.40633625,1.07649754,NA,NA,NA,NA
2022-07-29T00:00:00Z,5,NA,NA,NA,NA,NA,NA,NA,NA,NA,NA,NA,NA,NA,NA,NA,NA,0.436022243,29.19118965,1.054672711,NA,NA,NA,NA
2023-07-29T00:00:00Z,5a,NA,NA,NA,NA,NA,NA,NA,NA,NA,NA,NA,NA,NA,NA,NA,NA,0.446542058,23.42030999,1.072211215,NA,NA,NA,NA
2024-07-29T00:00:00Z,3,NA,NA,NA,NA,NA,NA,NA,NA,NA,NA,NA,NA,NA,NA,NA,NA,0.446563635,36.29714584,1.062767982,107.75820559742624,0.4976142446224287,76.181,2.0273673834276096
2024-07-27T00:00:00Z,6a,NA,NA,NA,NA,NA,NA,NA,NA,NA,NA,NA,NA,NA,NA,NA,NA,0.501573515,17.0689357,1.131099449,31.360462497290666,0.29722381762945327,76.703,2.112280998821026
2024-07-29T00:00:00Z,3,NA,NA,NA,NA,NA,NA,NA,NA,NA,NA,NA,NA,NA,NA,NA,NA,0.63001881,16.33534177,1.276738283,107.75820559742624,0.4976142446224287,76.181,2.0273673834276096
2024-07-29T00:00:00Z,3,NA,NA,NA,NA,NA,NA,NA,NA,NA,NA,NA,NA,NA,NA,NA,NA,0.545752258,27.63817131,1.240361405,107.75820559742624,0.4976142446224287,76.181,2.0273673834276096
2022-08-02T00:00:00Z,13,NA,NA,NA,NA,NA,NA,NA,NA,NA,NA,NA,NA,NA,NA,NA,NA,0.539091574,20.4851541,1.134096147,NA,NA,NA,NA
2023-08-02T00:00:00Z,3,NA,NA,NA,NA,NA,NA,NA,NA,NA,NA,NA,NA,NA,NA,NA,NA,0.406895161,48.93487026,1.013619189,NA,NA,NA,NA
2023-08-02T00:00:00Z,5,NA,NA,NA,NA,NA,NA,NA,NA,NA,NA,NA,NA,NA,NA,NA,NA,0.474966231,5.900812293,1.022286186,NA,NA,NA,NA
2023-08-02T00:00:00Z,5a,NA,NA,NA,NA,NA,NA,NA,NA,NA,NA,NA,NA,NA,NA,NA,NA,0.437936342,23.74961106,1.035868226,NA,NA,NA,NA
2023-08-02T00:00:00Z,6,NA,NA,NA,NA,NA,NA,NA,NA,NA,NA,NA,NA,NA,NA,NA,NA,0.443895799,65.16887741,1.066848198,NA,NA,NA,NA
2023-08-02T00:00:00Z,6a,NA,NA,NA,NA,NA,NA,NA,NA,NA,NA,NA,NA,NA,NA,NA,NA,0.45417298,54.40843625,1.110885811,NA,NA,NA,NA
2023-08-02T00:00:00Z,7,NA,NA,NA,NA,NA,NA,NA,NA,NA,NA,NA,NA,NA,NA,NA,NA,0.457215332,55.54194024,1.103552529,NA,NA,NA,NA
2023-08-02T00:00:00Z,9,NA,NA,NA,NA,NA,NA,NA,NA,NA,NA,NA,NA,NA,NA,NA,NA,0.427680604,66.71917791,1.098633715,NA,NA,NA,NA
2023-08-02T00:00:00Z,13,NA,NA,NA,NA,NA,NA,NA,NA,NA,NA,NA,NA,NA,NA,NA,NA,0.405108772,87.89704302,1.013499912,NA,NA,NA,NA
2024-08-30T00:00:00Z,3,NA,NA,NA,NA,NA,NA,NA,NA,NA,NA,NA,NA,NA,NA,NA,NA,0.513714516,11.53546565,1.091100116,72.62868000186526,0.436315731873888,77.05,1.3664390207765267
2024-08-23T00:00:00Z,5a,NA,NA,NA,NA,NA,NA,NA,NA,NA,NA,NA,NA,NA,NA,NA,NA,0.423974391,24.56765174,1.032881256,12.731184876670712,0.44025890688145003,75.832,0.7740869354490757
2024-08-30T00:00:00Z,5,NA,NA,NA,NA,NA,NA,NA,NA,NA,NA,NA,NA,NA,NA,NA,NA,0.590397017,9.128366775,1.117745205,42.71038040025259,0.06910523957411556,77.574,0.42255540608718883
2024-08-30T00:00:00Z,5,NA,NA,NA,NA,NA,NA,NA,NA,NA,NA,NA,NA,NA,NA,NA,NA,0.472264977,20.26213817,1.007733673,42.71038040025259,0.06910523957411556,77.574,0.42255540608718883
2024-08-30T00:00:00Z,6,NA,NA,NA,NA,NA,NA,NA,NA,NA,NA,NA,NA,NA,NA,NA,NA,0.466804776,22.03828835,0.971642828,239.4686836632476,0.4870404945355345,76.181,5.13244445588653
2024-08-30T00:00:00Z,3,NA,NA,NA,NA,NA,NA,NA,NA,NA,NA,NA,NA,NA,NA,NA,NA,0.38193018,35.99280074,0.939096091,72.62868000186526,0.436315731873888,77.05,1.3664390207765267
2024-08-30T00:00:00Z,7,NA,NA,NA,NA,NA,NA,NA,NA,NA,NA,NA,NA,NA,NA,NA,NA,0.586446174,12.00989179,1.119032374,61.47795073967748,0.3005668314366931,76.876,2.519092122790003
2024-08-30T00:00:00Z,3,NA,NA,NA,NA,NA,NA,NA,NA,NA,NA,NA,NA,NA,NA,NA,NA,0.511797856,18.07445261,1.046273499,72.62868000186526,0.436315731873888,77.05,1.3664390207765267
2018-09-13T00:00:00Z,15,NA,NA,NA,NA,NA,NA,NA,NA,NA,NA,NA,NA,NA,NA,NA,NA,0.512535938,9.422291412,1.015793844,NA,NA,NA,NA
2019-09-13T00:00:00Z,5a,NA,NA,NA,NA,NA,NA,NA,NA,NA,NA,NA,NA,NA,NA,NA,NA,0.497289972,10.28880219,1.025912746,NA,NA,NA,NA
2020-09-13T00:00:00Z,6,NA,NA,NA,NA,NA,NA,NA,NA,NA,NA,NA,NA,NA,NA,NA,NA,0.489741473,12.73101719,1.02812945,NA,NA,NA,NA
2021-09-13T00:00:00Z,6a,NA,NA,NA,NA,NA,NA,NA,NA,NA,NA,NA,NA,NA,NA,NA,NA,0.483321556,10.99529562,0.986904582,NA,NA,NA,NA
2022-09-13T00:00:00Z,3,NA,NA,NA,NA,NA,NA,NA,NA,NA,NA,NA,NA,NA,NA,NA,NA,0.47387664,11.6209032,0.982929468,NA,NA,NA,NA
2023-09-13T00:00:00Z,9,NA,NA,NA,NA,NA,NA,NA,NA,NA,NA,NA,NA,NA,NA,NA,NA,0.449008049,15.23927766,0.999469068,NA,NA,NA,NA
2024-08-30T00:00:00Z,6,NA,NA,NA,NA,NA,NA,NA,NA,NA,NA,NA,NA,NA,NA,NA,NA,0.478399003,13.78854524,1.025195176,239.4686836632476,0.4870404945355345,76.181,5.13244445588653
2024-08-30T00:00:00Z,15,NA,NA,NA,NA,NA,NA,NA,NA,NA,NA,NA,NA,NA,NA,NA,NA,0.52336675,8.654936143,1.036677123,4.391997390926647,0.1197288950638507,77.749,0.21327160993349098
2023-09-13T00:00:00Z,13,NA,NA,NA,NA,NA,NA,NA,NA,NA,NA,NA,NA,NA,NA,NA,NA,0.582443994,6.245513601,1.080139413,NA,NA,NA,NA
NA,3,NA,NA,NA,NA,NA,NA,NA,NA,NA,NA,NA,NA,NA,NA,NA,NA,0.405671624,30.15327589,1.049176187,NA,NA,NA,NA
NA,5,NA,NA,NA,NA,NA,NA,NA,NA,NA,NA,NA,NA,NA,NA,NA,NA,0.425795632,27.98682141,1.074231728,NA,NA,NA,NA
NA,7,NA,NA,NA,NA,NA,NA,NA,NA,NA,NA,NA,NA,NA,NA,NA,NA,0.460019557,26.94774933,1.145809596,NA,NA,NA,NA
NA,9,NA,NA,NA,NA,NA,NA,NA,NA,NA,NA,NA,NA,NA,NA,NA,NA,0.39113235,31.6430492,1.041654251,NA,NA,NA,NA
NA,13,NA,NA,NA,NA,NA,NA,NA,NA,NA,NA,NA,NA,NA,NA,NA,NA,0.465895453,14.85986114,1.065365486,NA,NA,NA,NA
NA,15,NA,NA,NA,NA,NA,NA,NA,NA,NA,NA,NA,NA,NA,NA,NA,NA,0.454580288,20.60052435,1.109353098,NA,NA,NA,NA
NA,5a,NA,NA,NA,NA,NA,NA,NA,NA,NA,NA,NA,NA,NA,NA,NA,NA,0.498987914,19.93288903,1.170516627,NA,NA,NA,NA
NA,6a,NA,NA,NA,NA,NA,NA,NA,NA,NA,NA,NA,NA,NA,NA,NA,NA,0.427266526,23.40707839,1.077601361,NA,NA,NA,NA
2024-09-08T00:00:00Z,9,NA,NA,NA,NA,NA,NA,NA,NA,NA,NA,NA,NA,NA,NA,NA,NA,0.427952725,24.61234545,1.117238751,67.27367652743649,0.1706262294342772,77.749,1.3732603551022804
2023-09-29T00:00:00Z,3,NA,NA,NA,NA,NA,NA,NA,NA,NA,NA,NA,NA,NA,NA,NA,NA,0.423844336,23.69794021,1.080014725,NA,NA,NA,NA
2023-09-29T00:00:00Z,5,NA,NA,NA,NA,NA,NA,NA,NA,NA,NA,NA,NA,NA,NA,NA,NA,0.440998444,18.7739532,1.088212562,NA,NA,NA,NA
2023-09-08T00:00:00Z,6a,NA,NA,NA,NA,NA,NA,NA,NA,NA,NA,NA,NA,NA,NA,NA,NA,0.477067079,11.89311532,1.150785666,NA,NA,NA,NA
2023-09-29T00:00:00Z,15,NA,NA,NA,NA,NA,NA,NA,NA,NA,NA,NA,NA,NA,NA,NA,NA,0.425384992,20.86128646,1.068023286,NA,NA,NA,NA
2023-09-29T00:00:00Z,5a,NA,NA,NA,NA,NA,NA,NA,NA,NA,NA,NA,NA,NA,NA,NA,NA,0.455071082,21.19442577,1.124315135,NA,NA,NA,NA
2023-09-29T00:00:00Z,6,NA,NA,NA,NA,NA,NA,NA,NA,NA,NA,NA,NA,NA,NA,NA,NA,0.437031704,25.02125347,1.119008544,NA,NA,NA,NA
2023-09-29T00:00:00Z,7,NA,NA,NA,NA,NA,NA,NA,NA,NA,NA,NA,NA,NA,NA,NA,NA,0.471237761,21.31168166,1.148947525,NA,NA,NA,NA
2023-09-29T00:00:00Z,9,NA,NA,NA,NA,NA,NA,NA,NA,NA,NA,NA,NA,NA,NA,NA,NA,0.42460019,21.71007341,1.104016587,NA,NA,NA,NA
2023-09-29T00:00:00Z,13,NA,NA,NA,NA,NA,NA,NA,NA,NA,NA,NA,NA,NA,NA,NA,NA,0.526145051,12.49158159,1.125662833,NA,NA,NA,NA
