Date,Site,DIC,DOC,TNPOC,POC,ID,chapter,depth,pH,Q,CO2,Temp_pH
2023-03-04,13,NA,70.7,NA,NA,13,stream,0.0766447106379062,NA,6.289728097829592,NA,NA
2023-06-01,7,NA,100,NA,NA,7,stream,0.13256176057806665,NA,5.665230215492275,NA,NA
2023-06-01,5a,NA,0.6503,NA,NA,5a,stream,0.056677173808893,NA,0.02173493187169429,NA,NA
2023-06-01,6,NA,15.12,NA,NA,6,stream,0.1492425651517973,NA,8.188278993081642,NA,NA
2023-06-01,6a,NA,23.31,NA,NA,6a,stream,0.0838429931405317,NA,0.6014592932168947,NA,NA
2023-06-01,13,NA,93.49,NA,NA,13,stream,0.0770541272743987,NA,6.182988801721387,NA,NA
2023-06-01,5,NA,6.015151515,NA,NA,5,stream,0.06647335056907876,NA,42.25659769117478,NA,NA
2023-06-01,5a,NA,2.839,NA,NA,5a,stream,0.056677173808893,NA,0.02173493187169429,NA,NA
2023-06-01,6,NA,7.057,NA,NA,6,stream,0.1492425651517973,NA,8.188278993081642,NA,NA
2023-06-01,6a,NA,8.597,NA,NA,6a,stream,0.0838429931405317,NA,0.6014592932168947,NA,NA
2023-06-01,7,NA,6.126,NA,NA,7,stream,0.13256176057806665,NA,5.665230215492275,NA,NA
2023-06-01,13,NA,2.805,NA,NA,13,stream,0.0770541272743987,NA,6.182988801721387,NA,NA
2023-07-04,15,NA,72,NA,NA,15,stream,NA,NA,NA,NA,NA
2023-07-04,5a,NA,30.27878788,NA,NA,5a,stream,0.5428556082869742,NA,25.964964078530592,NA,NA
2023-07-04,6,NA,14.02,NA,NA,6,stream,0.15207249505408105,NA,10.175005814287465,NA,NA
2023-07-04,15,NA,8.344,NA,NA,15,stream,NA,NA,NA,NA,NA
2023-07-04,5,NA,10.56969697,NA,NA,5,stream,0.1185637519526787,NA,42.784842421260386,NA,NA
2023-07-07,6,NA,55.7,NA,NA,6,stream,0.16147567944486585,NA,14.931037366763482,NA,NA
2023-07-07,5,NA,56.18,NA,NA,5,stream,0.0793945593951794,NA,54.290674111730205,NA,NA
2023-07-07,6a,NA,75.23,NA,NA,6a,stream,0.0704918300745691,NA,0.09438551773907532,NA,NA
2023-07-07,13,NA,73.21,NA,NA,13,stream,0.039532037411182316,NA,2.2800518724594916,NA,NA
2023-07-07,3,NA,53.3030303,NA,NA,3,stream,0.24023446849923996,NA,11.649923599237397,NA,NA
2023-07-07,6a,NA,16.52,NA,NA,6a,stream,0.0704918300745691,NA,0.09438551773907532,NA,NA
2023-07-07,7,NA,53.45454545,NA,NA,7,stream,0.1446515137785521,NA,7.987527356349608,NA,NA
2023-07-07,9,NA,59.57575758,NA,NA,9,stream,0.03643157973184625,NA,4.738022640817383,NA,NA
2023-07-07,13,NA,3.357,NA,NA,13,stream,0.039532037411182316,NA,2.2800518724594916,NA,NA
2023-08-04,3,NA,56.186672,NA,NA,3,stream,0.7094861645783898,NA,354.48313767735794,18779.94,NA
2023-08-04,5a,NA,50.392472,NA,NA,5a,stream,0.5925085485019451,NA,30.048802496281777,9446.353,NA
2023-08-04,6,NA,46.194896,NA,NA,6,stream,0.7183314874205491,NA,670.8762326983541,24026.63,NA
2023-08-04,6a,NA,51.087776,NA,NA,6a,stream,0.31595302175452844,NA,40.825159544569,16220.45,NA
2023-08-04,7,NA,47.224976,NA,NA,7,stream,0.38166604666542664,NA,135.96061855138683,16028.05,NA
2023-08-04,9,NA,63.388648,NA,NA,9,stream,0.13941597761983396,NA,45.481675867238586,NA,NA
2023-09-08,3,NA,74.161568,NA,NA,3,stream,0.4277778061741259,NA,72.18187596355764,NA,NA
2023-09-08,5,NA,16.208788,NA,NA,5,stream,0.16668204457621072,NA,107.88092565435409,NA,NA
2023-09-08,5a,NA,16.457724,NA,NA,5a,stream,0.4930001108487066,NA,19.37699309691768,NA,NA
2023-09-08,6,NA,41.65396,NA,NA,6,stream,0.35828794245001083,NA,103.66480729766025,16256.15,NA
2023-09-08,7,NA,37.96284,NA,NA,7,stream,0.19865999883514884,NA,18.993898576699344,16256.31,NA
2023-09-08,9,NA,78.09304,NA,NA,9,stream,0.08743414871445149,NA,21.9332285714604,NA,NA
2023-09-08,13,NA,10.545544,NA,NA,13,stream,0.05801949492010893,NA,4.200386680513748,3889.626,NA
2023-09-08,15,NA,35.81684,NA,NA,15,stream,0.15348188360712398,NA,12.698697721327884,NA,NA
2023-09-13,5a,NA,69.41,NA,NA,5a,stream,0.5519102936041368,NA,31.497121722847098,NA,NA
2023-09-13,5,NA,67.66,NA,NA,5,stream,0.3047456802605912,NA,213.95561753196188,7516.392,NA
2023-09-28,13,NA,38.27,NA,NA,13,stream,0.044143083134650866,NA,2.822400017385298,3723.417,NA
2023-09-28,6,NA,5.869,NA,NA,6,stream,0.3609868988968752,NA,104.30608115656588,14218.58,NA
2023-09-28,7,NA,75.47,NA,NA,7,stream,0.38471501838108574,NA,147.79666722745748,12837.25,NA
2023-09-28,3,NA,67.285784,NA,NA,3,stream,0.531801647277537,NA,145.02945824402823,NA,NA
2023-09-28,5,NA,38.203192,NA,NA,5,stream,0.3940795127744103,NA,264.9256310620042,6240.287,NA
2023-09-28,5a,NA,44.907296,NA,NA,5a,stream,0.5542076196273604,NA,31.321828832590004,6240.287,NA
2023-09-28,6,NA,23.432224,NA,NA,6,stream,0.3609868988968752,NA,104.30608115656588,14218.58,NA
2023-09-28,6a,NA,29.327336,NA,NA,6a,stream,0.25743792074996735,NA,18.602672498888495,12067.49,NA
2023-09-28,7,NA,11.371704,NA,NA,7,stream,0.38471501838108574,NA,147.79666722745748,12837.25,NA
2023-09-28,9,NA,35.550736,NA,NA,9,stream,0.18881821657582706,NA,84.66521046583797,NA,NA
2023-09-28,13,NA,-0.6926788,NA,NA,13,stream,0.044143083134650866,NA,2.822400017385298,3723.417,NA
2023-09-28,15,NA,40.289104,NA,NA,15,stream,0.36775084361357513,NA,218.96244399880152,NA,NA
2023-10-31,5a,NA,55.18,NA,NA,5a,stream,0.46473603916904793,4.12268281138088,15.716079867759245,19915.11,68.4
2023-11-01,5a,NA,14.63,NA,NA,5a,stream,0.4532695389633203,4.099513316104173,15.478607165810269,19204.32,67.55
2023-11-01,13,NA,60.79,NA,NA,13,stream,0.09674142065455826,7.371204469126777,21.779153020948897,NA,63.27
2023-11-01,3,NA,90.28232,NA,NA,3,stream,0.3230043488658405,3.530821392490252,31.031897785642133,7450.688,70.07
2023-11-01,5,NA,61.817776,NA,NA,5,stream,0.12075868641247776,4.425543168584802,78.6644041033088,NA,69.76
2023-11-01,5a,NA,23.035264,NA,NA,5a,stream,0.4532695389633203,4.099513316104173,15.478607165810269,19204.32,67.55
2023-11-01,6,NA,39.181768,NA,NA,6,stream,0.2529762877707573,3.627016460443157,38.61939118373241,11792.89,68.23
2023-11-01,6a,NA,66.238536,NA,NA,6a,stream,NA,4.099513316104173,NA,6608.59,67.55
2023-11-01,7,NA,45.1734,NA,NA,7,stream,0.1305524471188803,3.778521792298163,5.798442315532968,4592.671,NA
2023-11-01,9,NA,96.54864,NA,NA,9,stream,0.10198304144860029,3.374534734117982,25.8380656172874,3076.944,69.91
2023-11-01,13,NA,1.395,NA,NA,13,stream,0.09674142065455826,7.371204469126777,21.779153020948897,NA,63.27
2023-11-01,15,NA,46.984624,NA,NA,15,stream,0.007522957268136795,3.3725641314923442,7.980202249975928e-4,4592.671,66.99
2023-11-05,3,NA,62.358568,NA,NA,3,stream,0.26704247666071085,3.5277995448191644,19.10268252170491,6429.952,61.63
2023-11-05,5,NA,16.657352,NA,NA,5,stream,0.10752065731404171,4.562136586667848,68.52255004264366,NA,61.72
2023-11-05,5a,NA,20.444992,NA,NA,5a,stream,0.42019106371546067,5.238740482975617,11.442269729968682,15372.17,53.2
2023-11-05,6,NA,34.52924,NA,NA,6,stream,0.22048399551344586,3.6357761486650886,25.038519474984433,10668.85,63.55
2023-11-05,6a,NA,38.074432,NA,NA,6a,stream,NA,5.238740482975617,NA,NA,53.2
2023-11-05,7,NA,35.98852,NA,NA,7,stream,0.09836775279611165,3.8032411332967175,2.496428108866417,9418.349,61.72
2023-11-05,9,NA,93.0292,NA,NA,9,stream,0.08675286092996436,3.369597135969692,21.963803118291512,2538.336,61.97
2023-11-05,13,NA,14.006992,NA,NA,13,stream,0.14492264075437242,7.346422827574081,19.981762241318897,NA,61.25
2023-11-05,15,NA,46.33224,NA,NA,15,stream,NA,3.387323338668482,NA,NA,53.2
2023-12-07,5,NA,17.41,NA,NA,5,stream,0.1875366317399301,4.72321382429201,120.78701823881848,10918.57,55.26
2023-12-07,5a,NA,6.253,NA,NA,5a,stream,0.4529143299195691,4.706110368441791,14.640149939160064,10918.57,50.61
2023-12-07,7,NA,27.15,NA,NA,7,stream,0.1364367683280822,3.8503596352909972,6.583169984216169,8875.144,55.17
2023-12-07,15,NA,36.42,NA,NA,15,stream,0.1360039276139158,3.454912873051008,8.036216378698914,NA,53.82
2023-12-07,3,NA,62.392904,NA,NA,3,stream,0.34926603125933525,3.570774032616363,39.41563030964406,6027.963,54.34
2023-12-07,5,NA,4.272736,NA,NA,5,stream,0.1875366317399301,4.72321382429201,120.78701823881848,10918.57,55.26
2023-12-07,5a,NA,11.16998,NA,NA,5a,stream,0.4529143299195691,4.706110368441791,14.640149939160064,10918.57,50.61
2023-12-07,6,NA,19.739008,NA,NA,6,stream,0.2268865651367674,3.6306905877758306,27.348871708098724,10334.63,57.72
2023-12-07,7,NA,5.105384,NA,NA,7,stream,0.1364367683280822,3.8503596352909972,6.583169984216169,8875.144,55.17
2023-12-07,9,NA,36.271792,NA,NA,9,stream,0.09031375820327406,3.423340114482483,22.952372305622355,2188.813,54.18
2023-12-07,13,NA,-0.5767448,NA,NA,13,stream,0.04762471888580133,7.429923427419942,3.2933873422370197,NA,54.86
2023-12-07,15,NA,3.521636,NA,NA,15,stream,0.1360039276139158,3.454912873051008,8.036216378698914,NA,53.82
2024-02-08,3,NA,38.68,NA,NA,3,stream,0.4036543393366504,NA,60.32278394877056,NA,NA
2024-02-08,6a,NA,43.72,NA,NA,6a,stream,0.2571640378345691,NA,19.92539709210562,8755.37,NA
2024-02-08,7,NA,83.91,NA,NA,7,stream,0.22542239210352547,NA,28.57424537475594,NA,NA
2024-02-08,13,NA,64.28,NA,NA,13,stream,0.18254250766077287,6.209108708159832,29.587191164620425,NA,54.48
2024-02-08,3,NA,86.001,NA,NA,3,stream,0.4036543393366504,NA,60.32278394877056,NA,NA
2024-02-08,5,NA,81.0116,NA,NA,5,stream,0.2783946597763325,NA,180.46597690294465,3161.963,NA
2024-02-08,5a,NA,99.29552,NA,NA,5a,stream,0.5277053667394052,3.811070138889993,24.140512877611148,NA,51.85
2024-02-08,6,NA,57.66312,NA,NA,6,stream,0.36505407632027387,3.739607858094663,108.7479178027808,NA,52.03
2024-02-08,6a,NA,68.70424,NA,NA,6a,stream,0.2571640378345691,NA,19.92539709210562,8755.37,NA
2024-02-08,7,NA,72.39536,NA,NA,7,stream,0.22542239210352547,NA,28.57424537475594,NA,NA
2024-02-08,9,NA,85.47528,NA,NA,9,stream,0.28376764889893424,3.4905789242772176,182.19664208376645,NA,52.59
2024-02-08,13,NA,14.869684,NA,NA,13,stream,0.18254250766077287,6.209108708159832,29.587191164620425,NA,54.48
2024-02-08,15,NA,92.25664,NA,NA,15,stream,0.20989711881521664,NA,35.09677535125091,NA,NA
2024-03-04,3,NA,79.724,NA,NA,3,stream,0.5520851332954808,3.6379068329832753,143.53401847671128,NA,64.94
2024-03-04,5,NA,36.005688,NA,NA,5,stream,0.21945486282580948,4.3258593897757,139.77291136373026,4500.717,65.82
2024-03-04,5a,NA,54.727392,NA,NA,5a,stream,0.5157334896487973,3.809349690027998,22.009030378253904,10088.35,64.42
2024-03-04,6,NA,67.182776,NA,NA,6,stream,0.33160458488749156,3.786780274756641,77.1755768791882,NA,61.29
2024-03-04,6a,NA,82.81424,NA,NA,6a,stream,0.25307514978666307,NA,17.577132961324367,NA,NA
2024-03-04,7,NA,60.306992,NA,NA,7,stream,0.4794142462410798,3.761820845801885,327.13893783247744,1284.333,65.91
2024-03-04,9,NA,77.23464,NA,NA,9,stream,0.19603191835754297,3.551360172383607,83.20471113343386,NA,63.21
2024-03-04,13,NA,13.303104,NA,NA,13,stream,0.13853294266029073,6.975807777850461,18.536410835248898,NA,66.87
2024-03-04,15,NA,43.41368,NA,NA,15,stream,0.18531385286546792,3.744388875025121,22.04152967188042,NA,64.72
2024-03-25,3,NA,34.15,NA,NA,3,stream,0.46507944470434387,3.5631050756270146,93.2683750225126,6953.46,62.28
2024-03-25,5,NA,34.22,NA,NA,5,stream,0.2007007543885216,4.477261804189274,139.5945009966669,3986.561,61.47
2024-03-25,5a,NA,79.89,NA,NA,5a,stream,0.49924438324401127,3.9040690443022545,20.181934841471755,9698.729,61.72
2024-03-25,6,NA,30.92,NA,NA,6,stream,0.3271569855392675,3.810485240396021,79.89067814649177,7430.232,61
2024-03-25,6a,NA,45.44,NA,NA,6a,stream,0.23404696487714635,NA,14.558490499931828,NA,NA
2024-03-25,7,NA,60.99,NA,NA,7,stream,0.2698196836953113,3.6649938198008636,52.98296228509017,2925.5,62.02
2024-03-25,9,NA,66.34,NA,NA,9,stream,0.19217278226764253,3.7490808685721424,92.72692087747822,2813.371,61.2
2024-03-25,13,NA,67.32,NA,NA,13,stream,0.11156234676105717,7.00008284031338,13.91339909618809,NA,61.81
2024-03-25,15,NA,81.4,NA,NA,15,stream,0.1654645998802488,3.8013556677011304,14.382287917548714,7856.217,60.6
2024-04-18,15,5.6627,42.38914,NA,NA,15,stream,0.1361608699441173,3.834779049784341,8.022251086508824,5630.863,69.55
2024-04-18,5a,7.9123,60.203579999999995,NA,NA,5a,stream,0.4687916999610217,3.9765177883581844,17.782127683618263,NA,67.12
2024-04-18,13,27.9515,42.747820000000004,NA,NA,13,stream,0.07130000974287644,7.298963147855815,5.360155968318005,NA,72.18
2024-04-18,13,27.9515,42.747820000000004,NA,NA,13,stream,0.07130000974287644,7.298963147855815,5.360155968318005,NA,72.18
2024-04-18,13,27.9515,94.39774000000001,NA,NA,13,stream,0.07130000974287644,7.298963147855815,5.360155968318005,NA,72.18
2024-04-18,13,27.9515,94.39774000000001,NA,NA,13,stream,0.07130000974287644,7.298963147855815,5.360155968318005,NA,72.18
2024-04-18,13,2.50327,42.747820000000004,NA,NA,13,stream,0.07130000974287644,7.298963147855815,5.360155968318005,NA,72.18
2024-04-18,13,2.50327,42.747820000000004,NA,NA,13,stream,0.07130000974287644,7.298963147855815,5.360155968318005,NA,72.18
2024-04-18,13,2.50327,94.39774000000001,NA,NA,13,stream,0.07130000974287644,7.298963147855815,5.360155968318005,NA,72.18
2024-04-18,13,2.50327,94.39774000000001,NA,NA,13,stream,0.07130000974287644,7.298963147855815,5.360155968318005,NA,72.18
2024-04-18,7,7.076099999999999,89.76479,NA,NA,7,stream,0.17096731466190204,3.6547900918939336,10.748801089772904,19886.63,71.8
2024-04-18,6,5.3556,76.43385,NA,NA,6,stream,0.27567169330142904,3.815574170482266,51.61117387910817,NA,66.34
2024-04-18,6a,4.1864,72.57804,NA,NA,6a,stream,0.1804634661017574,NA,5.938126113530224,NA,NA
2024-04-18,5,2.65645,39.25069,NA,NA,5,stream,0.14740681663181499,4.236432120210279,90.37421421276775,4056.752,68.92
2024-04-18,13,27.9515,42.747820000000004,NA,NA,13,stream,0.07130000974287644,7.298963147855815,5.360155968318005,NA,72.18
2024-04-18,13,27.9515,42.747820000000004,NA,NA,13,stream,0.07130000974287644,7.298963147855815,5.360155968318005,NA,72.18
2024-04-18,13,27.9515,94.39774000000001,NA,NA,13,stream,0.07130000974287644,7.298963147855815,5.360155968318005,NA,72.18
2024-04-18,13,27.9515,94.39774000000001,NA,NA,13,stream,0.07130000974287644,7.298963147855815,5.360155968318005,NA,72.18
2024-04-18,13,2.50327,42.747820000000004,NA,NA,13,stream,0.07130000974287644,7.298963147855815,5.360155968318005,NA,72.18
2024-04-18,13,2.50327,42.747820000000004,NA,NA,13,stream,0.07130000974287644,7.298963147855815,5.360155968318005,NA,72.18
2024-04-18,13,2.50327,94.39774000000001,NA,NA,13,stream,0.07130000974287644,7.298963147855815,5.360155968318005,NA,72.18
2024-04-18,13,2.50327,94.39774000000001,NA,NA,13,stream,0.07130000974287644,7.298963147855815,5.360155968318005,NA,72.18
2024-05-08,5,3.6351,14.244715999999999,NA,NA,5,stream,0.09093467571550501,5.058557392586328,60.9158744473452,5055.183,70.68
2024-05-08,3,6.0068,126.82839000000001,NA,NA,3,stream,0.20012346305276224,3.676150052628852,6.868386123663145,NA,82.53
2024-05-08,13,53.722,37.57685,NA,NA,13,stream,0.03863671389680409,7.882823776218696,2.273399282151764,NA,70.75
2024-05-08,6,6.3657,80.28966,NA,NA,6,stream,0.11398360768749513,3.849812367731889,2.3072016065990772,12721.81,71.4
2024-05-08,9,3.75091,103.06584000000001,NA,NA,9,stream,0.018582500022142946,3.5347496102735443,2.4469785317613177,NA,73.56
2024-05-30,5,3.35982,15.252009000000001,NA,NA,5,stream,0.03865729843347802,5.0556432105882205,27.89364068611732,5254.296,74.95
2024-05-30,13,62.972,39.37025,NA,NA,13,stream,0.021803076333425354,7.964597518089864,1.002438898281366,NA,68.27
2024-05-30,6,5.474,83.458,NA,NA,6,stream,0.059138536458891354,3.8401039856855634,0.6336781180846256,11835.96,72.01
2024-07-11,6a,6.1880999999999995,123.42093,NA,NA,6a,stream,NA,NA,NA,NA,NA
2024-07-11,6a,6.1880999999999995,123.42093,NA,NA,6a,stream,NA,NA,NA,NA,NA
2024-07-11,6,10.124899999999998,87.37359000000001,NA,NA,6,stream,0.1466827115472416,3.6856069600477332,8.669983649841235,NA,NA
2024-07-11,6,10.124899999999998,87.37359000000001,NA,NA,6,stream,0.1466827115472416,3.6856069600477332,8.669983649841235,NA,NA
2024-07-11,7,8.4192,57.93194,NA,NA,7,stream,0.13855718340807313,4.591194479638551,7.584547303641161,7974.565,NA
2024-07-11,7,8.4192,57.93194,NA,NA,7,stream,0.13855718340807313,4.591194479638551,7.584547303641161,7974.565,NA
2024-07-11,5,23.555899999999998,57.662929999999996,NA,NA,5,stream,0.3167094279643104,3.6253538089270827,221.8443231423401,7044.006,NA
2024-07-11,5,23.555899999999998,57.662929999999996,NA,NA,5,stream,0.3167094279643104,3.6253538089270827,221.8443231423401,7044.006,NA
2024-07-11,15,6.957700000000001,66.77938,NA,NA,15,stream,0.21609790544256416,3.6895705489832347,29.04900653225578,8253.938,NA
2024-07-11,15,6.957700000000001,66.77938,NA,NA,15,stream,0.21609790544256416,3.6895705489832347,29.04900653225578,8253.938,NA
2024-07-11,6a,6.1880999999999995,123.42093,NA,NA,6a,stream,NA,NA,NA,NA,NA
2024-07-11,6a,6.1880999999999995,123.42093,NA,NA,6a,stream,NA,NA,NA,NA,NA
2024-07-11,6,10.124899999999998,87.37359000000001,NA,NA,6,stream,0.1466827115472416,3.6856069600477332,8.669983649841235,NA,NA
2024-07-11,6,10.124899999999998,87.37359000000001,NA,NA,6,stream,0.1466827115472416,3.6856069600477332,8.669983649841235,NA,NA
2024-07-11,7,8.4192,57.93194,NA,NA,7,stream,0.13855718340807313,4.591194479638551,7.584547303641161,7974.565,NA
2024-07-11,7,8.4192,57.93194,NA,NA,7,stream,0.13855718340807313,4.591194479638551,7.584547303641161,7974.565,NA
2024-07-11,5,23.555899999999998,57.662929999999996,NA,NA,5,stream,0.3167094279643104,3.6253538089270827,221.8443231423401,7044.006,NA
2024-07-11,5,23.555899999999998,57.662929999999996,NA,NA,5,stream,0.3167094279643104,3.6253538089270827,221.8443231423401,7044.006,NA
2024-07-11,15,6.957700000000001,66.77938,NA,NA,15,stream,0.21609790544256416,3.6895705489832347,29.04900653225578,8253.938,NA
2024-07-11,15,6.957700000000001,66.77938,NA,NA,15,stream,0.21609790544256416,3.6895705489832347,29.04900653225578,8253.938,NA
2024-07-29,5,3.15077,72.72749,NA,NA,5,stream,0.47694777291652474,3.7480386856072125,332.7971977378146,6669.244,77.25
2024-07-29,6,6.1696,81.87383,NA,NA,6,stream,0.3028582057164121,4.113534855034704,61.23822786817116,NA,75.81
2024-07-29,6a,5.6701,69.32003,NA,NA,6a,stream,0.2923400884564007,NA,33.85200273727878,NA,NA
2024-07-29,9,2.73489,92.69400999999999,NA,NA,9,stream,0.14969712289074938,3.332017136072478,55.36881669531946,NA,NA
2024-07-29,5a,4.808,67.88531,NA,NA,5a,stream,0.5087286679468463,3.5947953050014902,23.073458664367752,9528.896,NA
2024-07-29,5a,4.808,67.88531,NA,NA,5a,stream,0.5087286679468463,3.5947953050014902,23.073458664367752,9528.896,NA
2024-07-29,5a,4.808,90.75116,NA,NA,5a,stream,0.5087286679468463,3.5947953050014902,23.073458664367752,9528.896,NA
2024-07-29,5a,4.808,90.75116,NA,NA,5a,stream,0.5087286679468463,3.5947953050014902,23.073458664367752,9528.896,NA
2024-07-29,5a,4.2863,67.88531,NA,NA,5a,stream,0.5087286679468463,3.5947953050014902,23.073458664367752,9528.896,NA
2024-07-29,5a,4.2863,67.88531,NA,NA,5a,stream,0.5087286679468463,3.5947953050014902,23.073458664367752,9528.896,NA
2024-07-29,5a,4.2863,90.75116,NA,NA,5a,stream,0.5087286679468463,3.5947953050014902,23.073458664367752,9528.896,NA
2024-07-29,5a,4.2863,90.75116,NA,NA,5a,stream,0.5087286679468463,3.5947953050014902,23.073458664367752,9528.896,NA
2024-07-29,5a,4.808,67.88531,NA,NA,5a,stream,0.5087286679468463,3.5947953050014902,23.073458664367752,9528.896,NA
2024-07-29,5a,4.808,67.88531,NA,NA,5a,stream,0.5087286679468463,3.5947953050014902,23.073458664367752,9528.896,NA
2024-07-29,5a,4.808,90.75116,NA,NA,5a,stream,0.5087286679468463,3.5947953050014902,23.073458664367752,9528.896,NA
2024-07-29,5a,4.808,90.75116,NA,NA,5a,stream,0.5087286679468463,3.5947953050014902,23.073458664367752,9528.896,NA
2024-07-29,5a,4.2863,67.88531,NA,NA,5a,stream,0.5087286679468463,3.5947953050014902,23.073458664367752,9528.896,NA
2024-07-29,5a,4.2863,67.88531,NA,NA,5a,stream,0.5087286679468463,3.5947953050014902,23.073458664367752,9528.896,NA
2024-07-29,5a,4.2863,90.75116,NA,NA,5a,stream,0.5087286679468463,3.5947953050014902,23.073458664367752,9528.896,NA
2024-07-29,5a,4.2863,90.75116,NA,NA,5a,stream,0.5087286679468463,3.5947953050014902,23.073458664367752,9528.896,NA
2024-08-01,5,9.518099999999999,60.59215,NA,NA,5,stream,0.29203267406534833,3.83339273377237,194.9196669202705,6205.54,78.6
2024-08-01,6,6.3324,130.11629,NA,NA,6,stream,0.2592839784164421,4.084528258104465,45.837493328733906,19498.56,77.16
2024-08-01,13,56.09,42.47881,NA,NA,13,stream,0.044519293094530406,NA,2.743146395079744,4110.579,NA
2024-08-01,9,3.27916,97.50630000000001,NA,NA,9,stream,0.06644429758556498,3.3658646639231358,17.40177891769646,5264.69,80.13
2024-08-01,3,6.8356,132.83628,NA,NA,3,stream,0.40723668915869304,3.5386632502423683,67.3013060742325,NA,81.01
2024-08-01,7,7.4387,79.39296,NA,NA,7,stream,0.25661213979770614,NA,47.040648256813526,3691.881,NA
2024-08-22,5,7.324,96.25092000000001,NA,NA,5,stream,0.07779465089233188,NA,48.99689743307043,5616.245,NA
2024-08-23,15,6.0253000000000005,89.46589000000002,NA,NA,15,stream,0.13458686579710816,3.540104897462348,7.5844671014224625,NA,NA
2024-08-23,6,4.7266,91.67775,NA,NA,6,stream,0.4131287863974326,NA,164.61022724604405,NA,NA
2024-08-23,3,4.1975,133.64330999999999,NA,NA,3,stream,0.4401742550338246,NA,73.0586011134339,10554.08,NA
2024-08-23,7,5.3519,140.36855999999997,NA,NA,7,stream,0.26141931724422884,NA,43.55378890966318,NA,NA
2024-08-23,13,22.049999999999997,54.10602,NA,NA,13,stream,0.06935435325416123,7.631102853520267,5.777772924812664,NA,NA
2024-08-23,5,2.56913,62.56489,NA,NA,5,stream,0.06375445776865592,NA,36.62671717237665,NA,NA
2024-08-23,9,3.7009600000000002,150.4116,NA,NA,9,stream,0.22330620492409822,3.2984085985084843,129.6235748826497,NA,77.07
2024-08-23,6a,4.7525,107.10099000000001,NA,NA,6a,stream,0.22971942125702435,NA,11.403881392202903,19936.7,NA
2024-09-13,15,4.16383,74.90946000000001,NA,NA,15,stream,0.28236518333176525,3.5101277210007216,98.03208577560112,NA,76.12
2024-09-13,15,4.16383,74.90946000000001,NA,NA,15,stream,0.28236518333176525,3.5101277210007216,98.03208577560112,NA,76.12
2024-09-13,9,3.9103799999999995,109.88076,NA,NA,9,stream,0.25082669577926575,NA,124.87500015099288,NA,NA
2024-09-13,9,3.9103799999999995,109.88076,NA,NA,9,stream,0.25082669577926575,NA,124.87500015099288,NA,NA
2024-09-13,6,4.9227,75.92572000000001,NA,NA,6,stream,0.6451116804331511,NA,493.717661102543,NA,NA
2024-09-13,6,4.9227,75.92572000000001,NA,NA,6,stream,0.6451116804331511,NA,493.717661102543,NA,NA
2024-09-13,3,5.4333,87.46326,NA,NA,3,stream,0.7306751856860357,NA,392.9764507987861,NA,NA
2024-09-13,3,5.4333,87.46326,NA,NA,3,stream,0.7306751856860357,NA,392.9764507987861,NA,NA
2024-09-13,13,27.115299999999998,48.63615,NA,NA,13,stream,0.07656804600322495,7.869309174726712,6.803383322104459,4355.11,75.07
2024-09-13,13,27.115299999999998,48.63615,NA,NA,13,stream,0.07656804600322495,7.869309174726712,6.803383322104459,4355.11,75.07
2024-09-13,13,27.115299999999998,30.190699999999996,NA,NA,13,stream,0.07656804600322495,7.869309174726712,6.803383322104459,4355.11,75.07
2024-09-13,13,27.115299999999998,30.190699999999996,NA,NA,13,stream,0.07656804600322495,7.869309174726712,6.803383322104459,4355.11,75.07
2024-09-13,6a,5.5517,77.89846,NA,NA,6a,stream,0.4495190741430434,NA,131.92342378788473,NA,NA
2024-09-13,6a,5.5517,77.89846,NA,NA,6a,stream,0.4495190741430434,NA,131.92342378788473,NA,NA
2024-09-13,7,6.1733,93.74016,NA,NA,7,stream,0.4257657123705855,NA,187.02111997389423,NA,NA
2024-09-13,7,6.1733,93.74016,NA,NA,7,stream,0.4257657123705855,NA,187.02111997389423,NA,NA
2024-09-13,5,3.21478,59.87479,NA,NA,5,stream,0.2893101036851425,NA,191.83101089212397,NA,NA
2024-09-13,5,3.21478,59.87479,NA,NA,5,stream,0.2893101036851425,NA,191.83101089212397,NA,NA
2024-09-13,5a,4.07688,73.98287,NA,NA,5a,stream,0.5166656593453046,NA,22.345755223586114,8145.032,NA
2024-09-13,5a,4.07688,73.98287,NA,NA,5a,stream,0.5166656593453046,NA,22.345755223586114,8145.032,NA
2024-09-13,15,4.16383,74.90946000000001,NA,NA,15,stream,0.28236518333176525,3.5101277210007216,98.03208577560112,NA,76.12
2024-09-13,15,4.16383,74.90946000000001,NA,NA,15,stream,0.28236518333176525,3.5101277210007216,98.03208577560112,NA,76.12
2024-09-13,9,3.9103799999999995,109.88076,NA,NA,9,stream,0.25082669577926575,NA,124.87500015099288,NA,NA
2024-09-13,9,3.9103799999999995,109.88076,NA,NA,9,stream,0.25082669577926575,NA,124.87500015099288,NA,NA
2024-09-13,6,4.9227,75.92572000000001,NA,NA,6,stream,0.6451116804331511,NA,493.717661102543,NA,NA
2024-09-13,6,4.9227,75.92572000000001,NA,NA,6,stream,0.6451116804331511,NA,493.717661102543,NA,NA
2024-09-13,3,5.4333,87.46326,NA,NA,3,stream,0.7306751856860357,NA,392.9764507987861,NA,NA
2024-09-13,3,5.4333,87.46326,NA,NA,3,stream,0.7306751856860357,NA,392.9764507987861,NA,NA
2024-09-13,13,27.115299999999998,48.63615,NA,NA,13,stream,0.07656804600322495,7.869309174726712,6.803383322104459,4355.11,75.07
2024-09-13,13,27.115299999999998,48.63615,NA,NA,13,stream,0.07656804600322495,7.869309174726712,6.803383322104459,4355.11,75.07
2024-09-13,13,27.115299999999998,30.190699999999996,NA,NA,13,stream,0.07656804600322495,7.869309174726712,6.803383322104459,4355.11,75.07
2024-09-13,13,27.115299999999998,30.190699999999996,NA,NA,13,stream,0.07656804600322495,7.869309174726712,6.803383322104459,4355.11,75.07
2024-09-13,6a,5.5517,77.89846,NA,NA,6a,stream,0.4495190741430434,NA,131.92342378788473,NA,NA
2024-09-13,6a,5.5517,77.89846,NA,NA,6a,stream,0.4495190741430434,NA,131.92342378788473,NA,NA
2024-09-13,7,6.1733,93.74016,NA,NA,7,stream,0.4257657123705855,NA,187.02111997389423,NA,NA
2024-09-13,7,6.1733,93.74016,NA,NA,7,stream,0.4257657123705855,NA,187.02111997389423,NA,NA
2024-09-13,5,3.21478,59.87479,NA,NA,5,stream,0.2893101036851425,NA,191.83101089212397,NA,NA
2024-09-13,5,3.21478,59.87479,NA,NA,5,stream,0.2893101036851425,NA,191.83101089212397,NA,NA
2024-09-13,5a,4.07688,73.98287,NA,NA,5a,stream,0.5166656593453046,NA,22.345755223586114,8145.032,NA
2024-09-13,5a,4.07688,73.98287,NA,NA,5a,stream,0.5166656593453046,NA,22.345755223586114,8145.032,NA
2024-09-18,5,1.83061,55.570629999999994,NA,NA,5,stream,0.19772320514338024,NA,124.70644401393952,6312.973,NA
2024-09-18,3,4.5638,112.06273,NA,NA,NA,stream,NA,NA,NA,NA,NA
2024-09-18,6,3.28582,77.42022000000001,NA,NA,6,stream,0.5886156029887821,NA,455.66298961085573,11686.458,NA
2024-09-18,9,2.61538,120.37215,NA,NA,9,stream,0.2172525537475316,NA,109.27043989041884,6123.032,NA
2024-10-04,6,2.37303,80.28966,NA,NA,6,stream,0.42756115791951943,NA,185.69358112129743,10996.992,NA
2024-10-04,3,1.26525,112.7502,NA,NA,3,stream,0.3949952671028335,NA,55.35162912486712,4419.017,NA
2024-10-04,3,1.26525,107.78846,NA,NA,3,stream,0.3949952671028335,NA,55.35162912486712,4419.017,NA
2024-10-04,3,1.26525,113.82624000000001,NA,NA,3,stream,0.3949952671028335,NA,55.35162912486712,4419.017,NA
2024-10-04,3,1.26525,115.41041,NA,NA,3,stream,0.3949952671028335,NA,55.35162912486712,4419.017,NA
2024-10-04,3,1.26525,115.05173,NA,NA,3,stream,0.3949952671028335,NA,55.35162912486712,4419.017,NA
2024-10-04,5,1.35442,51.98383,NA,NA,5,stream,0.13001805807807423,NA,87.2676111706905,NA,NA
2024-10-04,15,1.34924,64.3284,NA,NA,15,stream,0.22996315545078636,3.6649889605294237,42.685051601122886,1077.366,75.16
2024-10-04,9,1.2049400000000001,117.68205,NA,NA,9,stream,0.19368252554686924,NA,89.40453999241842,9575.229,NA
2024-10-04,7,7.035399999999999,102.94628,NA,NA,7,stream,0.2534525180938475,NA,40.146024115335955,NA,NA
2024-10-04,5a,1.21271,71.50200000000001,NA,NA,5a,stream,0.4869093935390668,NA,18.474810692418917,7763.591,NA
2024-10-04,13,30.778299999999998,47.26121,NA,NA,13,stream,0.07282988293249318,7.98986774645971,5.7874085372461455,NA,75.72
2024-10-04,13,30.778299999999998,48.21769,NA,NA,13,stream,0.07282988293249318,7.98986774645971,5.7874085372461455,NA,75.72
2024-10-04,13,30.778299999999998,47.948679999999996,NA,NA,13,stream,0.07282988293249318,7.98986774645971,5.7874085372461455,NA,75.72
2024-10-04,13,30.778299999999998,48.45681,NA,NA,13,stream,0.07282988293249318,7.98986774645971,5.7874085372461455,NA,75.72
2024-10-04,13,30.778299999999998,47.53022,NA,NA,13,stream,0.07282988293249318,7.98986774645971,5.7874085372461455,NA,75.72
2024-10-04,3,4.5120000000000005,112.7502,NA,NA,3,stream,0.3949952671028335,NA,55.35162912486712,4419.017,NA
2024-10-04,3,4.5120000000000005,107.78846,NA,NA,3,stream,0.3949952671028335,NA,55.35162912486712,4419.017,NA
2024-10-04,3,4.5120000000000005,113.82624000000001,NA,NA,3,stream,0.3949952671028335,NA,55.35162912486712,4419.017,NA
2024-10-04,3,4.5120000000000005,115.41041,NA,NA,3,stream,0.3949952671028335,NA,55.35162912486712,4419.017,NA
2024-10-04,3,4.5120000000000005,115.05173,NA,NA,3,stream,0.3949952671028335,NA,55.35162912486712,4419.017,NA
2024-10-04,3,6.0363999999999995,112.7502,NA,NA,3,stream,0.3949952671028335,NA,55.35162912486712,4419.017,NA
2024-10-04,3,6.0363999999999995,107.78846,NA,NA,3,stream,0.3949952671028335,NA,55.35162912486712,4419.017,NA
2024-10-04,3,6.0363999999999995,113.82624000000001,NA,NA,3,stream,0.3949952671028335,NA,55.35162912486712,4419.017,NA
2024-10-04,3,6.0363999999999995,115.41041,NA,NA,3,stream,0.3949952671028335,NA,55.35162912486712,4419.017,NA
2024-10-04,3,6.0363999999999995,115.05173,NA,NA,3,stream,0.3949952671028335,NA,55.35162912486712,4419.017,NA
2024-10-04,3,6.1251999999999995,112.7502,NA,NA,3,stream,0.3949952671028335,NA,55.35162912486712,4419.017,NA
2024-10-04,3,6.1251999999999995,107.78846,NA,NA,3,stream,0.3949952671028335,NA,55.35162912486712,4419.017,NA
2024-10-04,3,6.1251999999999995,113.82624000000001,NA,NA,3,stream,0.3949952671028335,NA,55.35162912486712,4419.017,NA
2024-10-04,3,6.1251999999999995,115.41041,NA,NA,3,stream,0.3949952671028335,NA,55.35162912486712,4419.017,NA
2024-10-04,3,6.1251999999999995,115.05173,NA,NA,3,stream,0.3949952671028335,NA,55.35162912486712,4419.017,NA
2024-10-04,3,6.029,112.7502,NA,NA,3,stream,0.3949952671028335,NA,55.35162912486712,4419.017,NA
2024-10-04,3,6.029,107.78846,NA,NA,3,stream,0.3949952671028335,NA,55.35162912486712,4419.017,NA
2024-10-04,3,6.029,113.82624000000001,NA,NA,3,stream,0.3949952671028335,NA,55.35162912486712,4419.017,NA
2024-10-04,3,6.029,115.41041,NA,NA,3,stream,0.3949952671028335,NA,55.35162912486712,4419.017,NA
2024-10-04,3,6.029,115.05173,NA,NA,3,stream,0.3949952671028335,NA,55.35162912486712,4419.017,NA
2024-10-04,13,32.4729,47.26121,NA,NA,13,stream,0.07282988293249318,7.98986774645971,5.7874085372461455,NA,75.72
2024-10-04,13,32.4729,48.21769,NA,NA,13,stream,0.07282988293249318,7.98986774645971,5.7874085372461455,NA,75.72
2024-10-04,13,32.4729,47.948679999999996,NA,NA,13,stream,0.07282988293249318,7.98986774645971,5.7874085372461455,NA,75.72
2024-10-04,13,32.4729,48.45681,NA,NA,13,stream,0.07282988293249318,7.98986774645971,5.7874085372461455,NA,75.72
2024-10-04,13,32.4729,47.53022,NA,NA,13,stream,0.07282988293249318,7.98986774645971,5.7874085372461455,NA,75.72
2024-10-04,13,32.9021,47.26121,NA,NA,13,stream,0.07282988293249318,7.98986774645971,5.7874085372461455,NA,75.72
2024-10-04,13,32.9021,48.21769,NA,NA,13,stream,0.07282988293249318,7.98986774645971,5.7874085372461455,NA,75.72
2024-10-04,13,32.9021,47.948679999999996,NA,NA,13,stream,0.07282988293249318,7.98986774645971,5.7874085372461455,NA,75.72
2024-10-04,13,32.9021,48.45681,NA,NA,13,stream,0.07282988293249318,7.98986774645971,5.7874085372461455,NA,75.72
2024-10-04,13,32.9021,47.53022,NA,NA,13,stream,0.07282988293249318,7.98986774645971,5.7874085372461455,NA,75.72
2024-10-04,13,31.5997,47.26121,NA,NA,13,stream,0.07282988293249318,7.98986774645971,5.7874085372461455,NA,75.72
2024-10-04,13,31.5997,48.21769,NA,NA,13,stream,0.07282988293249318,7.98986774645971,5.7874085372461455,NA,75.72
2024-10-04,13,31.5997,47.948679999999996,NA,NA,13,stream,0.07282988293249318,7.98986774645971,5.7874085372461455,NA,75.72
2024-10-04,13,31.5997,48.45681,NA,NA,13,stream,0.07282988293249318,7.98986774645971,5.7874085372461455,NA,75.72
2024-10-04,13,31.5997,47.53022,NA,NA,13,stream,0.07282988293249318,7.98986774645971,5.7874085372461455,NA,75.72
2024-10-04,13,30.689500000000002,47.26121,NA,NA,13,stream,0.07282988293249318,7.98986774645971,5.7874085372461455,NA,75.72
2024-10-04,13,30.689500000000002,48.21769,NA,NA,13,stream,0.07282988293249318,7.98986774645971,5.7874085372461455,NA,75.72
2024-10-04,13,30.689500000000002,47.948679999999996,NA,NA,13,stream,0.07282988293249318,7.98986774645971,5.7874085372461455,NA,75.72
2024-10-04,13,30.689500000000002,48.45681,NA,NA,13,stream,0.07282988293249318,7.98986774645971,5.7874085372461455,NA,75.72
2024-10-04,13,30.689500000000002,47.53022,NA,NA,13,stream,0.07282988293249318,7.98986774645971,5.7874085372461455,NA,75.72
2024-10-25,6a,1.71924,76.97187000000001,71.0282,5.9436700000000116,6a,stream,0.2301448591708372,NA,13.229139760014416,1939.125,NA
2024-10-25,6,1.7532799999999997,74.132320000000007,70.1669,3.965420000000009,6,stream,0.3700213575252328,3.8051077437289904,118.38077758859892,11634.75,NA
2024-10-25,5,NA,40.466899999999995,39.249199999999995,1.2177000000000007,5,stream,0.056975516888096746,NA,37.813520521272324,9219.055,NA
2024-10-25,3,NA,100.1936,98.26310000000001,1.930499999999995,3,stream,0.3635859462628014,NA,43.74422074838419,5528.426,NA
2024-10-25,7,NA,100.8767,97.9661,2.9106000000000023,7,stream,0.20831663046725304,NA,22.30827144220702,NA,NA
2024-10-25,9,NA,107.9156,109.8164,1.9008000000000038,9,stream,0.18907045338566197,3.204276352241964,88.07951224876655,NA,NA
2024-10-25,5a,NA,73.4042,72.5132,0.8910000000000053,5a,stream,0.4504653521195154,NA,14.137629388222248,NA,NA
2024-10-25,15,NA,53.327,53.119099999999996,0.2079000000000022,15,stream,0.14324969531057943,NA,9.777636738632973,1561.925,NA
2024-10-25,13,NA,37.8533,NA,NA,13,stream,0.09202743006884605,NA,10.156836581628951,NA,NA
2024-11-22,13,52.278999999999996,38.9219,9.12152,29.80038,13,stream,0.05834467039563449,NA,4.040386396298803,NA,NA
2024-11-22,6,3.7490599999999996,79.27340000000001,74.2655,5.0079000000000065,6,stream,0.18724196474366997,3.826056680483239,19.037130439451214,NA,61.2
2024-11-22,3,3.24771,102.34848,94.8179,7.5305800000000005,3,stream,0.23196105066006892,NA,13.26462386156848,NA,NA
2024-11-22,3,3.24771,93.5111,94.8179,1.3067999999999955,3,stream,0.23196105066006892,NA,13.26462386156848,NA,NA
2024-11-22,9,1.91275,111.04647000000001,104.0843,6.962170000000015,9,stream,0.0767954910734997,3.2111959380128177,16.07706432458226,NA,57.2
2024-11-22,9,1.91275,104.8862,104.0843,0.8019000000000034,9,stream,0.0767954910734997,3.2111959380128177,16.07706432458226,NA,57.2
2024-11-22,5,2.26425,22.500334,20.472859999999997,2.0274740000000016,5,stream,0.03451131112052436,NA,21.592695646316088,NA,NA
2024-11-22,5,2.26425,18.90767,20.472859999999997,1.5651899999999976,5,stream,0.03451131112052436,NA,21.592695646316088,NA,NA
2024-12-12,5,0.699113,18.937369999999998,NA,NA,5,stream,0.06886745500763732,5.044737646461945,49.65828736158962,4423.588,56.68
2024-12-12,3,0.72516099999999994,88.0166,NA,NA,NA,stream,NA,NA,NA,NA,NA
2024-12-12,9,0.730156,18.79184,NA,NA,9,stream,0.06597459967647219,NA,12.46170999715634,NA,NA
2024-12-12,6,0.721313,-0.06780850000000001,NA,NA,6,stream,0.15157050541373826,3.6147708700490138,9.264973567034923,NA,57.72
2024-12-13,15,1.96862,36.902899999999995,74.0873,37.184400000000004,15,stream,0.08027404488375386,NA,1.1326930601727974,NA,NA
2024-12-13,3,1.9090500000000001,88.4621,NA,NA,3,stream,0.11668969198078252,NA,1.0045360194636592,NA,NA
2024-12-13,6,1.8184,74.6219,74.05760000000001,0.5642999999999887,6,stream,0.1484061415675282,3.638662346459797,8.287607926716031,NA,61.12
2024-12-13,9,1.26044,95.17429999999999,94.4912,0.6830999999999818,9,stream,0.05522822765925247,NA,7.872491596496395,NA,NA
2024-12-13,5,1.9575200000000001,19.28783,18.3998,0.8880300000000005,5,stream,0.05573985008109855,5.280413751036212,33.72745877314889,NA,52.25
2024-12-13,13,54.647,7.64543,7.437529999999999,0.2079000000000013,13,stream,0.05681905545629259,NA,3.44105125145749,2359.76,NA
2025-01-27,13,25.0359,27.35435,27.1019,0.2524499999999996,13,stream,0.11557284429254173,NA,15.13593151860236,NA,NA
2025-01-27,3,5.0855,77.5028,79.2551,1.7523000000000053,3,stream,0.5144036867094713,3.36820241757798,122.86528146426852,NA,NA
2025-01-27,6,4.9486,54.128899999999994,53.2676,0.8612999999999928,6,stream,0.3912959630115067,NA,133.16706575739417,NA,NA
2025-01-27,9,2.85403,73.3151,72.9587,0.3564000000000078,9,stream,0.19666601053481814,NA,94.4383298894938,NA,NA
2025-01-27,6a,4.7414,55.732699999999994,55.1981,0.5345999999999975,6a,stream,0.2948331004354316,NA,35.859778142910464,NA,NA
2025-01-27,15,4.2419,43.912099999999995,43.793299999999995,0.11880000000000024,15,stream,0.27402714218015845,NA,75.61823409483357,3957.748,NA
2025-01-27,5a,3.74536,48.812599999999996,48.812599999999996,0,5a,stream,0.5196979206545824,NA,23.928790303679467,NA,NA
2025-01-27,7,5.2187,57.455299999999994,57.425599999999996,0.029699999999998283,7,stream,0.3278607962810334,NA,89.27369567618945,NA,NA
2025-01-27,5,2.7656,34.64569999999999,34.823899999999995,0.1782000000000039,5,stream,0.2168534590216034,4.106212337702598,142.98472514517826,3691.865,50.49
2025-02-20,6,4.9634,58.643299999999996,58.672999999999995,0.029699999999998283,6,stream,0.35482346873784654,NA,105.41985917065168,8848.457999999999,NA
2025-02-20,3,8.7929,76.58210000000001,77.4137,0.8315999999999946,NA,stream,NA,NA,NA,NA,NA
2025-02-20,9,2.38117,74.6219,75.1268,0.5049000000000063,9,stream,0.1648166534211855,NA,63.48190385489816,NA,NA
2025-02-20,5,NA,35.507,NA,NA,5,stream,0.2553345893055422,6.167070129693066,168.93006250543633,5568.476,59.49
2025-02-28,7,4.7266,60.870799999999996,61.999399999999994,1.1285999999999987,7,stream,0.23143904166596202,NA,32.69691965779732,NA,NA
2025-02-28,9,2.3179,76.96820000000001,76.67120000000001,0.29699999999999704,9,stream,0.13403969792788065,NA,46.4649996864923,NA,NA
2025-02-28,6,3.74647,58.4651,57.98989999999999,0.47520000000000806,6,stream,0.28973214537338127,NA,56.15339843404955,10159.344,NA
2025-02-28,15,3.31542,41.2688,41.77369999999999,0.5048999999999921,15,stream,0.2338654869733981,NA,48.94526294139411,NA,NA
2025-02-28,5a,3.4741500000000003,48.3968,48.812599999999996,0.4157999999999973,5a,stream,0.4949522927833734,NA,19.898034821273647,17187.58,NA
2025-02-28,3,3.7775499999999997,85.43270000000001,83.5319,1.900800000000018,3,stream,0.4336531318517181,3.404448769621402,74.76172891869115,NA,60.91
2025-02-28,13,16.903299999999998,37.5563,38.031499999999994,0.47519999999999385,13,stream,0.12692733961225494,NA,16.55974002147232,NA,NA
2025-02-28,5,2.64979,35.8931,34.705099999999995,1.1880000000000024,5,stream,0.16245476339437534,4.473957862982821,108.72599623400562,4585.855,61.84
2025-03-11,3,5.1484,83.0567,78.21560000000001,4.841099999999997,NA,stream,NA,NA,NA,NA,NA
2025-03-11,3,5.1484,83.0567,78.21560000000001,4.841099999999997,NA,stream,NA,NA,NA,NA,NA
2025-03-11,6,4.8228,52.61419999999999,53.148799999999994,0.5346000000000046,6,stream,0.4176514353028705,NA,158.8456533603814,9297.126,NA
2025-03-11,6,4.8228,52.61419999999999,53.148799999999994,0.5346000000000046,6,stream,0.4176514353028705,NA,158.8456533603814,9297.126,NA
2025-03-11,9,3.5603599999999997,64.91,65.11789999999999,0.2078999999999951,9,stream,0.27025209156478913,NA,167.77688077380108,4115.426,NA
2025-03-11,9,3.5603599999999997,64.91,65.11789999999999,0.2078999999999951,9,stream,0.27025209156478913,NA,167.77688077380108,4115.426,NA
2025-04-16,6,4.10611,67.2563,83.73979999999999,16.483499999999992,6,stream,0.194673192143587,NA,20.108260185274737,NA,NA
2025-04-16,3,4.4195,88.6106,88.967,0.3563999999999936,3,stream,0.26646280621232554,NA,17.573970215499777,NA,NA
2025-04-16,5,2.8825200000000004,34.25959999999999,30.190699999999996,4.068899999999996,5,stream,0.055607070095259066,4.761466178705583,35.08890254940642,NA,67.15
2025-04-16,9,1.9286599999999998,93.0062,91.9667,1.0395000000000039,9,stream,0.06530324780929282,NA,13.842878723797616,NA,NA
2025-04-16,7,5.862500000000001,76.0475,67.9097,8.137799999999999,7,stream,0.17658587460032038,NA,12.200654011486623,NA,NA
2025-04-16,15,4.15014,45.33769999999999,42.6053,2.7323999999999913,15,stream,0.11032296861796505,NA,3.873729574156153,NA,NA
