Date,ID,Site,surface2WT,Distance_m,DistanceID,surface_elevation_m,WT.ID,WT_elevations,well_types,qL_m2.sec,stream.w,stream.depth,DIC,DOC,DOC_g.m2.day,DIC_g.m2.day
NA,NA,5GW0,NA,0,NA,0,0,NA,stream,NA,NA,NA,NA,NA,NA,NA
2024-04-18T00:00:00Z,5,5GW1,-1.34,4.2672,4,4.554000000000002,4,5.894000000000002,RW,6.298746797145639e-6,2.5901293262193525,0.147406816631815,NA,NA,NA,NA
2024-05-08T00:00:00Z,5,5GW1,-1.03,4.2672,4,4.554000000000002,4,5.584000000000002,RW,3.2775723380919713e-6,3.2999317545506135,0.090934675715505,NA,NA,NA,NA
2024-05-30T00:00:00Z,5,5GW1,-0.8300000000000001,4.2672,4,4.554000000000002,4,5.384000000000002,RW,3.209778864709591e-7,5.075972786086192,0.03865729843347802,NA,NA,NA,NA
2024-06-20T00:00:00Z,5,5GW1,-0.8500000000000001,4.2672,4,4.554000000000002,4,5.404000000000002,RW,NA,NA,NA,NA,NA,NA,NA
2024-07-11T00:00:00Z,5,5GW1,0.2,4.2672,4,4.554000000000002,4,4.354000000000002,RW,5.582451516296543e-7,1.7682198723874478,0.3167094279643104,11.7233,60.29325,1.6446410637153646,0.3197807479652255
2024-07-11T00:00:00Z,5,5GW1,0.2,4.2672,4,4.554000000000002,4,4.354000000000002,RW,5.582451516296543e-7,1.7682198723874478,0.3167094279643104,11.7233,60.29325,1.6446410637153646,0.3197807479652255
2024-07-11T00:00:00Z,5,5GW1,0.2,4.2672,4,4.554000000000002,4,4.354000000000002,RW,5.582451516296543e-7,1.7682198723874478,0.3167094279643104,11.7233,60.29325,1.6446410637153646,0.3197807479652255
2024-07-11T00:00:00Z,5,5GW1,0.2,4.2672,4,4.554000000000002,4,4.354000000000002,RW,5.582451516296543e-7,1.7682198723874478,0.3167094279643104,11.7233,60.29325,1.6446410637153646,0.3197807479652255
2024-07-29T00:00:00Z,5,5GW1,0.04,4.2672,4,4.554000000000002,4,4.514000000000002,RW,2.5667055893192537e-6,1.4408277429669618,0.47694777291652474,12.2043,57.18469,8.801516505826624,1.878410950414523
2024-08-30T00:00:00Z,5,5GW1,0.056,4.2672,4,4.554000000000002,4,4.498000000000002,RW,3.354281527563948e-6,3.798367048492008,0.06910523957411556,18.509099999999997,40.65552,3.1019575017920142,1.412217617593344
2024-10-04T00:00:00Z,5,5GW1,0.065,4.2672,4,4.554000000000002,4,4.489000000000002,RW,6.266479080132848e-6,2.7590340352811196,0.13001805807807423,9.248,54.70382,10.734898269170465,1.8147971968555108
2024-11-01T00:00:00Z,5,5GW1,-0.792,4.2672,4,4.554000000000002,4,5.346000000000002,RW,3.731327954257712e-6,4.8447636126902,0.04217687132343951,1.4369299999999998,28.098731,1.8697833116088654,0.09561811648896625
2024-12-09T00:00:00Z,5,5GW1,-1.01,4.2672,4,4.554000000000002,4,5.564000000000002,RW,3.485996300937013e-6,5.027002492172216,0.03910915685467742,NA,NA,NA,NA
2025-01-10T00:00:00Z,5,5GW1,-0.56,4.2672,4,4.554000000000002,4,5.1140000000000025,RW,4.511593448978033e-6,4.696504891901518,0.04481011522629099,NA,NA,NA,NA
2025-01-30T00:00:00Z,5,5GW1,0.02500000000000002,4.2672,4,4.554000000000002,4,4.529000000000002,RW,5.9112568878031105e-6,2.369574329794122,0.1761141657131801,10.7465,33.2795,7.172986804053186,2.3162758662166665
2025-03-12T00:00:00Z,5,5GW1,0.04,4.2672,4,4.554000000000002,4,4.514000000000002,RW,1.138535781196094e-5,1.7346006374903664,0.3289333160484501,13.4549,31.943,18.11492858311127,7.63029623369451
2025-03-12T00:00:00Z,5,5GW1,0.04,4.2672,4,4.554000000000002,4,4.514000000000002,RW,1.138535781196094e-5,1.7346006374903664,0.3289333160484501,13.4549,31.943,18.11492858311127,7.63029623369451
2025-04-17T00:00:00Z,5,5GW1,NA,4.2672,4,4.554000000000002,4,NA,RW,1.016943918364715e-6,4.475636933409144,0.04940728351153666,NA,NA,NA,NA
2024-04-18T00:00:00Z,5,5GW2,-1.05,2.1336,3,4.082999999999998,3,5.132999999999998,RW,6.298746797145639e-6,2.5901293262193525,0.147406816631815,NA,NA,NA,NA
2024-05-08T00:00:00Z,5,5GW2,-0.29,2.1336,3,4.082999999999998,3,4.3729999999999984,RW,3.2775723380919713e-6,3.2999317545506135,0.090934675715505,35.0259,55.00272,4.720035190077498,3.005732817652208
2024-05-30T00:00:00Z,5,5GW2,-0.35000000000000003,2.1336,3,4.082999999999998,3,4.432999999999998,RW,3.209778864709591e-7,5.075972786086192,0.03865729843347802,34.2415,53.17943,0.2905448946341567,0.18707784212082523
2024-06-20T00:00:00Z,5,5GW2,-1.55,2.1336,3,4.082999999999998,3,5.632999999999998,RW,NA,NA,NA,NA,NA,NA,NA
2024-07-11T00:00:00Z,5,5GW2,0.42,2.1336,3,4.082999999999998,3,3.6629999999999985,RW,5.582451516296543e-7,1.7682198723874478,0.3167094279643104,15.6749,63.730599999999995,1.7384029186553784,0.4275699885083648
2024-07-11T00:00:00Z,5,5GW2,0.42,2.1336,3,4.082999999999998,3,3.6629999999999985,RW,5.582451516296543e-7,1.7682198723874478,0.3167094279643104,15.6749,63.730599999999995,1.7384029186553784,0.4275699885083648
2024-07-11T00:00:00Z,5,5GW2,0.42,2.1336,3,4.082999999999998,3,3.6629999999999985,RW,5.582451516296543e-7,1.7682198723874478,0.3167094279643104,15.6749,63.730599999999995,1.7384029186553784,0.4275699885083648
2024-07-11T00:00:00Z,5,5GW2,0.42,2.1336,3,4.082999999999998,3,3.6629999999999985,RW,5.582451516296543e-7,1.7682198723874478,0.3167094279643104,15.6749,63.730599999999995,1.7384029186553784,0.4275699885083648
2024-07-29T00:00:00Z,5,5GW2,0.235,2.1336,3,4.082999999999998,3,3.8479999999999985,RW,2.5667055893192537e-6,1.4408277429669618,0.47694777291652474,16.9181,61.78775,9.509991249106868,2.603930114812643
2024-08-30T00:00:00Z,5,5GW2,0.025,2.1336,3,4.082999999999998,3,4.057999999999998,RW,3.354281527563948e-6,3.798367048492008,0.06910523957411556,19.0752,43.01682999999999,3.2821220469400396,1.4554102305955752
2024-10-04T00:00:00Z,5,5GW2,0.057,2.1336,3,4.082999999999998,3,4.025999999999998,RW,6.266479080132848e-6,2.7590340352811196,0.13001805807807423,10.025,51.98383,10.201136350109582,1.9672731291605212
2024-11-01T00:00:00Z,5,5GW2,-0.285,2.1336,3,4.082999999999998,3,4.3679999999999986,RW,3.731327954257712e-6,4.8447636126902,0.04217687132343951,14.4243,49.144279999999995,3.2702243601333216,0.9598410483960917
2024-12-09T00:00:00Z,5,5GW2,-0.25,2.1336,3,4.082999999999998,3,4.332999999999998,RW,3.485996300937013e-6,5.027002492172216,0.03910915685467742,26.4234,30.844099999999997,1.8480072316178453,1.583143430475552
2025-01-10T00:00:00Z,5,5GW2,-0.39,2.1336,3,4.082999999999998,3,4.472999999999998,RW,4.511593448978033e-6,4.696504891901518,0.04481011522629099,13.2921,43.58539999999999,3.617511803489075,1.1032210016004704
2025-01-30T00:00:00Z,5,5GW2,0.125,2.1336,3,4.082999999999998,3,3.9579999999999984,RW,5.9112568878031105e-6,2.369574329794122,0.1761141657131801,10.7724,32.952799999999996,7.102570638278934,2.321858292581996
2025-03-12T00:00:00Z,5,5GW2,0.145,2.1336,3,4.082999999999998,3,3.9379999999999984,RW,1.138535781196094e-5,1.7346006374903664,0.3289333160484501,13.473399999999998,31.8242,18.04755690494473,7.640787614553776
2025-03-12T00:00:00Z,5,5GW2,0.145,2.1336,3,4.082999999999998,3,3.9379999999999984,RW,1.138535781196094e-5,1.7346006374903664,0.3289333160484501,13.473399999999998,31.8242,18.04755690494473,7.640787614553776
2025-04-17T00:00:00Z,5,5GW2,-0.2700000000000001,2.1336,3,4.082999999999998,3,4.352999999999999,RW,1.016943918364715e-6,4.475636933409144,0.04940728351153666,15.4899,39.130399999999995,0.7681927149474466,0.3040916610937904
2024-04-18T00:00:00Z,5,5GW3,-0.495,1.2192,2,6.972999999999999,7,7.467999999999999,RW,6.298746797145639e-6,2.5901293262193525,0.147406816631815,NA,NA,NA,NA
2024-05-08T00:00:00Z,5,5GW3,0.28500000000000003,1.2192,2,6.972999999999999,7,6.687999999999999,RW,3.2775723380919713e-6,3.2999317545506135,0.090934675715505,43.695,100.94365,8.66243669794633,3.7496679733372513
2024-05-30T00:00:00Z,5,5GW3,0.225,1.2192,2,6.972999999999999,7,6.747999999999999,RW,3.209778864709591e-7,5.075972786086192,0.03865729843347802,30.3195,66.68971,0.36435807538991044,0.16565006305747004
2024-06-20T00:00:00Z,5,5GW3,-0.755,1.2192,2,6.972999999999999,7,7.727999999999999,RW,NA,NA,NA,NA,NA,NA,NA
2024-07-11T00:00:00Z,5,5GW3,0.3,1.2192,2,6.972999999999999,7,6.672999999999999,RW,5.582451516296543e-7,1.7682198723874478,0.3167094279643104,8.123199999999999,64.53763000000001,1.7604165715543385,0.22157950166515564
2024-07-11T00:00:00Z,5,5GW3,0.3,1.2192,2,6.972999999999999,7,6.672999999999999,RW,5.582451516296543e-7,1.7682198723874478,0.3167094279643104,8.123199999999999,64.53763000000001,1.7604165715543385,0.22157950166515564
2024-07-11T00:00:00Z,5,5GW3,0.3,1.2192,2,6.972999999999999,7,6.672999999999999,RW,5.582451516296543e-7,1.7682198723874478,0.3167094279643104,8.123199999999999,64.53763000000001,1.7604165715543385,0.22157950166515564
2024-07-11T00:00:00Z,5,5GW3,0.3,1.2192,2,6.972999999999999,7,6.672999999999999,RW,5.582451516296543e-7,1.7682198723874478,0.3167094279643104,8.123199999999999,64.53763000000001,1.7604165715543385,0.22157950166515564
2024-07-29T00:00:00Z,5,5GW3,0.19,1.2192,2,6.972999999999999,7,6.782999999999999,RW,2.5667055893192537e-6,1.4408277429669618,0.47694777291652474,17.029099999999996,86.77579000000001,13.355996998342476,2.6210145535347333
2024-08-30T00:00:00Z,5,5GW3,-0.645,1.2192,2,6.972999999999999,7,7.6179999999999986,RW,3.354281527563948e-6,3.798367048492008,0.06910523957411556,45.397,80.94724000000001,6.176157588621634,3.4637255828692393
2024-10-04T00:00:00Z,5,5GW3,-0.09499999999999996,1.2192,2,6.972999999999999,7,7.067999999999999,RW,6.266479080132848e-6,2.7590340352811196,0.13001805807807423,4.04395,65.34466,12.823021820661381,0.7935714883460039
2024-11-01T00:00:00Z,5,5GW3,0.755,1.2192,2,6.972999999999999,7,6.217999999999999,RW,3.731327954257712e-6,4.8447636126902,0.04217687132343951,17.373199999999997,54.91305,3.6540975633221016,1.1560706933435227
2024-11-01T00:00:00Z,5,5GW3,0.755,1.2192,2,6.972999999999999,7,6.217999999999999,RW,3.731327954257712e-6,4.8447636126902,0.04217687132343951,17.373199999999997,41.9816,2.7935957347909683,1.1560706933435227
2024-12-09T00:00:00Z,5,5GW3,-0.4800000000000001,1.2192,2,6.972999999999999,7,7.452999999999999,RW,3.485996300937013e-6,5.027002492172216,0.03910915685467742,39.477,39.635299999999994,2.374727128602967,2.3652426714534607
2025-01-10T00:00:00Z,5,5GW3,-0.28500000000000003,1.2192,2,6.972999999999999,7,7.257999999999999,RW,4.511593448978033e-6,4.696504891901518,0.04481011522629099,5.1891,94.0457,7.805628256649993,0.43068620454292406
2025-01-30T00:00:00Z,5,5GW3,0,1.2192,2,6.972999999999999,7,6.972999999999999,RW,5.9112568878031105e-6,2.369574329794122,0.1761141657131801,27.0635,38.2691,8.24843369951447,5.833204476374147
2025-03-12T00:00:00Z,5,5GW3,0.282,1.2192,2,6.972999999999999,7,6.690999999999999,RW,1.138535781196094e-5,1.7346006374903664,0.3289333160484501,11.368099999999998,32.1806,18.249671939444333,6.446868472769219
2025-03-12T00:00:00Z,5,5GW3,0.282,1.2192,2,6.972999999999999,7,6.690999999999999,RW,1.138535781196094e-5,1.7346006374903664,0.3289333160484501,11.368099999999998,32.1806,18.249671939444333,6.446868472769219
2025-04-17T00:00:00Z,5,5GW3,-0.32999999999999996,1.2192,2,6.972999999999999,7,7.302999999999999,RW,1.016943918364715e-6,4.475636933409144,0.04940728351153666,30.045699999999997,36.2495,0.7116360124222463,0.5898454361697425
2024-04-18T00:00:00Z,5,5GW4,-1.39,0.3048,1,4.755000000000003,5,6.145000000000002,RW,6.298746797145639e-6,2.5901293262193525,0.147406816631815,NA,NA,NA,NA
2024-05-08T00:00:00Z,5,5GW4,-0.8200000000000001,0.3048,1,4.755000000000003,5,5.575000000000003,RW,3.2775723380919713e-6,3.2999317545506135,0.090934675715505,NA,NA,NA,NA
2024-05-30T00:00:00Z,5,5GW4,-0.8600000000000001,0.3048,1,4.755000000000003,5,5.615000000000003,RW,3.209778864709591e-7,5.075972786086192,0.03865729843347802,22.7715,59.15743,0.3232055940836052,0.12441169580346571
2024-06-20T00:00:00Z,5,5GW4,-1.25,0.3048,1,4.755000000000003,5,6.005000000000003,RW,NA,NA,NA,NA,NA,NA,NA
2024-07-11T00:00:00Z,5,5GW4,-0.23,0.3048,1,4.755000000000003,5,4.985000000000003,RW,5.582451516296543e-7,1.7682198723874478,0.3167094279643104,32.2139,62.35566,1.700898176679373,0.8787103492085826
2024-07-11T00:00:00Z,5,5GW4,-0.23,0.3048,1,4.755000000000003,5,4.985000000000003,RW,5.582451516296543e-7,1.7682198723874478,0.3167094279643104,32.2139,62.35566,1.700898176679373,0.8787103492085826
2024-07-11T00:00:00Z,5,5GW4,-0.23,0.3048,1,4.755000000000003,5,4.985000000000003,RW,5.582451516296543e-7,1.7682198723874478,0.3167094279643104,32.2139,62.35566,1.700898176679373,0.8787103492085826
2024-07-11T00:00:00Z,5,5GW4,-0.23,0.3048,1,4.755000000000003,5,4.985000000000003,RW,5.582451516296543e-7,1.7682198723874478,0.3167094279643104,32.2139,62.35566,1.700898176679373,0.8787103492085826
2024-07-29T00:00:00Z,5,5GW4,-0.4,0.3048,1,4.755000000000003,5,5.155000000000003,RW,2.5667055893192537e-6,1.4408277429669618,0.47694777291652474,32.27310000000001,70.27651,10.81652908736394,4.96727747136853
2024-08-30T00:00:00Z,5,5GW4,0.5399999999999999,0.3048,1,4.755000000000003,5,4.2150000000000025,RW,3.354281527563948e-6,3.798367048492008,0.06910523957411556,39.107,85.90898,6.554731189818752,2.9838076606222295
2024-10-04T00:00:00Z,5,5GW4,-1.38,0.3048,1,4.755000000000003,5,6.1350000000000025,RW,6.266479080132848e-6,2.7590340352811196,0.13001805807807423,2.71824,63.342029999999994,12.430032275858313,0.5334185047989322
2024-11-01T00:00:00Z,5,5GW4,0.24,0.3048,1,4.755000000000003,5,4.515000000000002,RW,3.731327954257712e-6,4.8447636126902,0.04217687132343951,9.6698,69.94772,4.654554668005814,0.6434607550994175
2024-12-09T00:00:00Z,5,5GW4,-0.8600000000000001,0.3048,1,4.755000000000003,5,5.615000000000003,RW,3.485996300937013e-6,5.027002492172216,0.03910915685467742,21.3026,56.4158,3.3801215265644338,1.276333524150885
2025-01-10T00:00:00Z,5,5GW4,-0.8700000000000001,0.3048,1,4.755000000000003,5,5.625000000000003,RW,4.511593448978033e-6,4.696504891901518,0.04481011522629099,40.069,46.82269999999999,3.8862020291480155,3.3256567670367554
2025-01-30T00:00:00Z,5,5GW4,0.30499999999999994,0.3048,1,4.755000000000003,5,4.450000000000003,RW,5.9112568878031105e-6,2.369574329794122,0.1761141657131801,23.781599999999997,41.357899999999994,8.914186539561928,5.125831306938843
2025-03-12T00:00:00Z,5,5GW4,-0.519,0.3048,1,4.755000000000003,5,5.274000000000003,RW,1.138535781196094e-5,1.7346006374903664,0.3289333160484501,25.2875,45.040699999999994,25.542656100971715,14.340583431281535
2025-03-12T00:00:00Z,5,5GW4,-0.519,0.3048,1,4.755000000000003,5,5.274000000000003,RW,1.138535781196094e-5,1.7346006374903664,0.3289333160484501,25.2875,45.040699999999994,25.542656100971715,14.340583431281535
2025-04-17T00:00:00Z,5,5GW4,-1.01,0.3048,1,4.755000000000003,5,5.765000000000002,RW,1.016943918364715e-6,4.475636933409144,0.04940728351153666,20.595899999999997,50.327299999999994,0.9880058783701323,0.40433065692622905
2024-04-18T00:00:00Z,5,5GW5,-0.11,4.8768,5,3.7040000000000006,2,3.814000000000001,RW,6.298746797145639e-6,2.5901293262193525,0.147406816631815,NA,NA,NA,NA
2024-05-08T00:00:00Z,5,5GW5,0.34,4.8768,5,3.7040000000000006,2,3.3640000000000008,RW,3.2775723380919713e-6,3.2999317545506135,0.090934675715505,33.0982,92.54456,7.94167233639061,2.8403080561874585
2024-05-30T00:00:00Z,5,5GW5,0.28,4.8768,5,3.7040000000000006,2,3.4240000000000004,RW,3.209778864709591e-7,5.075972786086192,0.03865729843347802,26.5788,64.05939000000001,0.3499873676321531,0.1452128134036473
2024-06-20T00:00:00Z,5,5GW5,-0.12,4.8768,5,3.7040000000000006,2,3.8240000000000007,RW,NA,NA,NA,NA,NA,NA,NA
2024-07-11T00:00:00Z,5,5GW5,0.3,4.8768,5,3.7040000000000006,2,3.404000000000001,RW,5.582451516296543e-7,1.7682198723874478,0.3167094279643104,16.884800000000002,76.91209,2.0979592493383894,0.460572873955562
2024-07-11T00:00:00Z,5,5GW5,0.3,4.8768,5,3.7040000000000006,2,3.404000000000001,RW,5.582451516296543e-7,1.7682198723874478,0.3167094279643104,16.884800000000002,76.91209,2.0979592493383894,0.460572873955562
2024-07-11T00:00:00Z,5,5GW5,0.3,4.8768,5,3.7040000000000006,2,3.404000000000001,RW,5.582451516296543e-7,1.7682198723874478,0.3167094279643104,16.884800000000002,76.91209,2.0979592493383894,0.460572873955562
2024-07-11T00:00:00Z,5,5GW5,0.3,4.8768,5,3.7040000000000006,2,3.404000000000001,RW,5.582451516296543e-7,1.7682198723874478,0.3167094279643104,16.884800000000002,76.91209,2.0979592493383894,0.460572873955562
2024-07-29T00:00:00Z,5,5GW5,0.36,4.8768,5,3.7040000000000006,2,3.3440000000000007,RW,2.5667055893192537e-6,1.4408277429669618,0.47694777291652474,9.1666,87.3437,13.44340621991601,1.4108668107199733
2024-08-30T00:00:00Z,5,5GW5,-0.6900000000000001,4.8768,5,3.7040000000000006,2,4.394000000000001,RW,3.354281527563948e-6,3.798367048492008,0.06910523957411556,23.9148,80.05054000000001,6.1077406727426355,1.8246647260656275
2024-10-04T00:00:00Z,5,5GW5,-0.04000000000000003,4.8768,5,3.7040000000000006,2,3.7440000000000007,RW,6.266479080132848e-6,2.7590340352811196,0.13001805807807423,1.50575,73.2954,14.383248968685491,0.2954834428163047
2024-11-01T00:00:00Z,5,5GW5,NA,4.8768,5,3.7040000000000006,2,NA,RW,3.731327954257712e-6,4.8447636126902,0.04217687132343951,11.290399999999998,72.42859,4.819640035180264,0.7513008861997623
2024-12-09T00:00:00Z,5,5GW5,-0.24,4.8768,5,3.7040000000000006,2,3.944000000000001,RW,3.485996300937013e-6,5.027002492172216,0.03910915685467742,29.908800000000003,41.77369999999999,2.5028481846263753,1.7919692482196536
2025-01-10T00:00:00Z,5,5GW5,-0.2,4.8768,5,3.7040000000000006,2,3.904000000000001,RW,4.511593448978033e-6,4.696504891901518,0.04481011522629099,26.7342,46.9118,3.8935971729734917,2.218891740280866
2025-01-30T00:00:00Z,5,5GW5,0.04,4.8768,5,3.7040000000000006,2,3.6640000000000006,RW,5.9112568878031105e-6,2.369574329794122,0.1761141657131801,22.6716,50.0303,10.783415667387493,4.886584462710444
2025-03-12T00:00:00Z,5,5GW5,0.281,4.8768,5,3.7040000000000006,2,3.4230000000000005,RW,1.138535781196094e-5,1.7346006374903664,0.3289333160484501,8.3896,56.4158,31.993494285417416,4.757756154427269
2025-03-12T00:00:00Z,5,5GW5,0.281,4.8768,5,3.7040000000000006,2,3.4230000000000005,RW,1.138535781196094e-5,1.7346006374903664,0.3289333160484501,8.3896,56.4158,31.993494285417416,4.757756154427269
2025-04-17T00:00:00Z,5,5GW5,-0.235,4.8768,5,3.7040000000000006,2,3.939000000000001,RW,1.016943918364715e-6,4.475636933409144,0.04940728351153666,32.5543,50.7728,0.9967517602039262,0.6390932906439407
2024-04-18T00:00:00Z,5,5GW6,-1.26,7.62,6,3.628,1,4.888,RW,6.298746797145639e-6,2.5901293262193525,0.147406816631815,NA,NA,NA,NA
2024-05-08T00:00:00Z,5,5GW6,-0.94,7.62,6,3.628,1,4.568,RW,3.2775723380919713e-6,3.2999317545506135,0.090934675715505,NA,NA,NA,NA
2024-05-30T00:00:00Z,5,5GW6,-0.94,7.62,6,3.628,1,4.568,RW,3.209778864709591e-7,5.075972786086192,0.03865729843347802,26.2976,78.79516,0.4304959917750438,0.14367648207457656
2024-06-20T00:00:00Z,5,5GW6,-1.24,7.62,6,3.628,1,4.868,RW,NA,NA,NA,NA,NA,NA,NA
2024-07-11T00:00:00Z,5,5GW6,-0.18,7.62,6,3.628,1,3.808,RW,5.582451516296543e-7,1.7682198723874478,0.3167094279643104,14.846099999999998,66.09191000000001,1.80281323639678,0.4049625073457587
2024-07-11T00:00:00Z,5,5GW6,-0.18,7.62,6,3.628,1,3.808,RW,5.582451516296543e-7,1.7682198723874478,0.3167094279643104,14.846099999999998,66.09191000000001,1.80281323639678,0.4049625073457587
2024-07-11T00:00:00Z,5,5GW6,-0.18,7.62,6,3.628,1,3.808,RW,5.582451516296543e-7,1.7682198723874478,0.3167094279643104,14.846099999999998,66.09191000000001,1.80281323639678,0.4049625073457587
2024-07-11T00:00:00Z,5,5GW6,-0.18,7.62,6,3.628,1,3.808,RW,5.582451516296543e-7,1.7682198723874478,0.3167094279643104,14.846099999999998,66.09191000000001,1.80281323639678,0.4049625073457587
2024-07-29T00:00:00Z,5,5GW6,-0.10499999999999998,7.62,6,3.628,1,3.733,RW,2.5667055893192537e-6,1.4408277429669618,0.47694777291652474,26.7305,79.36307000000001,12.215076632540526,4.114194497845465
2024-08-30T00:00:00Z,5,5GW6,0,7.62,6,3.628,1,3.628,RW,3.354281527563948e-6,3.798367048492008,0.06910523957411556,NA,NA,NA,NA
2024-10-04T00:00:00Z,5,5GW6,-1.16,7.62,6,3.628,1,4.788,RW,6.266479080132848e-6,2.7590340352811196,0.13001805807807423,1.5660600000000002,103.66364000000002,20.34261281226631,0.307318479466646
2024-11-01T00:00:00Z,5,5GW6,NA,7.62,6,3.628,1,NA,RW,3.731327954257712e-6,4.8447636126902,0.04217687132343951,NA,NA,NA,NA
2024-12-09T00:00:00Z,5,5GW6,-0.8899999999999999,7.62,6,3.628,1,4.518,RW,3.485996300937013e-6,5.027002492172216,0.03910915685467742,32.299,60.395599999999995,3.618569047496887,1.9351767622989418
2025-01-10T00:00:00Z,5,5GW6,-0.7799999999999999,7.62,6,3.628,1,4.408,RW,4.511593448978033e-6,4.696504891901518,0.04481011522629099,41.474999999999994,41.65489999999999,3.4572836872704413,3.442352302599251
2025-01-30T00:00:00Z,5,5GW6,-0.46,7.62,6,3.628,1,4.088,RW,5.9112568878031105e-6,2.369574329794122,0.1761141657131801,13.791599999999995,68.8007,14.829144464598992,2.972609708883243
2025-03-12T00:00:00Z,5,5GW6,-0.15,7.62,6,3.628,1,3.778,RW,1.138535781196094e-5,1.7346006374903664,0.3289333160484501,14.5723,76.7009,43.49720833235322,8.263975637594223
2025-03-12T00:00:00Z,5,5GW6,-0.15,7.62,6,3.628,1,3.778,RW,1.138535781196094e-5,1.7346006374903664,0.3289333160484501,14.5723,76.7009,43.49720833235322,8.263975637594223
2025-04-17T00:00:00Z,5,5GW6,-0.77,7.62,6,3.628,1,4.398,RW,1.016943918364715e-6,4.475636933409144,0.04940728351153666,27.4853,96.4217,1.8929131187733375,0.5395806643465196
2024-04-18T00:00:00Z,5,5GW7,0,12.192,7,NA,NA,NA,RW,6.298746797145639e-6,2.5901293262193525,0.147406816631815,NA,NA,NA,NA
2024-05-08T00:00:00Z,5,5GW7,0,12.192,7,NA,NA,NA,RW,3.2775723380919713e-6,3.2999317545506135,0.090934675715505,NA,NA,NA,NA
2024-05-30T00:00:00Z,5,5GW7,NA,12.192,7,NA,NA,NA,RW,3.209778864709591e-7,5.075972786086192,0.03865729843347802,NA,NA,NA,NA
2024-06-20T00:00:00Z,5,5GW7,-2.46,12.192,7,NA,NA,NA,RW,NA,NA,NA,NA,NA,NA,NA
2024-07-11T00:00:00Z,5,5GW7,-3.5,12.192,7,NA,NA,NA,RW,5.582451516296543e-7,1.7682198723874478,0.3167094279643104,13.5881,63.90994,1.743294841521814,0.370647580581089
2024-07-11T00:00:00Z,5,5GW7,-3.5,12.192,7,NA,NA,NA,RW,5.582451516296543e-7,1.7682198723874478,0.3167094279643104,13.5881,63.90994,1.743294841521814,0.370647580581089
2024-07-11T00:00:00Z,5,5GW7,-3.5,12.192,7,NA,NA,NA,RW,5.582451516296543e-7,1.7682198723874478,0.3167094279643104,13.5881,63.90994,1.743294841521814,0.370647580581089
2024-07-11T00:00:00Z,5,5GW7,-3.5,12.192,7,NA,NA,NA,RW,5.582451516296543e-7,1.7682198723874478,0.3167094279643104,13.5881,63.90994,1.743294841521814,0.370647580581089
2024-07-29T00:00:00Z,5,5GW7,0.198,12.192,7,NA,NA,NA,RW,2.5667055893192537e-6,1.4408277429669618,0.47694777291652474,7.4757,67.16795,10.338078611382477,1.1506138608534573
2024-08-30T00:00:00Z,5,5GW7,NA,12.192,7,NA,NA,NA,RW,3.354281527563948e-6,3.798367048492008,0.06910523957411556,18.2538,37.81597,2.8853039348418545,1.392738596043318
2024-10-04T00:00:00Z,5,5GW7,-0.875,12.192,7,NA,NA,NA,RW,6.266479080132848e-6,2.7590340352811196,0.13001805807807423,10.7206,52.402289999999994,10.28325356842664,2.1037753923669107
2024-11-01T00:00:00Z,5,5GW7,0.183,12.192,7,NA,NA,NA,RW,3.731327954257712e-6,4.8447636126902,0.04217687132343951,6.5692,52.61152,3.500946078112071,0.4371364860078898
2024-12-09T00:00:00Z,5,5GW7,-0.20999999999999996,12.192,7,NA,NA,NA,RW,3.485996300937013e-6,5.027002492172216,0.03910915685467742,37.0979,12.822139999999996,0.7682314427983449,2.2227002077491536
2025-01-30T00:00:00Z,5,5GW7,0.41,12.192,7,NA,NA,NA,RW,5.9112568878031105e-6,2.369574329794122,0.1761141657131801,18.664499999999997,74.1764,15.987810465066204,4.022903355045919
2024-12-09T00:00:00Z,5,5GW8,-0.55,16.806672,8,5.341000000000001,6,5.891000000000001,upland,3.485996300937013e-6,5.027002492172216,0.03910915685467742,42.141,48.15919999999999,2.8854318935851633,2.524854761448952
2025-01-10T00:00:00Z,5,5GW8,-0.28000000000000014,16.806672,8,5.341000000000001,6,5.621000000000001,upland,4.511593448978033e-6,4.696504891901518,0.04481011522629099,12.8555,54.3071,4.507394110487952,1.0669839668731689
2025-01-30T00:00:00Z,5,5GW8,0.04,16.806672,8,5.341000000000001,6,5.301000000000001,upland,5.9112568878031105e-6,2.369574329794122,0.1761141657131801,NA,NA,NA,NA
2025-03-12T00:00:00Z,5,5GW8,0.155,16.806672,8,5.341000000000001,6,5.186000000000001,upland,1.138535781196094e-5,1.7346006374903664,0.3289333160484501,NA,NA,NA,NA
2025-04-17T00:00:00Z,5,5GW8,-0.3850000000000001,16.806672,8,5.341000000000001,6,5.726000000000001,upland,1.016943918364715e-6,4.475636933409144,0.04940728351153666,NA,NA,NA,NA
NA,NA,6GW0,NA,0,NA,0,2,NA,stream,NA,NA,NA,NA,NA,NA,NA
2024-04-18T00:00:00Z,6,6GW1,-1.0499999999999998,0.3048,1,2.5349999999999966,4,3.5849999999999964,RW,7.242224992739373e-7,0.34439748691711713,0.27567169330142904,NA,NA,NA,NA
2024-05-08T00:00:00Z,6,6GW1,-0.55,0.3048,1,2.5349999999999966,4,3.0849999999999964,RW,1.3603328745302688e-7,0.10060731570066624,0.11398360768749512,NA,NA,NA,NA
2024-05-30T00:00:00Z,6,6GW1,-1.029,0.3048,1,2.5349999999999966,4,3.5639999999999965,RW,6.2428448190443565e-9,0.04024001526731052,0.05913853645889135,NA,NA,NA,NA
2024-06-20T00:00:00Z,6,6GW1,-1.81,0.3048,1,2.5349999999999966,4,4.344999999999996,RW,NA,NA,NA,NA,NA,NA,NA
2024-07-11T00:00:00Z,6,6GW1,-1.09,0.3048,1,2.5349999999999966,4,3.624999999999997,RW,2.4607671824186753e-8,0.14386457154097212,0.1466827115472416,7.6644,76.64308,1.132669904333512,0.11326835005552713
2024-07-11T00:00:00Z,6,6GW1,-1.09,0.3048,1,2.5349999999999966,4,3.624999999999997,RW,2.4607671824186753e-8,0.14386457154097212,0.1466827115472416,7.6644,76.64308,1.132669904333512,0.11326835005552713
2024-07-11T00:00:00Z,6,6GW1,-1.09,0.3048,1,2.5349999999999966,4,3.624999999999997,RW,2.4607671824186753e-8,0.14386457154097212,0.1466827115472416,7.6644,76.64308,1.132669904333512,0.11326835005552713
2024-07-11T00:00:00Z,6,6GW1,-1.09,0.3048,1,2.5349999999999966,4,3.624999999999997,RW,2.4607671824186753e-8,0.14386457154097212,0.1466827115472416,7.6644,76.64308,1.132669904333512,0.11326835005552713
2024-07-29T00:00:00Z,6,6GW1,-0.41,0.3048,1,2.5349999999999966,4,2.9449999999999967,RW,4.587271840825663e-8,0.39363942495270354,0.3028582057164121,11.6345,97.05795,0.9772388974465174,0.11714327319237121
2024-08-30T00:00:00Z,6,6GW1,-0.19,0.3048,1,2.5349999999999966,4,2.7249999999999965,RW,4.571132562087798e-6,0.7703122983191467,0.4870404945355345,NA,NA,NA,NA
2024-10-04T00:00:00Z,6,6GW1,-0.295,0.3048,1,2.5349999999999966,4,2.8299999999999965,RW,8.878591890731023e-6,0.6430978259813157,0.42756115791951943,NA,NA,NA,NA
2024-11-01T00:00:00Z,6,6GW1,-0.42,0.3048,1,2.5349999999999966,4,2.9549999999999965,RW,1.755897263660677e-6,0.38770459180982497,0.300018529582514,8.552399999999999,33.90038,13.265281370495767,3.346569932048785
2024-12-09T00:00:00Z,6,6GW1,-1.04,0.3048,1,2.5349999999999966,4,3.5749999999999966,RW,3.7923178237144713e-7,0.10598227550817592,0.12035027251872718,6.5211,42.24889999999999,13.061728006333873,2.0160722409838794
2025-01-10T00:00:00Z,6,6GW1,-1.27,0.3048,1,2.5349999999999966,4,3.8049999999999966,RW,2.916339940596736e-7,0.09695128761875511,0.11303179197267516,14.3355,34.7348,9.027408796412262,3.725728053737692
2025-01-30T00:00:00Z,6,6GW1,NA,0.3048,1,2.5349999999999966,4,NA,RW,8.911689923191822e-7,0.5137148256654509,0.366198964973688,10.136,48.78289999999999,7.31171616881723,1.5192117542649464
2025-03-12T00:00:00Z,6,6GW1,-0.21,0.3048,1,2.5349999999999966,4,2.744999999999997,RW,2.883912242958028e-6,0.5806571645318075,0.398957458520978,13.140399999999998,52.2578,22.424724520961668,5.638772586967776
2025-03-12T00:00:00Z,6,6GW1,-0.21,0.3048,1,2.5349999999999966,4,2.744999999999997,RW,2.883912242958028e-6,0.5806571645318075,0.398957458520978,13.140399999999998,52.2578,22.424724520961668,5.638772586967776
2025-04-17T00:00:00Z,6,6GW1,-0.82,0.3048,1,2.5349999999999966,4,3.3549999999999964,RW,1.4726010958148254e-7,0.18102905628243296,0.1754634509269021,8.0159,52.049899999999994,3.658225509613918,0.5633818674486255
2024-04-18T00:00:00Z,6,6GW2,0.02000000000000001,2.4384,3,11.067,5,11.047,RW,7.242224992739373e-7,0.34439748691711713,0.27567169330142904,NA,NA,NA,NA
2024-05-08T00:00:00Z,6,6GW2,0.35,2.4384,3,11.067,5,10.717,RW,1.3603328745302688e-7,0.10060731570066624,0.11398360768749512,17.1068,64.80664,7.570923879413726,1.9984723883286455
2024-05-30T00:00:00Z,6,6GW2,0.12,2.4384,3,11.067,5,10.947,RW,6.2428448190443565e-9,0.04024001526731052,0.05913853645889135,NA,NA,NA,NA
2024-06-20T00:00:00Z,6,6GW2,-1.4900000000000002,2.4384,3,11.067,5,12.557,RW,NA,NA,NA,11.2793,75.47737000000001,NA,NA
2024-06-20T00:00:00Z,6,6GW2,-1.4900000000000002,2.4384,3,11.067,5,12.557,RW,NA,NA,NA,11.2793,75.47737000000001,NA,NA
2024-06-20T00:00:00Z,6,6GW2,-1.4900000000000002,2.4384,3,11.067,5,12.557,RW,NA,NA,NA,11.2793,75.47737000000001,NA,NA
2024-06-20T00:00:00Z,6,6GW2,-1.4900000000000002,2.4384,3,11.067,5,12.557,RW,NA,NA,NA,11.2793,75.47737000000001,NA,NA
2024-07-11T00:00:00Z,6,6GW2,-0.4800000000000001,2.4384,3,11.067,5,11.547,RW,2.4607671824186753e-8,0.14386457154097212,0.1466827115472416,11.8676,45.31836,0.6697374699157662,0.17538534929270053
2024-07-11T00:00:00Z,6,6GW2,-0.4800000000000001,2.4384,3,11.067,5,11.547,RW,2.4607671824186753e-8,0.14386457154097212,0.1466827115472416,11.8676,45.31836,0.6697374699157662,0.17538534929270053
2024-07-11T00:00:00Z,6,6GW2,-0.4800000000000001,2.4384,3,11.067,5,11.547,RW,2.4607671824186753e-8,0.14386457154097212,0.1466827115472416,11.8676,45.31836,0.6697374699157662,0.17538534929270053
2024-07-11T00:00:00Z,6,6GW2,-0.4800000000000001,2.4384,3,11.067,5,11.547,RW,2.4607671824186753e-8,0.14386457154097212,0.1466827115472416,11.8676,45.31836,0.6697374699157662,0.17538534929270053
2024-07-29T00:00:00Z,6,6GW2,-0.09,2.4384,3,11.067,5,11.157,RW,4.587271840825663e-8,0.39363942495270354,0.3028582057164121,9.0963,35.99268,0.36239635103920204,0.09158712071337544
2024-08-30T00:00:00Z,6,6GW2,0.06,2.4384,3,11.067,5,11.007,RW,4.571132562087798e-6,0.7703122983191467,0.4870404945355345,29.8977,47.201429999999995,24.200586037697896,15.328812308849125
2024-10-04T00:00:00Z,6,6GW2,0.03,2.4384,3,11.067,5,11.037,RW,8.878591890731023e-6,0.6430978259813157,0.42756115791951943,1.57938,25.444498999999997,30.351118405554843,1.8839415697422541
2024-11-01T00:00:00Z,6,6GW2,-0.06000000000000005,2.4384,3,11.067,5,11.127,RW,1.755897263660677e-6,0.38770459180982497,0.300018529582514,8.5598,30.16413,11.803279837754399,3.3494655657302266
2024-12-09T00:00:00Z,6,6GW2,-0.8,2.4384,3,11.067,5,11.867,RW,3.7923178237144713e-7,0.10598227550817592,0.12035027251872718,23.7483,26.99201,8.344886919286514,7.342057076345626
2025-01-10T00:00:00Z,6,6GW2,-1.04,2.4384,3,11.067,5,12.107,RW,2.916339940596736e-7,0.09695128761875511,0.11303179197267516,13.5548,28.46216,7.397179587874215,3.522827848544081
2025-01-30T00:00:00Z,6,6GW2,0.035,2.4384,3,11.067,5,11.032,RW,8.911689923191822e-7,0.5137148256654509,0.366198964973688,14.8498,42.24889999999999,6.332382151219839,2.2257291543492106
2025-03-12T00:00:00Z,6,6GW2,0.05,2.4384,3,11.067,5,11.017,RW,2.883912242958028e-6,0.5806571645318075,0.398957458520978,18.8828,38.2691,16.42193175306144,8.10293560357334
2025-03-12T00:00:00Z,6,6GW2,0.05,2.4384,3,11.067,5,11.017,RW,2.883912242958028e-6,0.5806571645318075,0.398957458520978,18.8828,38.2691,16.42193175306144,8.10293560357334
2025-04-17T00:00:00Z,6,6GW2,-0.645,2.4384,3,11.067,5,11.712,RW,1.4726010958148254e-7,0.18102905628243296,0.1754634509269021,11.246,41.80339999999999,2.9380702800311704,0.7904031339372051
2024-04-18T00:00:00Z,6,6GW3,-1.42,7.9248,5,0.5219999999999985,3,1.9419999999999984,RW,7.242224992739373e-7,0.34439748691711713,0.27567169330142904,NA,NA,NA,NA
2024-05-08T00:00:00Z,6,6GW3,-1.07,7.9248,5,0.5219999999999985,3,1.5919999999999983,RW,1.3603328745302688e-7,0.10060731570066624,0.11398360768749512,NA,NA,NA,NA
2024-05-30T00:00:00Z,6,6GW3,-1.33,7.9248,5,0.5219999999999985,3,1.8519999999999983,RW,6.2428448190443565e-9,0.04024001526731052,0.05913853645889135,12.2191,73.86331000000001,0.9900723017421053,0.16378622163313497
2024-06-20T00:00:00Z,6,6GW3,-2.64,7.9248,5,0.5219999999999985,3,3.1619999999999986,RW,NA,NA,NA,NA,NA,NA,NA
2024-07-11T00:00:00Z,6,6GW3,-1.72,7.9248,5,0.5219999999999985,3,2.241999999999998,RW,2.4607671824186753e-8,0.14386457154097212,0.1466827115472416,27.559299999999997,68.63256000000001,1.0142864191961498,0.40728516774767604
2024-07-11T00:00:00Z,6,6GW3,-1.72,7.9248,5,0.5219999999999985,3,2.241999999999998,RW,2.4607671824186753e-8,0.14386457154097212,0.1466827115472416,27.559299999999997,68.63256000000001,1.0142864191961498,0.40728516774767604
2024-07-11T00:00:00Z,6,6GW3,-1.72,7.9248,5,0.5219999999999985,3,2.241999999999998,RW,2.4607671824186753e-8,0.14386457154097212,0.1466827115472416,27.559299999999997,68.63256000000001,1.0142864191961498,0.40728516774767604
2024-07-11T00:00:00Z,6,6GW3,-1.72,7.9248,5,0.5219999999999985,3,2.241999999999998,RW,2.4607671824186753e-8,0.14386457154097212,0.1466827115472416,27.559299999999997,68.63256000000001,1.0142864191961498,0.40728516774767604
2024-07-29T00:00:00Z,6,6GW3,-0.06,7.9248,5,0.5219999999999985,3,0.5819999999999985,RW,4.587271840825663e-8,0.39363942495270354,0.3028582057164121,14.002499999999998,48.30736,0.4863880931438589,0.14098574780834394
2024-08-30T00:00:00Z,6,6GW3,-0.51,7.9248,5,0.5219999999999985,3,1.0319999999999985,RW,4.571132562087798e-6,0.7703122983191467,0.4870404945355345,14.6426,30.79182,15.787235453826439,7.507389100618248
2024-08-30T00:00:00Z,6,6GW3,-0.51,7.9248,5,0.5219999999999985,3,1.0319999999999985,RW,4.571132562087798e-6,0.7703122983191467,0.4870404945355345,14.6426,30.79182,15.787235453826439,7.507389100618248
2024-08-30T00:00:00Z,6,6GW3,-0.51,7.9248,5,0.5219999999999985,3,1.0319999999999985,RW,4.571132562087798e-6,0.7703122983191467,0.4870404945355345,14.6426,67.85542000000001,34.79006737368183,7.507389100618248
2024-08-30T00:00:00Z,6,6GW3,-0.51,7.9248,5,0.5219999999999985,3,1.0319999999999985,RW,4.571132562087798e-6,0.7703122983191467,0.4870404945355345,14.6426,67.85542000000001,34.79006737368183,7.507389100618248
2024-08-30T00:00:00Z,6,6GW3,-0.51,7.9248,5,0.5219999999999985,3,1.0319999999999985,RW,4.571132562087798e-6,0.7703122983191467,0.4870404945355345,31.3777,30.79182,15.787235453826439,16.087621254590662
2024-08-30T00:00:00Z,6,6GW3,-0.51,7.9248,5,0.5219999999999985,3,1.0319999999999985,RW,4.571132562087798e-6,0.7703122983191467,0.4870404945355345,31.3777,30.79182,15.787235453826439,16.087621254590662
2024-08-30T00:00:00Z,6,6GW3,-0.51,7.9248,5,0.5219999999999985,3,1.0319999999999985,RW,4.571132562087798e-6,0.7703122983191467,0.4870404945355345,31.3777,67.85542000000001,34.79006737368183,16.087621254590662
2024-08-30T00:00:00Z,6,6GW3,-0.51,7.9248,5,0.5219999999999985,3,1.0319999999999985,RW,4.571132562087798e-6,0.7703122983191467,0.4870404945355345,31.3777,67.85542000000001,34.79006737368183,16.087621254590662
2024-08-30T00:00:00Z,6,6GW3,-0.51,7.9248,5,0.5219999999999985,3,1.0319999999999985,RW,4.571132562087798e-6,0.7703122983191467,0.4870404945355345,14.6426,30.79182,15.787235453826439,7.507389100618248
2024-08-30T00:00:00Z,6,6GW3,-0.51,7.9248,5,0.5219999999999985,3,1.0319999999999985,RW,4.571132562087798e-6,0.7703122983191467,0.4870404945355345,14.6426,30.79182,15.787235453826439,7.507389100618248
2024-08-30T00:00:00Z,6,6GW3,-0.51,7.9248,5,0.5219999999999985,3,1.0319999999999985,RW,4.571132562087798e-6,0.7703122983191467,0.4870404945355345,14.6426,67.85542000000001,34.79006737368183,7.507389100618248
2024-08-30T00:00:00Z,6,6GW3,-0.51,7.9248,5,0.5219999999999985,3,1.0319999999999985,RW,4.571132562087798e-6,0.7703122983191467,0.4870404945355345,14.6426,67.85542000000001,34.79006737368183,7.507389100618248
2024-08-30T00:00:00Z,6,6GW3,-0.51,7.9248,5,0.5219999999999985,3,1.0319999999999985,RW,4.571132562087798e-6,0.7703122983191467,0.4870404945355345,31.3777,30.79182,15.787235453826439,16.087621254590662
2024-08-30T00:00:00Z,6,6GW3,-0.51,7.9248,5,0.5219999999999985,3,1.0319999999999985,RW,4.571132562087798e-6,0.7703122983191467,0.4870404945355345,31.3777,30.79182,15.787235453826439,16.087621254590662
2024-08-30T00:00:00Z,6,6GW3,-0.51,7.9248,5,0.5219999999999985,3,1.0319999999999985,RW,4.571132562087798e-6,0.7703122983191467,0.4870404945355345,31.3777,67.85542000000001,34.79006737368183,16.087621254590662
2024-08-30T00:00:00Z,6,6GW3,-0.51,7.9248,5,0.5219999999999985,3,1.0319999999999985,RW,4.571132562087798e-6,0.7703122983191467,0.4870404945355345,31.3777,67.85542000000001,34.79006737368183,16.087621254590662
2024-10-04T00:00:00Z,6,6GW3,-1.345,7.9248,5,0.5219999999999985,3,1.8669999999999984,RW,8.878591890731023e-6,0.6430978259813157,0.42756115791951943,3.35501,45.22868999999999,53.950416768596384,4.001977235308133
2024-11-01T00:00:00Z,6,6GW3,-0.685,7.9248,5,0.5219999999999985,3,1.2069999999999983,RW,1.755897263660677e-6,0.38770459180982497,0.300018529582514,5.1299,48.75571,19.078199464675446,2.0073393543820526
2024-12-09T00:00:00Z,6,6GW3,-1.03,7.9248,5,0.5219999999999985,3,1.5519999999999985,RW,3.7923178237144713e-7,0.10598227550817592,0.12035027251872718,8.1898,42.51619999999999,13.144366841808713,2.531969827055217
2025-01-10T00:00:00Z,6,6GW3,-1.01,7.9248,5,0.5219999999999985,3,1.5319999999999985,RW,2.916339940596736e-7,0.09695128761875511,0.11303179197267516,10.5282,44.2388,11.497453051772942,2.736228948788753
2025-01-30T00:00:00Z,6,6GW3,-0.5100000000000001,7.9248,5,0.5219999999999985,3,1.0319999999999987,RW,8.911689923191822e-7,0.5137148256654509,0.366198964973688,11.7418,38.150299999999994,5.718072631090566,1.7598935059420033
2025-03-12T00:00:00Z,6,6GW3,0.32299999999999995,7.9248,5,0.5219999999999985,3,0.1989999999999985,RW,2.883912242958028e-6,0.5806571645318075,0.398957458520978,18.812499999999996,39.249199999999995,16.842509590302853,8.072768659426751
2025-03-12T00:00:00Z,6,6GW3,0.32299999999999995,7.9248,5,0.5219999999999985,3,0.1989999999999985,RW,2.883912242958028e-6,0.5806571645318075,0.398957458520978,18.812499999999996,39.249199999999995,16.842509590302853,8.072768659426751
2025-04-17T00:00:00Z,6,6GW3,-0.7899999999999999,7.9248,5,0.5219999999999985,3,1.3119999999999985,RW,1.4726010958148254e-7,0.18102905628243296,0.1754634509269021,14.2208,39.0413,2.7439414790132135,0.9994811388132852
2024-04-18T00:00:00Z,6,6GW4,0.36000000000000004,1.524,2,-0.3400000000000034,1,-0.7000000000000035,RW,7.242224992739373e-7,0.34439748691711713,0.27567169330142904,NA,NA,NA,NA
2024-05-08T00:00:00Z,6,6GW4,0.1200000000000001,1.524,2,-0.3400000000000034,1,-0.4600000000000035,RW,1.3603328745302688e-7,0.10060731570066624,0.11398360768749512,NA,NA,NA,NA
2024-05-30T00:00:00Z,6,6GW4,0.1100000000000001,1.524,2,-0.3400000000000034,1,-0.4500000000000035,RW,6.2428448190443565e-9,0.04024001526731052,0.05913853645889135,NA,NA,NA,NA
2024-06-20T00:00:00Z,6,6GW4,-1.1,1.524,2,-0.3400000000000034,1,0.7599999999999965,RW,NA,NA,NA,NA,NA,NA,NA
2024-07-11T00:00:00Z,6,6GW4,0.27,1.524,2,-0.3400000000000034,1,-0.6100000000000034,RW,2.4607671824186753e-8,0.14386457154097212,0.1466827115472416,16.166999999999998,73.50463,1.0862883150073066,0.23892404041382326
2024-07-11T00:00:00Z,6,6GW4,0.27,1.524,2,-0.3400000000000034,1,-0.6100000000000034,RW,2.4607671824186753e-8,0.14386457154097212,0.1466827115472416,16.166999999999998,73.50463,1.0862883150073066,0.23892404041382326
2024-07-11T00:00:00Z,6,6GW4,0.27,1.524,2,-0.3400000000000034,1,-0.6100000000000034,RW,2.4607671824186753e-8,0.14386457154097212,0.1466827115472416,16.166999999999998,73.50463,1.0862883150073066,0.23892404041382326
2024-07-11T00:00:00Z,6,6GW4,0.27,1.524,2,-0.3400000000000034,1,-0.6100000000000034,RW,2.4607671824186753e-8,0.14386457154097212,0.1466827115472416,16.166999999999998,73.50463,1.0862883150073066,0.23892404041382326
2024-07-29T00:00:00Z,6,6GW4,-0.5999999999999999,1.524,2,-0.3400000000000034,1,0.25999999999999646,RW,4.587271840825663e-8,0.39363942495270354,0.3028582057164121,11.283,45.31836,0.45629301010874795,0.11360415586656278
2024-08-30T00:00:00Z,6,6GW4,-0.04,1.524,2,-0.3400000000000034,1,-0.30000000000000343,RW,4.571132562087798e-6,0.7703122983191467,0.4870404945355345,33.290600000000005,52.64141,26.98971136787022,17.068381816961598
2024-08-30T00:00:00Z,6,6GW4,-0.04,1.524,2,-0.3400000000000034,1,-0.30000000000000343,RW,4.571132562087798e-6,0.7703122983191467,0.4870404945355345,33.290600000000005,52.64141,26.98971136787022,17.068381816961598
2024-08-30T00:00:00Z,6,6GW4,-0.04,1.524,2,-0.3400000000000034,1,-0.30000000000000343,RW,4.571132562087798e-6,0.7703122983191467,0.4870404945355345,33.290600000000005,51.35614,26.33074219645588,17.068381816961598
2024-08-30T00:00:00Z,6,6GW4,-0.04,1.524,2,-0.3400000000000034,1,-0.30000000000000343,RW,4.571132562087798e-6,0.7703122983191467,0.4870404945355345,33.290600000000005,51.35614,26.33074219645588,17.068381816961598
2024-08-30T00:00:00Z,6,6GW4,-0.04,1.524,2,-0.3400000000000034,1,-0.30000000000000343,RW,4.571132562087798e-6,0.7703122983191467,0.4870404945355345,31.2112,52.64141,26.98971136787022,16.002255248194736
2024-08-30T00:00:00Z,6,6GW4,-0.04,1.524,2,-0.3400000000000034,1,-0.30000000000000343,RW,4.571132562087798e-6,0.7703122983191467,0.4870404945355345,31.2112,52.64141,26.98971136787022,16.002255248194736
2024-08-30T00:00:00Z,6,6GW4,-0.04,1.524,2,-0.3400000000000034,1,-0.30000000000000343,RW,4.571132562087798e-6,0.7703122983191467,0.4870404945355345,31.2112,51.35614,26.33074219645588,16.002255248194736
2024-08-30T00:00:00Z,6,6GW4,-0.04,1.524,2,-0.3400000000000034,1,-0.30000000000000343,RW,4.571132562087798e-6,0.7703122983191467,0.4870404945355345,31.2112,51.35614,26.33074219645588,16.002255248194736
2024-08-30T00:00:00Z,6,6GW4,-0.04,1.524,2,-0.3400000000000034,1,-0.30000000000000343,RW,4.571132562087798e-6,0.7703122983191467,0.4870404945355345,33.290600000000005,52.64141,26.98971136787022,17.068381816961598
2024-08-30T00:00:00Z,6,6GW4,-0.04,1.524,2,-0.3400000000000034,1,-0.30000000000000343,RW,4.571132562087798e-6,0.7703122983191467,0.4870404945355345,33.290600000000005,52.64141,26.98971136787022,17.068381816961598
2024-08-30T00:00:00Z,6,6GW4,-0.04,1.524,2,-0.3400000000000034,1,-0.30000000000000343,RW,4.571132562087798e-6,0.7703122983191467,0.4870404945355345,33.290600000000005,51.35614,26.33074219645588,17.068381816961598
2024-08-30T00:00:00Z,6,6GW4,-0.04,1.524,2,-0.3400000000000034,1,-0.30000000000000343,RW,4.571132562087798e-6,0.7703122983191467,0.4870404945355345,33.290600000000005,51.35614,26.33074219645588,17.068381816961598
2024-08-30T00:00:00Z,6,6GW4,-0.04,1.524,2,-0.3400000000000034,1,-0.30000000000000343,RW,4.571132562087798e-6,0.7703122983191467,0.4870404945355345,31.2112,52.64141,26.98971136787022,16.002255248194736
2024-08-30T00:00:00Z,6,6GW4,-0.04,1.524,2,-0.3400000000000034,1,-0.30000000000000343,RW,4.571132562087798e-6,0.7703122983191467,0.4870404945355345,31.2112,52.64141,26.98971136787022,16.002255248194736
2024-08-30T00:00:00Z,6,6GW4,-0.04,1.524,2,-0.3400000000000034,1,-0.30000000000000343,RW,4.571132562087798e-6,0.7703122983191467,0.4870404945355345,31.2112,51.35614,26.33074219645588,16.002255248194736
2024-08-30T00:00:00Z,6,6GW4,-0.04,1.524,2,-0.3400000000000034,1,-0.30000000000000343,RW,4.571132562087798e-6,0.7703122983191467,0.4870404945355345,31.2112,51.35614,26.33074219645588,16.002255248194736
2024-10-04T00:00:00Z,6,6GW4,0,1.524,2,-0.3400000000000034,1,-0.3400000000000034,RW,8.878591890731023e-6,0.6430978259813157,0.42756115791951943,1.42879,24.90349,29.70578330905832,1.704312372850128
2024-11-01T00:00:00Z,6,6GW4,0.35400000000000004,1.524,2,-0.3400000000000034,1,-0.6940000000000035,RW,1.755897263660677e-6,0.38770459180982497,0.300018529582514,15.785899999999998,33.63137,13.160017260138389,6.1770518556579335
2024-12-09T00:00:00Z,6,6GW4,-0.46,1.524,2,-0.3400000000000034,1,0.1199999999999966,RW,3.7923178237144713e-7,0.10598227550817592,0.12035027251872718,13.3587,57.811699999999995,17.87314464953577,4.129994057081068
2025-01-10T00:00:00Z,6,6GW4,-0.46,1.524,2,-0.3400000000000034,1,0.1199999999999966,RW,2.916339940596736e-7,0.09695128761875511,0.11303179197267516,12.6779,57.455299999999994,14.932358344383886,3.2949257223313513
2025-01-30T00:00:00Z,6,6GW4,-0.115,1.524,2,-0.3400000000000034,1,-0.22500000000000345,RW,8.911689923191822e-7,0.5137148256654509,0.366198964973688,11.6493,40.88269999999999,6.1276123111767475,1.7460293497394082
2025-03-12T00:00:00Z,6,6GW4,-0.04999999999999999,1.524,2,-0.3400000000000034,1,-0.2900000000000034,RW,2.883912242958028e-6,0.5806571645318075,0.398957458520978,15.5935,42.7835,18.359138760961297,6.6914401642934775
2025-03-12T00:00:00Z,6,6GW4,-0.04999999999999999,1.524,2,-0.3400000000000034,1,-0.2900000000000034,RW,2.883912242958028e-6,0.5806571645318075,0.398957458520978,15.5935,42.7835,18.359138760961297,6.6914401642934775
2025-04-17T00:00:00Z,6,6GW4,-0.34,1.524,2,-0.3400000000000034,1,-3.3861802251067274e-15,RW,1.4726010958148254e-7,0.18102905628243296,0.1754634509269021,8.322999999999999,56.2376,3.9525498208346934,0.5849657908375738
2024-04-18T00:00:00Z,6,6GW5,-1.17,7.62,4,-3.325000000000003,0,-2.155000000000003,upland,7.242224992739373e-7,0.34439748691711713,0.27567169330142904,NA,NA,NA,NA
2024-05-08T00:00:00Z,6,6GW5,-0.8899999999999999,7.62,4,-3.325000000000003,0,-2.435000000000003,upland,1.3603328745302688e-7,0.10060731570066624,0.11398360768749512,45.064,100.91376,11.789075862371904,5.264524031826061
2024-05-30T00:00:00Z,6,6GW5,-1.16,7.62,4,-3.325000000000003,0,-2.1650000000000027,upland,6.2428448190443565e-9,0.04024001526731052,0.05913853645889135,NA,NA,NA,NA
2024-06-20T00:00:00Z,6,6GW5,-2.79,7.62,4,-3.325000000000003,0,-0.5350000000000028,upland,NA,NA,NA,NA,NA,NA,NA
2024-07-11T00:00:00Z,6,6GW5,-2.14,7.62,4,-3.325000000000003,0,-1.1850000000000027,upland,2.4607671824186753e-8,0.14386457154097212,0.1466827115472416,NA,NA,NA,NA
2024-07-29T00:00:00Z,6,6GW5,-1.5,7.62,4,-3.325000000000003,0,-1.8250000000000028,upland,4.587271840825663e-8,0.39363942495270354,0.3028582057164121,NA,NA,NA,NA
2024-08-30T00:00:00Z,6,6GW5,-0.98,7.62,4,-3.325000000000003,0,-2.345000000000003,upland,4.571132562087798e-6,0.7703122983191467,0.4870404945355345,NA,NA,NA,NA
2024-10-04T00:00:00Z,6,6GW5,-0.3999999999999999,7.62,4,-3.325000000000003,0,-2.925000000000003,upland,8.878591890731023e-6,0.6430978259813157,0.42756115791951943,2.32826,19.606982,23.387917060484565,2.7772327110436374
2024-11-01T00:00:00Z,6,6GW5,-1.3199999999999998,7.62,4,-3.325000000000003,0,-2.005000000000003,upland,1.755897263660677e-6,0.38770459180982497,0.300018529582514,4.2604,20.946053999999997,8.196229656174896,1.6671023968126661
2024-12-09T00:00:00Z,6,6GW5,-2.08,7.62,4,-3.325000000000003,0,-1.2450000000000028,upland,3.7923178237144713e-7,0.10598227550817592,0.12035027251872718,NA,NA,NA,NA
2025-01-30T00:00:00Z,6,6GW5,-1.2479999999999998,7.62,4,-3.325000000000003,0,-2.077000000000003,upland,8.911689923191822e-7,0.5137148256654509,0.366198964973688,NA,NA,NA,NA
2025-03-12T00:00:00Z,6,6GW5,-1.198,7.62,4,-3.325000000000003,0,-2.127000000000003,upland,2.883912242958028e-6,0.5806571645318075,0.398957458520978,6.4175,13.668589999999998,5.865428038301867,2.7538600862124216
2025-03-12T00:00:00Z,6,6GW5,-1.198,7.62,4,-3.325000000000003,0,-2.127000000000003,upland,2.883912242958028e-6,0.5806571645318075,0.398957458520978,6.4175,13.668589999999998,5.865428038301867,2.7538600862124216
2025-04-17T00:00:00Z,6,6GW5,-1.845,7.62,4,-3.325000000000003,0,-1.4800000000000029,upland,1.4726010958148254e-7,0.18102905628243296,0.1754634509269021,10.4616,20.83817,1.4645700581109948,0.735273112750975
NA,NA,9GW0,NA,0,NA,4.683,5,NA,stream,NA,NA,NA,NA,NA,NA,NA
2024-04-18T00:00:00Z,9,9GW1,-0.30500000000000005,0.3048,2,0,0,0.30500000000000005,RW,4.636318844522382e-7,2.0846650934396496,0.11420670371643764,NA,NA,NA,NA
2024-05-08T00:00:00Z,9,9GW1,-0.405,0.3048,2,0,0,0.405,RW,1.9283361199699532e-8,2.1419344584257596,0.01858250002214294,10.827899999999998,117.32337,0.09125881606449762,0.008422374284550244
2024-05-30T00:00:00Z,9,9GW1,-0.765,0.3048,2,0,0,0.765,RW,NA,NA,NA,6.1880999999999995,97.59597,NA,NA
2024-06-20T00:00:00Z,9,9GW1,-1.465,0.3048,2,0,0,1.465,RW,NA,NA,NA,NA,NA,NA,NA
2024-07-11T00:00:00Z,9,9GW1,-0.8849999999999999,0.3048,2,0,0,0.8849999999999999,RW,NA,NA,NA,NA,NA,NA,NA
2024-07-29T00:00:00Z,9,9GW1,-0.29500000000000004,0.3048,2,0,0,0.29500000000000004,RW,4.5599474586569365e-8,2.130801371634365,0.14969712289074938,12.9998,120.46182,0.22273067531098706,0.024036281644323237
2024-08-30T00:00:00Z,9,9GW1,-0.16000000000000003,0.3048,2,0,0,0.16000000000000003,RW,3.3575473669989688e-6,2.190609221247987,0.21987111959072383,33.7605,182.15478,24.121902153118878,4.470744482469085
2024-10-04T00:00:00Z,9,9GW1,-0.7899999999999999,0.3048,2,0,0,0.7899999999999999,RW,4.676073163270091e-6,2.170095883898823,0.19368252554686924,NA,NA,NA,NA
2024-11-01T00:00:00Z,9,9GW1,-0.29300000000000004,0.3048,2,0,0,0.29300000000000004,RW,1.6422167389737985e-6,2.115581509414879,0.14022503226824634,9.1259,120.43193,8.077111920692879,0.6120545911458128
2024-11-01T00:00:00Z,9,9GW1,-0.29300000000000004,0.3048,2,0,0,0.29300000000000004,RW,1.6422167389737985e-6,2.115581509414879,0.14022503226824634,9.1259,120.43193,8.077111920692879,0.6120545911458128
2024-11-01T00:00:00Z,9,9GW1,-0.29300000000000004,0.3048,2,0,0,0.29300000000000004,RW,1.6422167389737985e-6,2.115581509414879,0.14022503226824634,9.1259,129.66794,8.69655135399465,0.6120545911458128
2024-11-01T00:00:00Z,9,9GW1,-0.29300000000000004,0.3048,2,0,0,0.29300000000000004,RW,1.6422167389737985e-6,2.115581509414879,0.14022503226824634,9.1259,129.66794,8.69655135399465,0.6120545911458128
2024-11-01T00:00:00Z,9,9GW1,-0.29300000000000004,0.3048,2,0,0,0.29300000000000004,RW,1.6422167389737985e-6,2.115581509414879,0.14022503226824634,1.73996,120.43193,8.077111920692879,0.11669539512925503
2024-11-01T00:00:00Z,9,9GW1,-0.29300000000000004,0.3048,2,0,0,0.29300000000000004,RW,1.6422167389737985e-6,2.115581509414879,0.14022503226824634,1.73996,120.43193,8.077111920692879,0.11669539512925503
2024-11-01T00:00:00Z,9,9GW1,-0.29300000000000004,0.3048,2,0,0,0.29300000000000004,RW,1.6422167389737985e-6,2.115581509414879,0.14022503226824634,1.73996,129.66794,8.69655135399465,0.11669539512925503
2024-11-01T00:00:00Z,9,9GW1,-0.29300000000000004,0.3048,2,0,0,0.29300000000000004,RW,1.6422167389737985e-6,2.115581509414879,0.14022503226824634,1.73996,129.66794,8.69655135399465,0.11669539512925503
2024-11-01T00:00:00Z,9,9GW1,-0.29300000000000004,0.3048,2,0,0,0.29300000000000004,RW,1.6422167389737985e-6,2.115581509414879,0.14022503226824634,9.1259,120.43193,8.077111920692879,0.6120545911458128
2024-11-01T00:00:00Z,9,9GW1,-0.29300000000000004,0.3048,2,0,0,0.29300000000000004,RW,1.6422167389737985e-6,2.115581509414879,0.14022503226824634,9.1259,120.43193,8.077111920692879,0.6120545911458128
2024-11-01T00:00:00Z,9,9GW1,-0.29300000000000004,0.3048,2,0,0,0.29300000000000004,RW,1.6422167389737985e-6,2.115581509414879,0.14022503226824634,9.1259,129.66794,8.69655135399465,0.6120545911458128
2024-11-01T00:00:00Z,9,9GW1,-0.29300000000000004,0.3048,2,0,0,0.29300000000000004,RW,1.6422167389737985e-6,2.115581509414879,0.14022503226824634,9.1259,129.66794,8.69655135399465,0.6120545911458128
2024-11-01T00:00:00Z,9,9GW1,-0.29300000000000004,0.3048,2,0,0,0.29300000000000004,RW,1.6422167389737985e-6,2.115581509414879,0.14022503226824634,1.73996,120.43193,8.077111920692879,0.11669539512925503
2024-11-01T00:00:00Z,9,9GW1,-0.29300000000000004,0.3048,2,0,0,0.29300000000000004,RW,1.6422167389737985e-6,2.115581509414879,0.14022503226824634,1.73996,120.43193,8.077111920692879,0.11669539512925503
2024-11-01T00:00:00Z,9,9GW1,-0.29300000000000004,0.3048,2,0,0,0.29300000000000004,RW,1.6422167389737985e-6,2.115581509414879,0.14022503226824634,1.73996,129.66794,8.69655135399465,0.11669539512925503
2024-11-01T00:00:00Z,9,9GW1,-0.29300000000000004,0.3048,2,0,0,0.29300000000000004,RW,1.6422167389737985e-6,2.115581509414879,0.14022503226824634,1.73996,129.66794,8.69655135399465,0.11669539512925503
2024-12-09T00:00:00Z,9,9GW1,-0.38,0.3048,2,0,0,0.38,RW,3.139182957509885e-7,1.915186434068563,0.03835342700988441,11.3496,95.3525,1.3503656986779395,0.16073108239128645
2025-01-10T00:00:00Z,9,9GW1,-0.33999999999999997,0.3048,2,0,0,0.33999999999999997,RW,3.486105369574402e-7,1.925427546596228,0.04147398249341964,10.2618,90.8678,1.421467991963946,0.1605279344271086
2025-01-30T00:00:00Z,9,9GW1,-0.29000000000000004,0.3048,2,0,0,0.29000000000000004,RW,6.946583343366665e-7,2.1441526190646405,0.16728843866778642,15.3567,102.3617,2.865278151594262,0.42986016244931075
2025-03-12T00:00:00Z,9,9GW1,-0.148,0.3048,2,0,0,0.148,RW,2.283457084000187e-6,2.2123464589977053,0.24798841067379107,13.7731,107.4404,9.581225754554879,1.2282454313280646
2025-03-12T00:00:00Z,9,9GW1,-0.148,0.3048,2,0,0,0.148,RW,2.283457084000187e-6,2.2123464589977053,0.24798841067379107,13.7731,107.4404,9.581225754554879,1.2282454313280646
2025-04-17T00:00:00Z,9,9GW1,-0.41,0.3048,2,0,0,0.41,RW,2.8212950152285883e-8,1.995821976242684,0.06081966512417856,6.4212,57.84139999999999,0.07064464380942155,0.007842538161750194
2024-04-18T00:00:00Z,9,9GW2,-0.83,1.524,3,3.4299999999999997,4,4.26,RW,4.636318844522382e-7,2.0846650934396496,0.11420670371643764,NA,NA,NA,NA
2024-05-08T00:00:00Z,9,9GW2,-0.93,1.524,3,3.4299999999999997,4,4.359999999999999,RW,1.9283361199699532e-8,2.1419344584257596,0.01858250002214294,30.3195,119.74446,0.09314203683275203,0.023583721416010603
2024-05-30T00:00:00Z,9,9GW2,-1.24,1.524,3,3.4299999999999997,4,4.67,RW,NA,NA,NA,NA,NA,NA,NA
2024-06-20T00:00:00Z,9,9GW2,-2.18,1.524,3,3.4299999999999997,4,5.609999999999999,RW,NA,NA,NA,15.560199999999998,103.15551,NA,NA
2024-06-20T00:00:00Z,9,9GW2,-2.18,1.524,3,3.4299999999999997,4,5.609999999999999,RW,NA,NA,NA,15.560199999999998,103.15551,NA,NA
2024-06-20T00:00:00Z,9,9GW2,-2.18,1.524,3,3.4299999999999997,4,5.609999999999999,RW,NA,NA,NA,15.560199999999998,103.15551,NA,NA
2024-06-20T00:00:00Z,9,9GW2,-2.18,1.524,3,3.4299999999999997,4,5.609999999999999,RW,NA,NA,NA,15.560199999999998,103.15551,NA,NA
2024-07-11T00:00:00Z,9,9GW2,-1.98,1.524,3,3.4299999999999997,4,5.41,RW,NA,NA,NA,32.3286,101.12299000000002,NA,NA
2024-07-11T00:00:00Z,9,9GW2,-1.98,1.524,3,3.4299999999999997,4,5.41,RW,NA,NA,NA,32.3286,101.12299000000002,NA,NA
2024-07-11T00:00:00Z,9,9GW2,-1.98,1.524,3,3.4299999999999997,4,5.41,RW,NA,NA,NA,32.3286,101.12299000000002,NA,NA
2024-07-11T00:00:00Z,9,9GW2,-1.98,1.524,3,3.4299999999999997,4,5.41,RW,NA,NA,NA,32.3286,101.12299000000002,NA,NA
2024-07-29T00:00:00Z,9,9GW2,-0.59,1.524,3,3.4299999999999997,4,4.02,RW,4.5599474586569365e-8,2.130801371634365,0.14969712289074938,14.157899999999998,105.54671,0.19515303683069798,0.026177577492897112
2024-08-30T00:00:00Z,9,9GW2,-0.4,1.524,3,3.4299999999999997,4,3.83,RW,3.3575473669989688e-6,2.190609221247987,0.21987111959072383,46.026,138.84417,18.386481448749265,6.095007051143262
2024-10-04T00:00:00Z,9,9GW2,-1.17,1.524,3,3.4299999999999997,4,4.6,RW,4.676073163270091e-6,2.170095883898823,0.19368252554686924,NA,NA,NA,NA
2024-11-01T00:00:00Z,9,9GW2,-0.556,1.524,3,3.4299999999999997,4,3.986,RW,1.6422167389737985e-6,2.115581509414879,0.14022503226824634,16.6332,109.67153,7.355434911020914,1.1155531427526637
2024-11-01T00:00:00Z,9,9GW2,-0.556,1.524,3,3.4299999999999997,4,3.986,RW,1.6422167389737985e-6,2.115581509414879,0.14022503226824634,16.6332,109.67153,7.355434911020914,1.1155531427526637
2024-11-01T00:00:00Z,9,9GW2,-0.556,1.524,3,3.4299999999999997,4,3.986,RW,1.6422167389737985e-6,2.115581509414879,0.14022503226824634,16.6332,95.26455,6.389189581404557,1.1155531427526637
2024-11-01T00:00:00Z,9,9GW2,-0.556,1.524,3,3.4299999999999997,4,3.986,RW,1.6422167389737985e-6,2.115581509414879,0.14022503226824634,16.6332,95.26455,6.389189581404557,1.1155531427526637
2024-11-01T00:00:00Z,9,9GW2,-0.556,1.524,3,3.4299999999999997,4,3.986,RW,1.6422167389737985e-6,2.115581509414879,0.14022503226824634,1.53572,109.67153,7.355434911020914,0.10299745523339592
2024-11-01T00:00:00Z,9,9GW2,-0.556,1.524,3,3.4299999999999997,4,3.986,RW,1.6422167389737985e-6,2.115581509414879,0.14022503226824634,1.53572,109.67153,7.355434911020914,0.10299745523339592
2024-11-01T00:00:00Z,9,9GW2,-0.556,1.524,3,3.4299999999999997,4,3.986,RW,1.6422167389737985e-6,2.115581509414879,0.14022503226824634,1.53572,95.26455,6.389189581404557,0.10299745523339592
2024-11-01T00:00:00Z,9,9GW2,-0.556,1.524,3,3.4299999999999997,4,3.986,RW,1.6422167389737985e-6,2.115581509414879,0.14022503226824634,1.53572,95.26455,6.389189581404557,0.10299745523339592
2024-11-01T00:00:00Z,9,9GW2,-0.556,1.524,3,3.4299999999999997,4,3.986,RW,1.6422167389737985e-6,2.115581509414879,0.14022503226824634,16.6332,109.67153,7.355434911020914,1.1155531427526637
2024-11-01T00:00:00Z,9,9GW2,-0.556,1.524,3,3.4299999999999997,4,3.986,RW,1.6422167389737985e-6,2.115581509414879,0.14022503226824634,16.6332,109.67153,7.355434911020914,1.1155531427526637
2024-11-01T00:00:00Z,9,9GW2,-0.556,1.524,3,3.4299999999999997,4,3.986,RW,1.6422167389737985e-6,2.115581509414879,0.14022503226824634,16.6332,95.26455,6.389189581404557,1.1155531427526637
2024-11-01T00:00:00Z,9,9GW2,-0.556,1.524,3,3.4299999999999997,4,3.986,RW,1.6422167389737985e-6,2.115581509414879,0.14022503226824634,16.6332,95.26455,6.389189581404557,1.1155531427526637
2024-11-01T00:00:00Z,9,9GW2,-0.556,1.524,3,3.4299999999999997,4,3.986,RW,1.6422167389737985e-6,2.115581509414879,0.14022503226824634,1.53572,109.67153,7.355434911020914,0.10299745523339592
2024-11-01T00:00:00Z,9,9GW2,-0.556,1.524,3,3.4299999999999997,4,3.986,RW,1.6422167389737985e-6,2.115581509414879,0.14022503226824634,1.53572,109.67153,7.355434911020914,0.10299745523339592
2024-11-01T00:00:00Z,9,9GW2,-0.556,1.524,3,3.4299999999999997,4,3.986,RW,1.6422167389737985e-6,2.115581509414879,0.14022503226824634,1.53572,95.26455,6.389189581404557,0.10299745523339592
2024-11-01T00:00:00Z,9,9GW2,-0.556,1.524,3,3.4299999999999997,4,3.986,RW,1.6422167389737985e-6,2.115581509414879,0.14022503226824634,1.53572,95.26455,6.389189581404557,0.10299745523339592
2024-12-09T00:00:00Z,9,9GW2,-0.65,1.524,3,3.4299999999999997,4,4.08,RW,3.139182957509885e-7,1.915186434068563,0.03835342700988441,21.1361,97.7285,1.3840142018641042,0.299325811529082
2025-01-10T00:00:00Z,9,9GW2,-0.65,1.524,3,3.4299999999999997,4,4.08,RW,3.486105369574402e-7,1.925427546596228,0.04147398249341964,NA,NA,NA,NA
2025-01-30T00:00:00Z,9,9GW2,-0.5,1.524,3,3.4299999999999997,4,3.93,RW,6.946583343366665e-7,2.1441526190646405,0.16728843866778642,22.5384,91.937,2.573473060950743,0.6308881651232063
2025-03-12T00:00:00Z,9,9GW2,-0.382,1.524,3,3.4299999999999997,4,3.812,RW,2.283457084000187e-6,2.2123464589977053,0.24798841067379107,21.754,112.8161,10.060615214094874,1.9399591314308853
2025-03-12T00:00:00Z,9,9GW2,-0.382,1.524,3,3.4299999999999997,4,3.812,RW,2.283457084000187e-6,2.2123464589977053,0.24798841067379107,21.754,112.8161,10.060615214094874,1.9399591314308853
2025-04-17T00:00:00Z,9,9GW2,-0.665,1.524,3,3.4299999999999997,4,4.095,RW,2.8212950152285883e-8,1.995821976242684,0.06081966512417856,21.8687,77.9186,0.09516594935684121,0.026709355618555176
2024-04-18T00:00:00Z,9,9GW3,-1.41,4.2672,4,0.3539999999999992,1,1.7639999999999991,RW,4.636318844522382e-7,2.0846650934396496,0.11420670371643764,NA,NA,NA,NA
2024-05-08T00:00:00Z,9,9GW3,-0.7699999999999999,4.2672,4,0.3539999999999992,1,1.1239999999999992,RW,1.9283361199699532e-8,2.1419344584257596,0.01858250002214294,36.4393,111.22581,0.08651588968519026,0.02834394695804466
2024-05-30T00:00:00Z,9,9GW3,-0.96,4.2672,4,0.3539999999999992,1,1.3139999999999992,RW,NA,NA,NA,26.8119,101.78057,NA,NA
2024-06-20T00:00:00Z,9,9GW3,-2.19,4.2672,4,0.3539999999999992,1,2.543999999999999,RW,NA,NA,NA,NA,NA,NA,NA
2024-07-11T00:00:00Z,9,9GW3,-2.18,4.2672,4,0.3539999999999992,1,2.5339999999999994,RW,NA,NA,NA,26.7305,79.99076,NA,NA
2024-07-11T00:00:00Z,9,9GW3,-2.18,4.2672,4,0.3539999999999992,1,2.5339999999999994,RW,NA,NA,NA,26.7305,79.99076,NA,NA
2024-07-11T00:00:00Z,9,9GW3,-2.18,4.2672,4,0.3539999999999992,1,2.5339999999999994,RW,NA,NA,NA,26.7305,79.99076,NA,NA
2024-07-11T00:00:00Z,9,9GW3,-2.18,4.2672,4,0.3539999999999992,1,2.5339999999999994,RW,NA,NA,NA,26.7305,79.99076,NA,NA
2024-07-29T00:00:00Z,9,9GW3,0.77,4.2672,4,0.3539999999999992,1,-0.4160000000000008,RW,4.5599474586569365e-8,2.130801371634365,0.14969712289074938,25.194999999999997,89.31644000000001,0.16514370277298865,0.046584879461893554
2024-08-30T00:00:00Z,9,9GW3,-0.39,4.2672,4,0.3539999999999992,1,0.7439999999999992,RW,3.3575473669989688e-6,2.190609221247987,0.21987111959072383,NA,NA,NA,NA
2024-10-04T00:00:00Z,9,9GW3,-1.29,4.2672,4,0.3539999999999992,1,1.6439999999999992,RW,4.676073163270091e-6,2.170095883898823,0.19368252554686924,1.404,101.00343,18.80408645459499,0.26138654283573703
2024-11-01T00:00:00Z,9,9GW3,-0.64,4.2672,4,0.3539999999999992,1,0.9939999999999992,RW,1.6422167389737985e-6,2.115581509414879,0.14022503226824634,14.183799999999998,91.55819,6.140611944739769,0.9512771244363821
2024-11-01T00:00:00Z,9,9GW3,-0.64,4.2672,4,0.3539999999999992,1,0.9939999999999992,RW,1.6422167389737985e-6,2.115581509414879,0.14022503226824634,14.183799999999998,81.18560000000001,5.444944522176171,0.9512771244363821
2024-12-09T00:00:00Z,9,9GW3,-0.7799999999999999,4.2672,4,0.3539999999999992,1,1.133999999999999,RW,3.139182957509885e-7,1.915186434068563,0.03835342700988441,38.293,66.1574,0.9369097157779387,0.542298877318102
2025-01-10T00:00:00Z,9,9GW3,-0.84,4.2672,4,0.3539999999999992,1,1.193999999999999,RW,3.486105369574402e-7,1.925427546596228,0.04147398249341964,51.428,81.5717,1.276046747033442,0.8045012192517238
2025-01-30T00:00:00Z,9,9GW3,-0.585,4.2672,4,0.3539999999999992,1,0.9389999999999992,RW,6.946583343366665e-7,2.1441526190646405,0.16728843866778642,27.433499999999995,92.2637,2.5826179498313095,0.7679103431435895
2025-03-12T00:00:00Z,9,9GW3,0.361,4.2672,4,0.3539999999999992,1,-0.00700000000000083,RW,2.283457084000187e-6,2.2123464589977053,0.24798841067379107,14.8794,84.6308,7.547131252197341,1.326902082385433
2025-03-12T00:00:00Z,9,9GW3,0.361,4.2672,4,0.3539999999999992,1,-0.00700000000000083,RW,2.283457084000187e-6,2.2123464589977053,0.24798841067379107,14.8794,84.6308,7.547131252197341,1.326902082385433
2025-04-17T00:00:00Z,9,9GW3,-0.635,4.2672,4,0.3539999999999992,1,0.9889999999999992,RW,2.8212950152285883e-8,1.995821976242684,0.06081966512417856,33.6865,79.55210000000001,0.0971610259916165,0.04114303584778514
2024-04-18T00:00:00Z,9,9GW4,-0.815,0.3,1,0.42600000000000193,2,1.241000000000002,RW,4.636318844522382e-7,2.0846650934396496,0.11420670371643764,NA,NA,NA,NA
2024-05-08T00:00:00Z,9,9GW4,-0.995,0.3,1,0.42600000000000193,2,1.421000000000002,RW,1.9283361199699532e-8,2.1419344584257596,0.01858250002214294,38.33,75.41759,0.05866282202631663,0.02981460914182906
2024-05-30T00:00:00Z,9,9GW4,-1.155,0.3,1,0.42600000000000193,2,1.581000000000002,RW,NA,NA,NA,26.4641,83.27866,NA,NA
2024-06-20T00:00:00Z,9,9GW4,-2.005,0.3,1,0.42600000000000193,2,2.431000000000002,RW,NA,NA,NA,NA,NA,NA,NA
2024-07-11T00:00:00Z,9,9GW4,-1.245,0.3,1,0.42600000000000193,2,1.671000000000002,RW,NA,NA,NA,NA,NA,NA,NA
2024-07-29T00:00:00Z,9,9GW4,-1.035,0.3,1,0.42600000000000193,2,1.461000000000002,RW,4.5599474586569365e-8,2.130801371634365,0.14969712289074938,NA,NA,NA,NA
2024-08-30T00:00:00Z,9,9GW4,NA,0.3,1,0.42600000000000193,2,NA,RW,3.3575473669989688e-6,2.190609221247987,0.21987111959072383,NA,NA,NA,NA
2024-10-04T00:00:00Z,9,9GW4,-1.455,0.3,1,0.42600000000000193,2,1.881000000000002,RW,4.676073163270091e-6,2.170095883898823,0.19368252554686924,NA,NA,NA,NA
2024-11-01T00:00:00Z,9,9GW4,-0.835,0.3,1,0.42600000000000193,2,1.261000000000002,RW,1.6422167389737985e-6,2.115581509414879,0.14022503226824634,12.5151,70.18684,4.707281217196834,0.839360985069852
2024-11-01T00:00:00Z,9,9GW4,-0.835,0.3,1,0.42600000000000193,2,1.261000000000002,RW,1.6422167389737985e-6,2.115581509414879,0.14022503226824634,12.5151,70.18684,4.707281217196834,0.839360985069852
2024-11-01T00:00:00Z,9,9GW4,-0.835,0.3,1,0.42600000000000193,2,1.261000000000002,RW,1.6422167389737985e-6,2.115581509414879,0.14022503226824634,12.5151,50.63878,3.3962346496260927,0.839360985069852
2024-11-01T00:00:00Z,9,9GW4,-0.835,0.3,1,0.42600000000000193,2,1.261000000000002,RW,1.6422167389737985e-6,2.115581509414879,0.14022503226824634,12.5151,50.63878,3.3962346496260927,0.839360985069852
2024-11-01T00:00:00Z,9,9GW4,-0.835,0.3,1,0.42600000000000193,2,1.261000000000002,RW,1.6422167389737985e-6,2.115581509414879,0.14022503226824634,12.5151,61.82119999999999,4.146215637925413,0.839360985069852
2024-11-01T00:00:00Z,9,9GW4,-0.835,0.3,1,0.42600000000000193,2,1.261000000000002,RW,1.6422167389737985e-6,2.115581509414879,0.14022503226824634,2.91767,70.18684,4.707281217196834,0.19568188550700796
2024-11-01T00:00:00Z,9,9GW4,-0.835,0.3,1,0.42600000000000193,2,1.261000000000002,RW,1.6422167389737985e-6,2.115581509414879,0.14022503226824634,2.91767,70.18684,4.707281217196834,0.19568188550700796
2024-11-01T00:00:00Z,9,9GW4,-0.835,0.3,1,0.42600000000000193,2,1.261000000000002,RW,1.6422167389737985e-6,2.115581509414879,0.14022503226824634,2.91767,50.63878,3.3962346496260927,0.19568188550700796
2024-11-01T00:00:00Z,9,9GW4,-0.835,0.3,1,0.42600000000000193,2,1.261000000000002,RW,1.6422167389737985e-6,2.115581509414879,0.14022503226824634,2.91767,50.63878,3.3962346496260927,0.19568188550700796
2024-11-01T00:00:00Z,9,9GW4,-0.835,0.3,1,0.42600000000000193,2,1.261000000000002,RW,1.6422167389737985e-6,2.115581509414879,0.14022503226824634,2.91767,61.82119999999999,4.146215637925413,0.19568188550700796
2024-11-01T00:00:00Z,9,9GW4,-0.835,0.3,1,0.42600000000000193,2,1.261000000000002,RW,1.6422167389737985e-6,2.115581509414879,0.14022503226824634,12.5151,70.18684,4.707281217196834,0.839360985069852
2024-11-01T00:00:00Z,9,9GW4,-0.835,0.3,1,0.42600000000000193,2,1.261000000000002,RW,1.6422167389737985e-6,2.115581509414879,0.14022503226824634,12.5151,70.18684,4.707281217196834,0.839360985069852
2024-11-01T00:00:00Z,9,9GW4,-0.835,0.3,1,0.42600000000000193,2,1.261000000000002,RW,1.6422167389737985e-6,2.115581509414879,0.14022503226824634,12.5151,50.63878,3.3962346496260927,0.839360985069852
2024-11-01T00:00:00Z,9,9GW4,-0.835,0.3,1,0.42600000000000193,2,1.261000000000002,RW,1.6422167389737985e-6,2.115581509414879,0.14022503226824634,12.5151,50.63878,3.3962346496260927,0.839360985069852
2024-11-01T00:00:00Z,9,9GW4,-0.835,0.3,1,0.42600000000000193,2,1.261000000000002,RW,1.6422167389737985e-6,2.115581509414879,0.14022503226824634,12.5151,61.82119999999999,4.146215637925413,0.839360985069852
2024-11-01T00:00:00Z,9,9GW4,-0.835,0.3,1,0.42600000000000193,2,1.261000000000002,RW,1.6422167389737985e-6,2.115581509414879,0.14022503226824634,2.91767,70.18684,4.707281217196834,0.19568188550700796
2024-11-01T00:00:00Z,9,9GW4,-0.835,0.3,1,0.42600000000000193,2,1.261000000000002,RW,1.6422167389737985e-6,2.115581509414879,0.14022503226824634,2.91767,70.18684,4.707281217196834,0.19568188550700796
2024-11-01T00:00:00Z,9,9GW4,-0.835,0.3,1,0.42600000000000193,2,1.261000000000002,RW,1.6422167389737985e-6,2.115581509414879,0.14022503226824634,2.91767,50.63878,3.3962346496260927,0.19568188550700796
2024-11-01T00:00:00Z,9,9GW4,-0.835,0.3,1,0.42600000000000193,2,1.261000000000002,RW,1.6422167389737985e-6,2.115581509414879,0.14022503226824634,2.91767,50.63878,3.3962346496260927,0.19568188550700796
2024-11-01T00:00:00Z,9,9GW4,-0.835,0.3,1,0.42600000000000193,2,1.261000000000002,RW,1.6422167389737985e-6,2.115581509414879,0.14022503226824634,2.91767,61.82119999999999,4.146215637925413,0.19568188550700796
2024-12-09T00:00:00Z,9,9GW4,-0.96,0.3,1,0.42600000000000193,2,1.386000000000002,RW,3.139182957509885e-7,1.915186434068563,0.03835342700988441,32.572799999999994,55.37629999999999,0.7842296325707155,0.4612903891339689
2025-01-10T00:00:00Z,9,9GW4,-1.09,0.3,1,0.42600000000000193,2,1.5160000000000018,RW,3.486105369574402e-7,1.925427546596228,0.04147398249341964,35.0999,62.38549999999999,0.9759121648446064,0.549076618682694
2025-01-30T00:00:00Z,9,9GW4,-0.72,0.3,1,0.42600000000000193,2,1.146000000000002,RW,6.946583343366665e-7,2.1441526190646405,0.16728843866778642,NA,41.3876,1.1585093450667847,NA
2025-03-12T00:00:00Z,9,9GW4,0.10100000000000003,0.3,1,0.42600000000000193,2,0.3250000000000019,RW,2.283457084000187e-6,2.2123464589977053,0.24798841067379107,20.496,30.2204,2.694968324698626,1.827774310830533
2025-03-12T00:00:00Z,9,9GW4,0.10100000000000003,0.3,1,0.42600000000000193,2,0.3250000000000019,RW,2.283457084000187e-6,2.2123464589977053,0.24798841067379107,20.496,30.2204,2.694968324698626,1.827774310830533
2025-04-17T00:00:00Z,9,9GW4,-1,0.3,1,0.42600000000000193,2,1.426000000000002,RW,2.8212950152285883e-8,1.995821976242684,0.06081966512417856,34.7558,63.6923,0.07779064557398026,0.04244902632563344
2024-12-09T00:00:00Z,9,9GW5,-1.3,20,5,1.267000000000003,3,2.567000000000003,upland,3.139182957509885e-7,1.915186434068563,0.03835342700988441,12.2672,29.8343,0.4225082233194436,0.1737259757093104
2025-01-10T00:00:00Z,9,9GW5,-1.44,20,5,1.267000000000003,3,2.707000000000003,upland,3.486105369574402e-7,1.925427546596228,0.04147398249341964,37.405,27.83549,0.43543761459650715,0.5851358813508349
2025-01-30T00:00:00Z,9,9GW5,-0.79,20,5,1.267000000000003,3,2.057000000000003,upland,6.946583343366665e-7,2.1441526190646405,0.16728843866778642,17.9245,23.90618,0.6691746546030373,0.5017372535650673
2025-03-12T00:00:00Z,9,9GW5,-0.16300000000000003,20,5,1.267000000000003,3,1.430000000000003,upland,2.283457084000187e-6,2.2123464589977053,0.24798841067379107,22.5421,20.04518,1.7875714802875675,2.0102396219834584
2025-03-12T00:00:00Z,9,9GW5,-0.16300000000000003,20,5,1.267000000000003,3,1.430000000000003,upland,2.283457084000187e-6,2.2123464589977053,0.24798841067379107,22.5421,20.04518,1.7875714802875675,2.0102396219834584
2025-04-17T00:00:00Z,9,9GW5,NA,20,5,1.267000000000003,3,NA,upland,2.8212950152285883e-8,1.995821976242684,0.06081966512417856,NA,NA,NA,NA
